term,source,category
(4-(m-chlorophenylcarbamoyloxy)-2-butynyl)trimethylammonium chloride,MeSH descriptor XML,Medication
"1,2-dihydroxybenzene-3,5-disulfonic acid disodium salt",MeSH descriptor XML,Medication
"1,2-dimethylhydrazine",MeSH descriptor XML,Medication
1-(5-isoquinolinesulfonyl)-2-methylpiperazine,MeSH descriptor XML,Medication
1-deoxynojirimycin,MeSH descriptor XML,Medication
1-methyl-3-isobutylxanthine,MeSH descriptor XML,Medication
"1-methyl-4-phenyl-1,2,3,6-tetrahydropyridine",MeSH descriptor XML,Medication
1-methyl-4-phenylpyridinium,MeSH descriptor XML,Medication
1-naphthylamine,MeSH descriptor XML,Medication
1-octanol,MeSH descriptor XML,Medication
1-sarcosine-8-isoleucine angiotensin ii,MeSH descriptor XML,Medication
"15-hydroxy-11 alpha,9 alpha-(epoxymethano)prosta-5,13-dienoic acid",MeSH descriptor XML,Medication
"16,16-dimethylprostaglandin e2",MeSH descriptor XML,Medication
17 alpha-hydroxyprogesterone caproate,MeSH descriptor XML,Medication
"2,2'-dipyridyl",MeSH descriptor XML,Medication
"2,3,4,5-tetrahydro-7,8-dihydroxy-1-phenyl-1h-3-benzazepine",MeSH descriptor XML,Medication
"2,4,5-trichlorophenoxyacetic acid",MeSH descriptor XML,Medication
"2,4-dichlorophenoxyacetic acid",MeSH descriptor XML,Medication
"2,4-dinitrophenol",MeSH descriptor XML,Medication
"2,6-dichloroindophenol",MeSH descriptor XML,Medication
2-acetylaminofluorene,MeSH descriptor XML,Medication
2-amino-5-phosphonovalerate,MeSH descriptor XML,Medication
2-aminoadipic acid,MeSH descriptor XML,Medication
2-aminopurine,MeSH descriptor XML,Medication
2-hydroxy-5-nitrobenzyl bromide,MeSH descriptor XML,Medication
2-hydroxypropyl-beta-cyclodextrin,MeSH descriptor XML,Medication
2-methoxyestradiol,MeSH descriptor XML,Medication
2-methyl-4-chlorophenoxyacetic acid,MeSH descriptor XML,Medication
2-naphthylamine,MeSH descriptor XML,Medication
2-propanol,MeSH descriptor XML,Medication
20-alpha-dihydroprogesterone,MeSH descriptor XML,Medication
"24,25-dihydroxyvitamin d 3",MeSH descriptor XML,Medication
25-hydroxyvitamin d 2,MeSH descriptor XML,Medication
"3,3'-dichlorobenzidine",MeSH descriptor XML,Medication
"3,4-dichloro-n-methyl-n-(2-(1-pyrrolidinyl)-cyclohexyl)-benzeneacetamide, (trans)-isomer",MeSH descriptor XML,Medication
"3,4-methylenedioxyamphetamine",MeSH descriptor XML,Medication
3-deazauridine,MeSH descriptor XML,Medication
3-hydroxyanthranilic acid,MeSH descriptor XML,Medication
3-iodobenzylguanidine,MeSH descriptor XML,Medication
3-mercaptopropionic acid,MeSH descriptor XML,Medication
"3-pyridinecarboxylic acid, 1,4-dihydro-2,6-dimethyl-5-nitro-4-(2-(trifluoromethyl)phenyl)-, methyl ester",MeSH descriptor XML,Medication
"4,5-dihydro-1-(3-(trifluoromethyl)phenyl)-1h-pyrazol-3-amine",MeSH descriptor XML,Medication
4-(3-butoxy-4-methoxybenzyl)-2-imidazolidinone,MeSH descriptor XML,Medication
4-aminopyridine,MeSH descriptor XML,Medication
4-butyrolactone,MeSH descriptor XML,Medication
4-chloro-7-nitrobenzofurazan,MeSH descriptor XML,Medication
4-chloromercuribenzenesulfonate,MeSH descriptor XML,Medication
4-hydroxyaminoquinoline-1-oxide,MeSH descriptor XML,Medication
4-hydroxycoumarins,MeSH descriptor XML,Medication
4-nitroquinoline-1-oxide,MeSH descriptor XML,Medication
"5,6-dihydroxytryptamine",MeSH descriptor XML,Medication
"5,7-dihydroxytryptamine",MeSH descriptor XML,Medication
"5-amino-3-((5-nitro-2-furyl)vinyl)-1,2,4-oxadiazole",MeSH descriptor XML,Medication
5-hydroxytryptophan,MeSH descriptor XML,Medication
5-methoxypsoralen,MeSH descriptor XML,Medication
6-aminonicotinamide,MeSH descriptor XML,Medication
"6-cyano-7-nitroquinoxaline-2,3-dione",MeSH descriptor XML,Medication
"7,8-dihydro-7,8-dihydroxybenzo(a)pyrene 9,10-oxide",MeSH descriptor XML,Medication
8-hydroxy-2-(di-n-propylamino)tetralin,MeSH descriptor XML,Medication
"9,10-dimethyl-1,2-benzanthracene",MeSH descriptor XML,Medication
abatacept,MeSH descriptor XML,Medication
abciximab,MeSH descriptor XML,Medication
abiraterone acetate,MeSH descriptor XML,Medication
abscisic acid,MeSH descriptor XML,Medication
abuse-deterrent formulations,MeSH descriptor XML,Medication
acamprosate,MeSH descriptor XML,Medication
acarbose,MeSH descriptor XML,Medication
acebutolol,MeSH descriptor XML,Medication
acecainide,MeSH descriptor XML,Medication
acedapsone,MeSH descriptor XML,Medication
acenocoumarol,MeSH descriptor XML,Medication
acepromazine,MeSH descriptor XML,Medication
acetaminophen,MeSH descriptor XML,Medication
acetazolamide,MeSH descriptor XML,Medication
acetic acid,MeSH descriptor XML,Medication
acetohexamide,MeSH descriptor XML,Medication
acetone,MeSH descriptor XML,Medication
acetoxyacetylaminofluorene,MeSH descriptor XML,Medication
acetrizoic acid,MeSH descriptor XML,Medication
acetylcarnitine,MeSH descriptor XML,Medication
acetylcholine,MeSH descriptor XML,Medication
acetylcysteine,MeSH descriptor XML,Medication
acetyldigitoxins,MeSH descriptor XML,Medication
acetyldigoxins,MeSH descriptor XML,Medication
acetylmuramyl-alanyl-isoglutamine,MeSH descriptor XML,Medication
acitretin,MeSH descriptor XML,Medication
aclarubicin,MeSH descriptor XML,Medication
aconitine,MeSH descriptor XML,Medication
acridine orange,MeSH descriptor XML,Medication
acriflavine,MeSH descriptor XML,Medication
acronine,MeSH descriptor XML,Medication
acrylonitrile,MeSH descriptor XML,Medication
acyclovir,MeSH descriptor XML,Medication
adalimumab,MeSH descriptor XML,Medication
adapalene,MeSH descriptor XML,Medication
"adapalene, benzoyl peroxide drug combination",MeSH descriptor XML,Medication
adenosine,MeSH descriptor XML,Medication
adenosine-5'-(n-ethylcarboxamide),MeSH descriptor XML,Medication
"adjuvants, pharmaceutic",MeSH descriptor XML,Medication
"adjuvants, vaccine",MeSH descriptor XML,Medication
ado-trastuzumab emtansine,MeSH descriptor XML,Medication
adrenocorticotropic hormone,MeSH descriptor XML,Medication
adrenomedullin,MeSH descriptor XML,Medication
aequorin,MeSH descriptor XML,Medication
aerosol propellants,MeSH descriptor XML,Medication
aerosols,MeSH descriptor XML,Medication
afatinib,MeSH descriptor XML,Medication
aflatoxin b1,MeSH descriptor XML,Medication
aflatoxin m1,MeSH descriptor XML,Medication
aflatoxins,MeSH descriptor XML,Medication
agar,MeSH descriptor XML,Medication
agatoxins,MeSH descriptor XML,Medication
agent orange,MeSH descriptor XML,Medication
ajmaline,MeSH descriptor XML,Medication
alamethicin,MeSH descriptor XML,Medication
albendazole,MeSH descriptor XML,Medication
albumin-bound paclitaxel,MeSH descriptor XML,Medication
albuterol,MeSH descriptor XML,Medication
"albuterol, ipratropium drug combination",MeSH descriptor XML,Medication
alcian blue,MeSH descriptor XML,Medication
alcuronium,MeSH descriptor XML,Medication
aldicarb,MeSH descriptor XML,Medication
aldrin,MeSH descriptor XML,Medication
alefacept,MeSH descriptor XML,Medication
alemtuzumab,MeSH descriptor XML,Medication
alendronate,MeSH descriptor XML,Medication
alfentanil,MeSH descriptor XML,Medication
algestone,MeSH descriptor XML,Medication
algestone acetophenide,MeSH descriptor XML,Medication
alitretinoin,MeSH descriptor XML,Medication
allantoin,MeSH descriptor XML,Medication
allethrins,MeSH descriptor XML,Medication
allopurinol,MeSH descriptor XML,Medication
allylestrenol,MeSH descriptor XML,Medication
allylglycine,MeSH descriptor XML,Medication
almitrine,MeSH descriptor XML,Medication
alpha 1-antichymotrypsin,MeSH descriptor XML,Medication
alpha 1-antitrypsin,MeSH descriptor XML,Medication
alpha-2-antiplasmin,MeSH descriptor XML,Medication
alpha-amanitin,MeSH descriptor XML,Medication
alpha-amino-3-hydroxy-5-methyl-4-isoxazolepropionic acid,MeSH descriptor XML,Medication
alpha-chlorohydrin,MeSH descriptor XML,Medication
alpha-defensins,MeSH descriptor XML,Medication
alpha-endorphin,MeSH descriptor XML,Medication
alpha-methyltyrosine,MeSH descriptor XML,Medication
alpha-msh,MeSH descriptor XML,Medication
alpha-tocopherol,MeSH descriptor XML,Medication
alphaprodine,MeSH descriptor XML,Medication
alprazolam,MeSH descriptor XML,Medication
alprenolol,MeSH descriptor XML,Medication
alprostadil,MeSH descriptor XML,Medication
altretamine,MeSH descriptor XML,Medication
aluminum chloride,MeSH descriptor XML,Medication
aluminum hydroxide,MeSH descriptor XML,Medication
amanitins,MeSH descriptor XML,Medication
amantadine,MeSH descriptor XML,Medication
amaranth dye,MeSH descriptor XML,Medication
ambenonium chloride,MeSH descriptor XML,Medication
ambroxol,MeSH descriptor XML,Medication
amdinocillin,MeSH descriptor XML,Medication
amdinocillin pivoxil,MeSH descriptor XML,Medication
amido black,MeSH descriptor XML,Medication
amifampridine,MeSH descriptor XML,Medication
amifostine,MeSH descriptor XML,Medication
amikacin,MeSH descriptor XML,Medication
amiloride,MeSH descriptor XML,Medication
aminacrine,MeSH descriptor XML,Medication
amino acid chloromethyl ketones,MeSH descriptor XML,Medication
aminocaproic acid,MeSH descriptor XML,Medication
aminoglutethimide,MeSH descriptor XML,Medication
aminolevulinic acid,MeSH descriptor XML,Medication
aminooxyacetic acid,MeSH descriptor XML,Medication
aminophylline,MeSH descriptor XML,Medication
aminopterin,MeSH descriptor XML,Medication
aminosalicylic acid,MeSH descriptor XML,Medication
amiodarone,MeSH descriptor XML,Medication
amisulpride,MeSH descriptor XML,Medication
amitriptyline,MeSH descriptor XML,Medication
amitrole,MeSH descriptor XML,Medication
amlodipine,MeSH descriptor XML,Medication
"amlodipine besylate, olmesartan medoxomil drug combination",MeSH descriptor XML,Medication
"amlodipine, valsartan drug combination",MeSH descriptor XML,Medication
amobarbital,MeSH descriptor XML,Medication
amodiaquine,MeSH descriptor XML,Medication
amoxapine,MeSH descriptor XML,Medication
amoxicillin,MeSH descriptor XML,Medication
amoxicillin-potassium clavulanate combination,MeSH descriptor XML,Medication
amphetamine,MeSH descriptor XML,Medication
amphotericin b,MeSH descriptor XML,Medication
ampicillin,MeSH descriptor XML,Medication
amprolium,MeSH descriptor XML,Medication
ampyrone,MeSH descriptor XML,Medication
amrinone,MeSH descriptor XML,Medication
amsacrine,MeSH descriptor XML,Medication
amygdalin,MeSH descriptor XML,Medication
amyl nitrite,MeSH descriptor XML,Medication
anabasine,MeSH descriptor XML,Medication
anabolic androgenic steroids,MeSH descriptor XML,Medication
anaphylatoxins,MeSH descriptor XML,Medication
anastrozole,MeSH descriptor XML,Medication
ancitabine,MeSH descriptor XML,Medication
ancrod,MeSH descriptor XML,Medication
"androstane-3,17-diol",MeSH descriptor XML,Medication
androstenediol,MeSH descriptor XML,Medication
angiopoietin-like protein 1,MeSH descriptor XML,Medication
angiostatic proteins,MeSH descriptor XML,Medication
angiostatins,MeSH descriptor XML,Medication
angiotensin amide,MeSH descriptor XML,Medication
angiotensin ii,MeSH descriptor XML,Medication
angiotensinogen,MeSH descriptor XML,Medication
anidulafungin,MeSH descriptor XML,Medication
aniline mustard,MeSH descriptor XML,Medication
anisomycin,MeSH descriptor XML,Medication
anistreplase,MeSH descriptor XML,Medication
annexin a5,MeSH descriptor XML,Medication
antazoline,MeSH descriptor XML,Medication
anthralin,MeSH descriptor XML,Medication
anthramycin,MeSH descriptor XML,Medication
antibodies,MeSH descriptor XML,Medication
"antibodies, anti-idiotypic",MeSH descriptor XML,Medication
"antibodies, anticardiolipin",MeSH descriptor XML,Medication
"antibodies, antineutrophil cytoplasmic",MeSH descriptor XML,Medication
"antibodies, antinuclear",MeSH descriptor XML,Medication
"antibodies, antiphospholipid",MeSH descriptor XML,Medication
"antibodies, archaeal",MeSH descriptor XML,Medication
"antibodies, bacterial",MeSH descriptor XML,Medication
"antibodies, bispecific",MeSH descriptor XML,Medication
"antibodies, blocking",MeSH descriptor XML,Medication
"antibodies, fungal",MeSH descriptor XML,Medication
"antibodies, helminth",MeSH descriptor XML,Medication
"antibodies, heterophile",MeSH descriptor XML,Medication
"antibodies, monoclonal",MeSH descriptor XML,Medication
"antibodies, neoplasm",MeSH descriptor XML,Medication
"antibodies, phospho-specific",MeSH descriptor XML,Medication
"antibodies, protozoan",MeSH descriptor XML,Medication
"antibodies, viral",MeSH descriptor XML,Medication
antigen-antibody complex,MeSH descriptor XML,Medication
antilymphocyte serum,MeSH descriptor XML,Medication
antimicrobial cationic peptides,MeSH descriptor XML,Medication
antimony potassium tartrate,MeSH descriptor XML,Medication
antimony sodium gluconate,MeSH descriptor XML,Medication
antimycin a,MeSH descriptor XML,Medication
antipain,MeSH descriptor XML,Medication
antipyrine,MeSH descriptor XML,Medication
antistreptolysin,MeSH descriptor XML,Medication
antithrombin iii,MeSH descriptor XML,Medication
antithrombin proteins,MeSH descriptor XML,Medication
antitoxins,MeSH descriptor XML,Medication
antivenins,MeSH descriptor XML,Medication
apazone,MeSH descriptor XML,Medication
aphidicolin,MeSH descriptor XML,Medication
apomorphine,MeSH descriptor XML,Medication
aprepitant,MeSH descriptor XML,Medication
aprindine,MeSH descriptor XML,Medication
aprotinin,MeSH descriptor XML,Medication
arabinofuranosylcytosine triphosphate,MeSH descriptor XML,Medication
arbaprostil,MeSH descriptor XML,Medication
arecoline,MeSH descriptor XML,Medication
arginine vasopressin,MeSH descriptor XML,Medication
aripiprazole,MeSH descriptor XML,Medication
armin,MeSH descriptor XML,Medication
aroclors,MeSH descriptor XML,Medication
arsenamide,MeSH descriptor XML,Medication
arsenazo iii,MeSH descriptor XML,Medication
arsenic trioxide,MeSH descriptor XML,Medication
arsenicals,MeSH descriptor XML,Medication
arsphenamine,MeSH descriptor XML,Medication
artemether,MeSH descriptor XML,Medication
"artemether, lumefantrine drug combination",MeSH descriptor XML,Medication
artemisinins,MeSH descriptor XML,Medication
artesunate,MeSH descriptor XML,Medication
asbestos,MeSH descriptor XML,Medication
ascorbic acid,MeSH descriptor XML,Medication
asparaginase,MeSH descriptor XML,Medication
aspartame,MeSH descriptor XML,Medication
aspirin,MeSH descriptor XML,Medication
"aspirin, dipyridamole drug combination",MeSH descriptor XML,Medication
astemizole,MeSH descriptor XML,Medication
atazanavir sulfate,MeSH descriptor XML,Medication
atenolol,MeSH descriptor XML,Medication
atomoxetine hydrochloride,MeSH descriptor XML,Medication
atorvastatin,MeSH descriptor XML,Medication
atovaquone,MeSH descriptor XML,Medication
atractyloside,MeSH descriptor XML,Medication
atracurium,MeSH descriptor XML,Medication
atrasentan,MeSH descriptor XML,Medication
atrazine,MeSH descriptor XML,Medication
atropine,MeSH descriptor XML,Medication
auranofin,MeSH descriptor XML,Medication
aurodox,MeSH descriptor XML,Medication
aurothioglucose,MeSH descriptor XML,Medication
aurovertins,MeSH descriptor XML,Medication
autoantibodies,MeSH descriptor XML,Medication
aversive agents,MeSH descriptor XML,Medication
axitinib,MeSH descriptor XML,Medication
azacitidine,MeSH descriptor XML,Medication
azacosterol,MeSH descriptor XML,Medication
azaguanine,MeSH descriptor XML,Medication
azaperone,MeSH descriptor XML,Medication
azaserine,MeSH descriptor XML,Medication
azasteroids,MeSH descriptor XML,Medication
azathioprine,MeSH descriptor XML,Medication
azauridine,MeSH descriptor XML,Medication
azinphosmethyl,MeSH descriptor XML,Medication
azithromycin,MeSH descriptor XML,Medication
azlocillin,MeSH descriptor XML,Medication
azoxymethane,MeSH descriptor XML,Medication
aztreonam,MeSH descriptor XML,Medication
azure stains,MeSH descriptor XML,Medication
bacitracin,MeSH descriptor XML,Medication
baclofen,MeSH descriptor XML,Medication
bacteriocins,MeSH descriptor XML,Medication
baculoviral iap repeat-containing 3 protein,MeSH descriptor XML,Medication
bambermycins,MeSH descriptor XML,Medication
barbital,MeSH descriptor XML,Medication
barium sulfate,MeSH descriptor XML,Medication
basiliximab,MeSH descriptor XML,Medication
batroxobin,MeSH descriptor XML,Medication
bcg vaccine,MeSH descriptor XML,Medication
becaplermin,MeSH descriptor XML,Medication
beclomethasone,MeSH descriptor XML,Medication
behind-the-counter drugs,MeSH descriptor XML,Medication
bemegride,MeSH descriptor XML,Medication
benactyzine,MeSH descriptor XML,Medication
bence jones protein,MeSH descriptor XML,Medication
bencyclane,MeSH descriptor XML,Medication
bendamustine hydrochloride,MeSH descriptor XML,Medication
bendroflumethiazide,MeSH descriptor XML,Medication
benomyl,MeSH descriptor XML,Medication
benperidol,MeSH descriptor XML,Medication
benserazide,MeSH descriptor XML,Medication
bentonite,MeSH descriptor XML,Medication
benzalkonium compounds,MeSH descriptor XML,Medication
benzbromarone,MeSH descriptor XML,Medication
benzethonium,MeSH descriptor XML,Medication
benzocaine,MeSH descriptor XML,Medication
benzoflavones,MeSH descriptor XML,Medication
benzoic acid,MeSH descriptor XML,Medication
benzolamide,MeSH descriptor XML,Medication
benzophenoneidum,MeSH descriptor XML,Medication
benzoyl peroxide,MeSH descriptor XML,Medication
benzoylarginine nitroanilide,MeSH descriptor XML,Medication
benzphetamine,MeSH descriptor XML,Medication
benztropine,MeSH descriptor XML,Medication
benzydamine,MeSH descriptor XML,Medication
benzyl alcohol,MeSH descriptor XML,Medication
bephenium compounds,MeSH descriptor XML,Medication
bepridil,MeSH descriptor XML,Medication
beta 2-glycoprotein i,MeSH descriptor XML,Medication
beta carotene,MeSH descriptor XML,Medication
beta-aminoethyl isothiourea,MeSH descriptor XML,Medication
beta-cryptoxanthin,MeSH descriptor XML,Medication
beta-defensins,MeSH descriptor XML,Medication
beta-endorphin,MeSH descriptor XML,Medication
beta-lactams,MeSH descriptor XML,Medication
beta-msh,MeSH descriptor XML,Medication
beta-naphthoflavone,MeSH descriptor XML,Medication
beta-tocopherol,MeSH descriptor XML,Medication
betacyanins,MeSH descriptor XML,Medication
betahistine,MeSH descriptor XML,Medication
betaine,MeSH descriptor XML,Medication
betalains,MeSH descriptor XML,Medication
betamethasone,MeSH descriptor XML,Medication
betamethasone valerate,MeSH descriptor XML,Medication
betaxolol,MeSH descriptor XML,Medication
betazole,MeSH descriptor XML,Medication
bethanechol,MeSH descriptor XML,Medication
bethanidine,MeSH descriptor XML,Medication
bevacizumab,MeSH descriptor XML,Medication
bexarotene,MeSH descriptor XML,Medication
bezafibrate,MeSH descriptor XML,Medication
bicarbonates,MeSH descriptor XML,Medication
bicuculline,MeSH descriptor XML,Medication
biguanides,MeSH descriptor XML,Medication
bile acids and salts,MeSH descriptor XML,Medication
bilirubin,MeSH descriptor XML,Medication
bimatoprost,MeSH descriptor XML,Medication
bioenhancers,MeSH descriptor XML,Medication
biotin,MeSH descriptor XML,Medication
biperiden,MeSH descriptor XML,Medication
biphasic insulins,MeSH descriptor XML,Medication
bisacodyl,MeSH descriptor XML,Medication
bisbenzimidazole,MeSH descriptor XML,Medication
bismuth,MeSH descriptor XML,Medication
bisoprolol,MeSH descriptor XML,Medication
bithionol,MeSH descriptor XML,Medication
biuret,MeSH descriptor XML,Medication
bleomycin,MeSH descriptor XML,Medication
blood coagulation factor inhibitors,MeSH descriptor XML,Medication
bombesin,MeSH descriptor XML,Medication
bongkrekic acid,MeSH descriptor XML,Medication
boron,MeSH descriptor XML,Medication
bortezomib,MeSH descriptor XML,Medication
bosentan,MeSH descriptor XML,Medication
botulinum antitoxin,MeSH descriptor XML,Medication
botulinum toxins,MeSH descriptor XML,Medication
"botulinum toxins, type a",MeSH descriptor XML,Medication
bradykinin,MeSH descriptor XML,Medication
brassinosteroids,MeSH descriptor XML,Medication
brefeldin a,MeSH descriptor XML,Medication
brentuximab vedotin,MeSH descriptor XML,Medication
bretylium tosylate,MeSH descriptor XML,Medication
brimonidine tartrate,MeSH descriptor XML,Medication
"brimonidine tartrate, timolol maleate drug combination",MeSH descriptor XML,Medication
brinolase,MeSH descriptor XML,Medication
brocresine,MeSH descriptor XML,Medication
bromazepam,MeSH descriptor XML,Medication
bromcresol green,MeSH descriptor XML,Medication
bromcresol purple,MeSH descriptor XML,Medication
bromhexine,MeSH descriptor XML,Medication
bromides,MeSH descriptor XML,Medication
bromisovalum,MeSH descriptor XML,Medication
bromocriptine,MeSH descriptor XML,Medication
bromodeoxyuridine,MeSH descriptor XML,Medication
bromouracil,MeSH descriptor XML,Medication
brompheniramine,MeSH descriptor XML,Medication
bromphenol blue,MeSH descriptor XML,Medication
bromthymol blue,MeSH descriptor XML,Medication
bucrylate,MeSH descriptor XML,Medication
budesonide,MeSH descriptor XML,Medication
"budesonide, formoterol fumarate drug combination",MeSH descriptor XML,Medication
bufanolides,MeSH descriptor XML,Medication
bufexamac,MeSH descriptor XML,Medication
buformin,MeSH descriptor XML,Medication
bufotenin,MeSH descriptor XML,Medication
bulk drugs,MeSH descriptor XML,Medication
bumetanide,MeSH descriptor XML,Medication
bunaftine,MeSH descriptor XML,Medication
bunolol,MeSH descriptor XML,Medication
bupivacaine,MeSH descriptor XML,Medication
bupranolol,MeSH descriptor XML,Medication
buprenorphine,MeSH descriptor XML,Medication
"buprenorphine, naloxone drug combination",MeSH descriptor XML,Medication
bupropion,MeSH descriptor XML,Medication
burimamide,MeSH descriptor XML,Medication
buserelin,MeSH descriptor XML,Medication
buspirone,MeSH descriptor XML,Medication
busulfan,MeSH descriptor XML,Medication
butaclamol,MeSH descriptor XML,Medication
buthionine sulfoximine,MeSH descriptor XML,Medication
butirosin sulfate,MeSH descriptor XML,Medication
butorphanol,MeSH descriptor XML,Medication
butoxamine,MeSH descriptor XML,Medication
butylated hydroxyanisole,MeSH descriptor XML,Medication
butylated hydroxytoluene,MeSH descriptor XML,Medication
butylscopolammonium bromide,MeSH descriptor XML,Medication
butyric acid,MeSH descriptor XML,Medication
cabergoline,MeSH descriptor XML,Medication
cacodylic acid,MeSH descriptor XML,Medication
caffeine,MeSH descriptor XML,Medication
calcifediol,MeSH descriptor XML,Medication
calcimycin,MeSH descriptor XML,Medication
calcitonin,MeSH descriptor XML,Medication
calcitonin gene-related peptide,MeSH descriptor XML,Medication
calcitriol,MeSH descriptor XML,Medication
calcium,MeSH descriptor XML,Medication
calcium aluminosilicate,MeSH descriptor XML,Medication
calcium carbonate,MeSH descriptor XML,Medication
calcium citrate,MeSH descriptor XML,Medication
calcium dobesilate,MeSH descriptor XML,Medication
calcium hydroxide,MeSH descriptor XML,Medication
calcium sulfate,MeSH descriptor XML,Medication
"calcium, dietary",MeSH descriptor XML,Medication
calicheamicins,MeSH descriptor XML,Medication
cambendazole,MeSH descriptor XML,Medication
camphor,MeSH descriptor XML,Medication
camptothecin,MeSH descriptor XML,Medication
canagliflozin,MeSH descriptor XML,Medication
candicidin,MeSH descriptor XML,Medication
cannabidiol,MeSH descriptor XML,Medication
canrenoic acid,MeSH descriptor XML,Medication
canrenone,MeSH descriptor XML,Medication
cantharidin,MeSH descriptor XML,Medication
canthaxanthin,MeSH descriptor XML,Medication
capecitabine,MeSH descriptor XML,Medication
capreomycin,MeSH descriptor XML,Medication
capsaicin,MeSH descriptor XML,Medication
capsules,MeSH descriptor XML,Medication
captan,MeSH descriptor XML,Medication
captopril,MeSH descriptor XML,Medication
carbachol,MeSH descriptor XML,Medication
carbadox,MeSH descriptor XML,Medication
carbamazepine,MeSH descriptor XML,Medication
carbamide peroxide,MeSH descriptor XML,Medication
carbaryl,MeSH descriptor XML,Medication
carbazilquinone,MeSH descriptor XML,Medication
carbenicillin,MeSH descriptor XML,Medication
carbenoxolone,MeSH descriptor XML,Medication
carbidopa,MeSH descriptor XML,Medication
carbimazole,MeSH descriptor XML,Medication
carbocyanines,MeSH descriptor XML,Medication
carbocysteine,MeSH descriptor XML,Medication
carbofuran,MeSH descriptor XML,Medication
carbon fiber,MeSH descriptor XML,Medication
carbon monoxide,MeSH descriptor XML,Medication
carbonyl cyanide m-chlorophenyl hydrazone,MeSH descriptor XML,Medication
carbonyl cyanide p-trifluoromethoxyphenylhydrazone,MeSH descriptor XML,Medication
carboplatin,MeSH descriptor XML,Medication
carboprost,MeSH descriptor XML,Medication
carboxin,MeSH descriptor XML,Medication
carboxymethylcellulose sodium,MeSH descriptor XML,Medication
carbutamide,MeSH descriptor XML,Medication
cardiac glycosides,MeSH descriptor XML,Medication
cardioplegic solutions,MeSH descriptor XML,Medication
carfecillin,MeSH descriptor XML,Medication
carisoprodol,MeSH descriptor XML,Medication
carmine,MeSH descriptor XML,Medication
carmustine,MeSH descriptor XML,Medication
carotenoids,MeSH descriptor XML,Medication
carteolol,MeSH descriptor XML,Medication
carticaine,MeSH descriptor XML,Medication
carubicin,MeSH descriptor XML,Medication
carvedilol,MeSH descriptor XML,Medication
caseins,MeSH descriptor XML,Medication
caspofungin,MeSH descriptor XML,Medication
castor oil,MeSH descriptor XML,Medication
catalase,MeSH descriptor XML,Medication
cd4 immunoadhesins,MeSH descriptor XML,Medication
cd59 antigens,MeSH descriptor XML,Medication
cd79 antigens,MeSH descriptor XML,Medication
cefaclor,MeSH descriptor XML,Medication
cefadroxil,MeSH descriptor XML,Medication
cefamandole,MeSH descriptor XML,Medication
cefatrizine,MeSH descriptor XML,Medication
cefazolin,MeSH descriptor XML,Medication
cefdinir,MeSH descriptor XML,Medication
cefepime,MeSH descriptor XML,Medication
cefiderocol,MeSH descriptor XML,Medication
cefixime,MeSH descriptor XML,Medication
cefmenoxime,MeSH descriptor XML,Medication
cefmetazole,MeSH descriptor XML,Medication
cefonicid,MeSH descriptor XML,Medication
cefoperazone,MeSH descriptor XML,Medication
cefotaxime,MeSH descriptor XML,Medication
cefotetan,MeSH descriptor XML,Medication
cefotiam,MeSH descriptor XML,Medication
cefoxitin,MeSH descriptor XML,Medication
cefozopran,MeSH descriptor XML,Medication
cefpirome,MeSH descriptor XML,Medication
cefpodoxime,MeSH descriptor XML,Medication
cefpodoxime proxetil,MeSH descriptor XML,Medication
cefprozil,MeSH descriptor XML,Medication
cefsulodin,MeSH descriptor XML,Medication
ceftaroline,MeSH descriptor XML,Medication
ceftazidime,MeSH descriptor XML,Medication
ceftibuten,MeSH descriptor XML,Medication
ceftizoxime,MeSH descriptor XML,Medication
ceftriaxone,MeSH descriptor XML,Medication
cefuroxime,MeSH descriptor XML,Medication
celecoxib,MeSH descriptor XML,Medication
celiprolol,MeSH descriptor XML,Medication
cell wall skeleton,MeSH descriptor XML,Medication
"cellulose, oxidized",MeSH descriptor XML,Medication
centchroman,MeSH descriptor XML,Medication
cephacetrile,MeSH descriptor XML,Medication
cephalexin,MeSH descriptor XML,Medication
cephaloglycin,MeSH descriptor XML,Medication
cephaloridine,MeSH descriptor XML,Medication
cephalosporins,MeSH descriptor XML,Medication
cephalothin,MeSH descriptor XML,Medication
cephamycins,MeSH descriptor XML,Medication
cephapirin,MeSH descriptor XML,Medication
cephradine,MeSH descriptor XML,Medication
certolizumab pegol,MeSH descriptor XML,Medication
cerulenin,MeSH descriptor XML,Medication
cetirizine,MeSH descriptor XML,Medication
cetomacrogol,MeSH descriptor XML,Medication
cetrimonium,MeSH descriptor XML,Medication
cetuximab,MeSH descriptor XML,Medication
cetylpyridinium,MeSH descriptor XML,Medication
charcoal,MeSH descriptor XML,Medication
charybdotoxin,MeSH descriptor XML,Medication
chenodeoxycholic acid,MeSH descriptor XML,Medication
chimerin proteins,MeSH descriptor XML,Medication
chitosan,MeSH descriptor XML,Medication
chloral hydrate,MeSH descriptor XML,Medication
chloralose,MeSH descriptor XML,Medication
chlorambucil,MeSH descriptor XML,Medication
chloramphenicol,MeSH descriptor XML,Medication
chloranil,MeSH descriptor XML,Medication
chlordan,MeSH descriptor XML,Medication
chlordecone,MeSH descriptor XML,Medication
chlordiazepoxide,MeSH descriptor XML,Medication
chlorfenvinphos,MeSH descriptor XML,Medication
chlorhexidine,MeSH descriptor XML,Medication
chlorine,MeSH descriptor XML,Medication
chlorisondamine,MeSH descriptor XML,Medication
chlormadinone acetate,MeSH descriptor XML,Medication
chlormequat,MeSH descriptor XML,Medication
chlormethiazole,MeSH descriptor XML,Medication
chlormezanone,MeSH descriptor XML,Medication
chlorobutanol,MeSH descriptor XML,Medication
chlorodiphenyl (54% chlorine),MeSH descriptor XML,Medication
chloroform,MeSH descriptor XML,Medication
chloromercuribenzoates,MeSH descriptor XML,Medication
chloromercurinitrophenols,MeSH descriptor XML,Medication
chloroquine,MeSH descriptor XML,Medication
chloroquinolinols,MeSH descriptor XML,Medication
chlorothiazide,MeSH descriptor XML,Medication
chlorotrianisene,MeSH descriptor XML,Medication
chlorphenamidine,MeSH descriptor XML,Medication
chlorphenesin,MeSH descriptor XML,Medication
chlorpheniramine,MeSH descriptor XML,Medication
chlorphentermine,MeSH descriptor XML,Medication
chlorpromazine,MeSH descriptor XML,Medication
chlorpropamide,MeSH descriptor XML,Medication
chlorpropham,MeSH descriptor XML,Medication
chlorprothixene,MeSH descriptor XML,Medication
chlorpyrifos,MeSH descriptor XML,Medication
chlorquinaldol,MeSH descriptor XML,Medication
chlortetracycline,MeSH descriptor XML,Medication
chlorthalidone,MeSH descriptor XML,Medication
chlorzoxazone,MeSH descriptor XML,Medication
cholecalciferol,MeSH descriptor XML,Medication
cholecystokinin,MeSH descriptor XML,Medication
cholera toxin,MeSH descriptor XML,Medication
cholestyramine resin,MeSH descriptor XML,Medication
cholic acids,MeSH descriptor XML,Medication
choline,MeSH descriptor XML,Medication
chorionic gonadotropin,MeSH descriptor XML,Medication
chromium,MeSH descriptor XML,Medication
chromomycin a3,MeSH descriptor XML,Medication
chromomycins,MeSH descriptor XML,Medication
chromonar,MeSH descriptor XML,Medication
ciclopirox,MeSH descriptor XML,Medication
cidofovir,MeSH descriptor XML,Medication
ciguatoxins,MeSH descriptor XML,Medication
cilastatin,MeSH descriptor XML,Medication
"cilastatin, imipenem drug combination",MeSH descriptor XML,Medication
cilazapril,MeSH descriptor XML,Medication
cilostazol,MeSH descriptor XML,Medication
cimetidine,MeSH descriptor XML,Medication
cinacalcet,MeSH descriptor XML,Medication
cinanserin,MeSH descriptor XML,Medication
cinnarizine,MeSH descriptor XML,Medication
cinoxacin,MeSH descriptor XML,Medication
ciprofloxacin,MeSH descriptor XML,Medication
cisapride,MeSH descriptor XML,Medication
cisplatin,MeSH descriptor XML,Medication
citalopram,MeSH descriptor XML,Medication
citric acid,MeSH descriptor XML,Medication
citrinin,MeSH descriptor XML,Medication
cladribine,MeSH descriptor XML,Medication
clarithromycin,MeSH descriptor XML,Medication
clavulanic acid,MeSH descriptor XML,Medication
clavulanic acids,MeSH descriptor XML,Medication
clemastine,MeSH descriptor XML,Medication
clenbuterol,MeSH descriptor XML,Medication
clindamycin,MeSH descriptor XML,Medication
clobazam,MeSH descriptor XML,Medication
clobetasol,MeSH descriptor XML,Medication
clodronic acid,MeSH descriptor XML,Medication
clofarabine,MeSH descriptor XML,Medication
clofazimine,MeSH descriptor XML,Medication
clofenapate,MeSH descriptor XML,Medication
clofibrate,MeSH descriptor XML,Medication
clofibric acid,MeSH descriptor XML,Medication
clomiphene,MeSH descriptor XML,Medication
clomipramine,MeSH descriptor XML,Medication
clonazepam,MeSH descriptor XML,Medication
clonidine,MeSH descriptor XML,Medication
clonixin,MeSH descriptor XML,Medication
clopamide,MeSH descriptor XML,Medication
clopenthixol,MeSH descriptor XML,Medication
clopidogrel,MeSH descriptor XML,Medication
clopidol,MeSH descriptor XML,Medication
cloprostenol,MeSH descriptor XML,Medication
clorazepate dipotassium,MeSH descriptor XML,Medication
clorgyline,MeSH descriptor XML,Medication
clotrimazole,MeSH descriptor XML,Medication
cloxacillin,MeSH descriptor XML,Medication
clozapine,MeSH descriptor XML,Medication
cnidarian venoms,MeSH descriptor XML,Medication
coagulase,MeSH descriptor XML,Medication
coal ash,MeSH descriptor XML,Medication
coal tar,MeSH descriptor XML,Medication
cobalt,MeSH descriptor XML,Medication
cobamides,MeSH descriptor XML,Medication
cobicistat,MeSH descriptor XML,Medication
cobra neurotoxin proteins,MeSH descriptor XML,Medication
cocaine,MeSH descriptor XML,Medication
coccidioidin,MeSH descriptor XML,Medication
cod liver oil,MeSH descriptor XML,Medication
codeine,MeSH descriptor XML,Medication
coformycin,MeSH descriptor XML,Medication
colchicine,MeSH descriptor XML,Medication
colesevelam hydrochloride,MeSH descriptor XML,Medication
colestipol,MeSH descriptor XML,Medication
colforsin,MeSH descriptor XML,Medication
colistin,MeSH descriptor XML,Medication
collodion,MeSH descriptor XML,Medication
colloids,MeSH descriptor XML,Medication
combined antibody therapeutics,MeSH descriptor XML,Medication
complement activating enzymes,MeSH descriptor XML,Medication
complement c1,MeSH descriptor XML,Medication
complement c1 inactivator proteins,MeSH descriptor XML,Medication
complement c1 inhibitor protein,MeSH descriptor XML,Medication
complement c1q,MeSH descriptor XML,Medication
complement c1r,MeSH descriptor XML,Medication
complement c1s,MeSH descriptor XML,Medication
complement c2,MeSH descriptor XML,Medication
complement c2a,MeSH descriptor XML,Medication
complement c2b,MeSH descriptor XML,Medication
complement c3,MeSH descriptor XML,Medication
"complement c3 convertase, alternative pathway",MeSH descriptor XML,Medication
"complement c3 convertase, classical pathway",MeSH descriptor XML,Medication
complement c3 nephritic factor,MeSH descriptor XML,Medication
complement c3-c5 convertases,MeSH descriptor XML,Medication
"complement c3-c5 convertases, alternative pathway",MeSH descriptor XML,Medication
"complement c3-c5 convertases, classical pathway",MeSH descriptor XML,Medication
complement c3a,MeSH descriptor XML,Medication
complement c3b,MeSH descriptor XML,Medication
complement c3b inactivator proteins,MeSH descriptor XML,Medication
complement c3c,MeSH descriptor XML,Medication
complement c3d,MeSH descriptor XML,Medication
complement c4,MeSH descriptor XML,Medication
complement c4a,MeSH descriptor XML,Medication
complement c4b,MeSH descriptor XML,Medication
complement c4b-binding protein,MeSH descriptor XML,Medication
complement c5,MeSH descriptor XML,Medication
"complement c5 convertase, alternative pathway",MeSH descriptor XML,Medication
"complement c5 convertase, classical pathway",MeSH descriptor XML,Medication
complement c5a,MeSH descriptor XML,Medication
"complement c5a, des-arginine",MeSH descriptor XML,Medication
complement c5b,MeSH descriptor XML,Medication
complement c6,MeSH descriptor XML,Medication
complement c7,MeSH descriptor XML,Medication
complement c8,MeSH descriptor XML,Medication
complement c9,MeSH descriptor XML,Medication
complement factor b,MeSH descriptor XML,Medication
complement factor d,MeSH descriptor XML,Medication
complement factor h,MeSH descriptor XML,Medication
complement factor i,MeSH descriptor XML,Medication
complement inactivator proteins,MeSH descriptor XML,Medication
complement membrane attack complex,MeSH descriptor XML,Medication
complement system proteins,MeSH descriptor XML,Medication
concanavalin a,MeSH descriptor XML,Medication
congo red,MeSH descriptor XML,Medication
conotoxins,MeSH descriptor XML,Medication
contact lens solutions,MeSH descriptor XML,Medication
"contraceptives, oral, combined",MeSH descriptor XML,Medication
controlled substances,MeSH descriptor XML,Medication
copper,MeSH descriptor XML,Medication
copper sulfate,MeSH descriptor XML,Medication
cord factors,MeSH descriptor XML,Medication
corticosterone,MeSH descriptor XML,Medication
corticotropin-releasing hormone,MeSH descriptor XML,Medication
cortisone,MeSH descriptor XML,Medication
cosmeceuticals,MeSH descriptor XML,Medication
cosyntropin,MeSH descriptor XML,Medication
cotinine,MeSH descriptor XML,Medication
coumaphos,MeSH descriptor XML,Medication
coumestrol,MeSH descriptor XML,Medication
counterfeit drugs,MeSH descriptor XML,Medication
crack cocaine,MeSH descriptor XML,Medication
crizotinib,MeSH descriptor XML,Medication
cromakalim,MeSH descriptor XML,Medication
cromolyn sodium,MeSH descriptor XML,Medication
croton oil,MeSH descriptor XML,Medication
crown compounds,MeSH descriptor XML,Medication
crown ethers,MeSH descriptor XML,Medication
cryogels,MeSH descriptor XML,Medication
cryoglobulins,MeSH descriptor XML,Medication
crystalloid solutions,MeSH descriptor XML,Medication
cuprizone,MeSH descriptor XML,Medication
curare,MeSH descriptor XML,Medication
curcumin,MeSH descriptor XML,Medication
cycasin,MeSH descriptor XML,Medication
cyclacillin,MeSH descriptor XML,Medication
cyclamates,MeSH descriptor XML,Medication
cyclandelate,MeSH descriptor XML,Medication
cyclazocine,MeSH descriptor XML,Medication
cyclin-dependent kinase inhibitor p15,MeSH descriptor XML,Medication
cyclin-dependent kinase inhibitor p18,MeSH descriptor XML,Medication
cyclin-dependent kinase inhibitor p19,MeSH descriptor XML,Medication
cyclin-dependent kinase inhibitor p21,MeSH descriptor XML,Medication
cyclin-dependent kinase inhibitor p27,MeSH descriptor XML,Medication
cyclin-dependent kinase inhibitor p57,MeSH descriptor XML,Medication
cyclin-dependent kinase inhibitor proteins,MeSH descriptor XML,Medication
cyclizine,MeSH descriptor XML,Medication
cyclofenil,MeSH descriptor XML,Medication
cycloheximide,MeSH descriptor XML,Medication
cyclopenthiazide,MeSH descriptor XML,Medication
cyclopentolate,MeSH descriptor XML,Medication
cyclophosphamide,MeSH descriptor XML,Medication
cycloserine,MeSH descriptor XML,Medication
cyclosporine,MeSH descriptor XML,Medication
cyclosporins,MeSH descriptor XML,Medication
cymarine,MeSH descriptor XML,Medication
cyproheptadine,MeSH descriptor XML,Medication
cyproterone,MeSH descriptor XML,Medication
cyproterone acetate,MeSH descriptor XML,Medication
cystamine,MeSH descriptor XML,Medication
cystaphos,MeSH descriptor XML,Medication
cystatin b,MeSH descriptor XML,Medication
cystatins,MeSH descriptor XML,Medication
cysteamine,MeSH descriptor XML,Medication
cytarabine,MeSH descriptor XML,Medication
cytidine diphosphate choline,MeSH descriptor XML,Medication
cytochalasin d,MeSH descriptor XML,Medication
cytokinins,MeSH descriptor XML,Medication
"d-ala(2),mephe(4),met(0)-ol-enkephalin",MeSH descriptor XML,Medication
dabigatran,MeSH descriptor XML,Medication
dacarbazine,MeSH descriptor XML,Medication
daclizumab,MeSH descriptor XML,Medication
dactinomycin,MeSH descriptor XML,Medication
dalteparin,MeSH descriptor XML,Medication
danazol,MeSH descriptor XML,Medication
dansyl compounds,MeSH descriptor XML,Medication
dantrolene,MeSH descriptor XML,Medication
dapsone,MeSH descriptor XML,Medication
daptomycin,MeSH descriptor XML,Medication
darbepoetin alfa,MeSH descriptor XML,Medication
darunavir,MeSH descriptor XML,Medication
dasatinib,MeSH descriptor XML,Medication
daunorubicin,MeSH descriptor XML,Medication
deamino arginine vasopressin,MeSH descriptor XML,Medication
deanol,MeSH descriptor XML,Medication
debrisoquin,MeSH descriptor XML,Medication
decitabine,MeSH descriptor XML,Medication
decoquinate,MeSH descriptor XML,Medication
deet,MeSH descriptor XML,Medication
defensins,MeSH descriptor XML,Medication
deferasirox,MeSH descriptor XML,Medication
deferiprone,MeSH descriptor XML,Medication
deferoxamine,MeSH descriptor XML,Medication
dehydroascorbic acid,MeSH descriptor XML,Medication
dehydrocholesterols,MeSH descriptor XML,Medication
dehydrocholic acid,MeSH descriptor XML,Medication
dehydroepiandrosterone,MeSH descriptor XML,Medication
delavirdine,MeSH descriptor XML,Medication
delayed-action preparations,MeSH descriptor XML,Medication
delta sleep-inducing peptide,MeSH descriptor XML,Medication
deltaretrovirus antibodies,MeSH descriptor XML,Medication
demeclocycline,MeSH descriptor XML,Medication
demecolcine,MeSH descriptor XML,Medication
denosumab,MeSH descriptor XML,Medication
deoxycholic acid,MeSH descriptor XML,Medication
deoxyglucose,MeSH descriptor XML,Medication
deoxyuridine,MeSH descriptor XML,Medication
dequalinium,MeSH descriptor XML,Medication
dermatan sulfate,MeSH descriptor XML,Medication
desflurane,MeSH descriptor XML,Medication
designer drugs,MeSH descriptor XML,Medication
desipramine,MeSH descriptor XML,Medication
deslanoside,MeSH descriptor XML,Medication
desogestrel,MeSH descriptor XML,Medication
desonide,MeSH descriptor XML,Medication
desoximetasone,MeSH descriptor XML,Medication
desoxycorticosterone,MeSH descriptor XML,Medication
desoxycorticosterone acetate,MeSH descriptor XML,Medication
desvenlafaxine succinate,MeSH descriptor XML,Medication
deuterium oxide,MeSH descriptor XML,Medication
devazepide,MeSH descriptor XML,Medication
dexamethasone,MeSH descriptor XML,Medication
dexamethasone isonicotinate,MeSH descriptor XML,Medication
dexetimide,MeSH descriptor XML,Medication
dexfenfluramine,MeSH descriptor XML,Medication
dexlansoprazole,MeSH descriptor XML,Medication
dexmedetomidine,MeSH descriptor XML,Medication
dexmethylphenidate hydrochloride,MeSH descriptor XML,Medication
dexpramipexole,MeSH descriptor XML,Medication
dexrazoxane,MeSH descriptor XML,Medication
dextrans,MeSH descriptor XML,Medication
dextroamphetamine,MeSH descriptor XML,Medication
dextromethorphan,MeSH descriptor XML,Medication
dextromoramide,MeSH descriptor XML,Medication
dextropropoxyphene,MeSH descriptor XML,Medication
dextrorphan,MeSH descriptor XML,Medication
dialysis solutions,MeSH descriptor XML,Medication
diamfenetide,MeSH descriptor XML,Medication
diamide,MeSH descriptor XML,Medication
dianhydrogalactitol,MeSH descriptor XML,Medication
diarylquinolines,MeSH descriptor XML,Medication
diatrizoate,MeSH descriptor XML,Medication
diatrizoate meglumine,MeSH descriptor XML,Medication
diazepam,MeSH descriptor XML,Medication
diazinon,MeSH descriptor XML,Medication
diazooxonorleucine,MeSH descriptor XML,Medication
diazoxide,MeSH descriptor XML,Medication
dibekacin,MeSH descriptor XML,Medication
"dibenz(b,f)(1,4)oxazepine-10(11h)-carboxylic acid, 8-chloro-, 2-acetylhydrazide",MeSH descriptor XML,Medication
dibenzylchlorethamine,MeSH descriptor XML,Medication
dibucaine,MeSH descriptor XML,Medication
dibutyl phthalate,MeSH descriptor XML,Medication
dicamba,MeSH descriptor XML,Medication
dichlorodiphenyl dichloroethylene,MeSH descriptor XML,Medication
dichlorodiphenyldichloroethane,MeSH descriptor XML,Medication
dichlorophen,MeSH descriptor XML,Medication
dichlororibofuranosylbenzimidazole,MeSH descriptor XML,Medication
dichlorphenamide,MeSH descriptor XML,Medication
dichlorvos,MeSH descriptor XML,Medication
diclofenac,MeSH descriptor XML,Medication
dicloxacillin,MeSH descriptor XML,Medication
dicofol,MeSH descriptor XML,Medication
dicumarol,MeSH descriptor XML,Medication
dicyclomine,MeSH descriptor XML,Medication
didanosine,MeSH descriptor XML,Medication
dideoxyadenosine,MeSH descriptor XML,Medication
dideoxynucleosides,MeSH descriptor XML,Medication
dienestrol,MeSH descriptor XML,Medication
dietary sucrose,MeSH descriptor XML,Medication
diethylcarbamazine,MeSH descriptor XML,Medication
diethylhexyl phthalate,MeSH descriptor XML,Medication
diethylnitrosamine,MeSH descriptor XML,Medication
diethylpropion,MeSH descriptor XML,Medication
diethylstilbestrol,MeSH descriptor XML,Medication
diflucortolone,MeSH descriptor XML,Medication
diflunisal,MeSH descriptor XML,Medication
digitalis glycosides,MeSH descriptor XML,Medication
digitonin,MeSH descriptor XML,Medication
digitoxin,MeSH descriptor XML,Medication
digoxin,MeSH descriptor XML,Medication
dihematoporphyrin ether,MeSH descriptor XML,Medication
dihydralazine,MeSH descriptor XML,Medication
dihydroalprenolol,MeSH descriptor XML,Medication
dihydroergocornine,MeSH descriptor XML,Medication
dihydroergocristine,MeSH descriptor XML,Medication
dihydroergocryptine,MeSH descriptor XML,Medication
dihydroergotamine,MeSH descriptor XML,Medication
dihydroergotoxine,MeSH descriptor XML,Medication
dihydromorphine,MeSH descriptor XML,Medication
dihydrostreptomycin sulfate,MeSH descriptor XML,Medication
dihydrotachysterol,MeSH descriptor XML,Medication
dihydrotestosterone,MeSH descriptor XML,Medication
dihydroxycholecalciferols,MeSH descriptor XML,Medication
dihydroxyphenylalanine,MeSH descriptor XML,Medication
diketopiperazines,MeSH descriptor XML,Medication
dilazep,MeSH descriptor XML,Medication
diltiazem,MeSH descriptor XML,Medication
dimaprit,MeSH descriptor XML,Medication
dimenhydrinate,MeSH descriptor XML,Medication
dimercaprol,MeSH descriptor XML,Medication
dimethadione,MeSH descriptor XML,Medication
dimethindene,MeSH descriptor XML,Medication
dimethisterone,MeSH descriptor XML,Medication
dimethoate,MeSH descriptor XML,Medication
dimethyl adipimidate,MeSH descriptor XML,Medication
dimethyl fumarate,MeSH descriptor XML,Medication
dimethyl suberimidate,MeSH descriptor XML,Medication
dimethyl sulfoxide,MeSH descriptor XML,Medication
dimethylhydrazines,MeSH descriptor XML,Medication
dimethylphenylpiperazinium iodide,MeSH descriptor XML,Medication
dimetridazole,MeSH descriptor XML,Medication
diminazene,MeSH descriptor XML,Medication
dimyristoylphosphatidylcholine,MeSH descriptor XML,Medication
dinitolmide,MeSH descriptor XML,Medication
dinitrochlorobenzene,MeSH descriptor XML,Medication
dinitrophenols,MeSH descriptor XML,Medication
dinoprost,MeSH descriptor XML,Medication
dinoprostone,MeSH descriptor XML,Medication
dioctyl sulfosuccinic acid,MeSH descriptor XML,Medication
diphenhydramine,MeSH descriptor XML,Medication
diphenoxylate,MeSH descriptor XML,Medication
diphenylcarbazide,MeSH descriptor XML,Medication
diphenylhexatriene,MeSH descriptor XML,Medication
diphosphonates,MeSH descriptor XML,Medication
diphtheria antitoxin,MeSH descriptor XML,Medication
diphtheria toxin,MeSH descriptor XML,Medication
diprenorphine,MeSH descriptor XML,Medication
dipyridamole,MeSH descriptor XML,Medication
dipyrone,MeSH descriptor XML,Medication
diquat,MeSH descriptor XML,Medication
disintegrins,MeSH descriptor XML,Medication
disopyramide,MeSH descriptor XML,Medication
distamycins,MeSH descriptor XML,Medication
disulfiram,MeSH descriptor XML,Medication
disulfoton,MeSH descriptor XML,Medication
dithiazanine,MeSH descriptor XML,Medication
dithioerythritol,MeSH descriptor XML,Medication
dithionitrobenzoic acid,MeSH descriptor XML,Medication
dithizone,MeSH descriptor XML,Medication
ditiocarb,MeSH descriptor XML,Medication
diuron,MeSH descriptor XML,Medication
dizocilpine maleate,MeSH descriptor XML,Medication
dna methyltransferase 3b,MeSH descriptor XML,Medication
dobutamine,MeSH descriptor XML,Medication
docetaxel,MeSH descriptor XML,Medication
"dom 2,5-dimethoxy-4-methylamphetamine",MeSH descriptor XML,Medication
domperidone,MeSH descriptor XML,Medication
donepezil,MeSH descriptor XML,Medication
dopa decarboxylase,MeSH descriptor XML,Medication
dopamine,MeSH descriptor XML,Medication
doripenem,MeSH descriptor XML,Medication
dosage forms,MeSH descriptor XML,Medication
dothiepin,MeSH descriptor XML,Medication
doxapram,MeSH descriptor XML,Medication
doxazosin,MeSH descriptor XML,Medication
doxepin,MeSH descriptor XML,Medication
doxorubicin,MeSH descriptor XML,Medication
doxycycline,MeSH descriptor XML,Medication
doxylamine,MeSH descriptor XML,Medication
dronabinol,MeSH descriptor XML,Medication
dronedarone,MeSH descriptor XML,Medication
droperidol,MeSH descriptor XML,Medication
droxidopa,MeSH descriptor XML,Medication
drug carriers,MeSH descriptor XML,Medication
drug combinations,MeSH descriptor XML,Medication
drug implants,MeSH descriptor XML,Medication
"drugs, chinese herbal",MeSH descriptor XML,Medication
"drugs, essential",MeSH descriptor XML,Medication
"drugs, generic",MeSH descriptor XML,Medication
"drugs, investigational",MeSH descriptor XML,Medication
duloxetine hydrochloride,MeSH descriptor XML,Medication
duocarmycins,MeSH descriptor XML,Medication
durapatite,MeSH descriptor XML,Medication
dutasteride,MeSH descriptor XML,Medication
dydrogesterone,MeSH descriptor XML,Medication
dynorphins,MeSH descriptor XML,Medication
dyphylline,MeSH descriptor XML,Medication
e-cigarette vapor,MeSH descriptor XML,Medication
echinocandins,MeSH descriptor XML,Medication
echinomycin,MeSH descriptor XML,Medication
echothiophate iodide,MeSH descriptor XML,Medication
econazole,MeSH descriptor XML,Medication
edaravone,MeSH descriptor XML,Medication
edeine,MeSH descriptor XML,Medication
edetic acid,MeSH descriptor XML,Medication
edrophonium,MeSH descriptor XML,Medication
"efavirenz, emtricitabine, tenofovir disoproxil fumarate drug combination",MeSH descriptor XML,Medication
eflornithine,MeSH descriptor XML,Medication
egtazic acid,MeSH descriptor XML,Medication
elafin,MeSH descriptor XML,Medication
elastin-like polypeptides,MeSH descriptor XML,Medication
eledoisin,MeSH descriptor XML,Medication
ellipticines,MeSH descriptor XML,Medication
"elvitegravir, cobicistat, emtricitabine, tenofovir disoproxil fumarate drug combination",MeSH descriptor XML,Medication
emepronium,MeSH descriptor XML,Medication
emetine,MeSH descriptor XML,Medication
emodin,MeSH descriptor XML,Medication
emtricitabine,MeSH descriptor XML,Medication
"emtricitabine, rilpivirine, tenofovir drug combination",MeSH descriptor XML,Medication
"emtricitabine, tenofovir disoproxil fumarate drug combination",MeSH descriptor XML,Medication
emulsions,MeSH descriptor XML,Medication
enalapril,MeSH descriptor XML,Medication
enalaprilat,MeSH descriptor XML,Medication
encainide,MeSH descriptor XML,Medication
enclomiphene,MeSH descriptor XML,Medication
endorphins,MeSH descriptor XML,Medication
endostatins,MeSH descriptor XML,Medication
endosulfan,MeSH descriptor XML,Medication
endothelial growth factors,MeSH descriptor XML,Medication
endrin,MeSH descriptor XML,Medication
enflurane,MeSH descriptor XML,Medication
enfuvirtide,MeSH descriptor XML,Medication
"enkephalin, ala(2)-mephe(4)-gly(5)-",MeSH descriptor XML,Medication
"enkephalin, d-penicillamine (2,5)-",MeSH descriptor XML,Medication
"enkephalin, leucine",MeSH descriptor XML,Medication
"enkephalin, methionine",MeSH descriptor XML,Medication
enkephalins,MeSH descriptor XML,Medication
enoxacin,MeSH descriptor XML,Medication
enoxaparin,MeSH descriptor XML,Medication
enoximone,MeSH descriptor XML,Medication
enprostil,MeSH descriptor XML,Medication
enrofloxacin,MeSH descriptor XML,Medication
enterobactin,MeSH descriptor XML,Medication
enviomycin,MeSH descriptor XML,Medication
eosine i bluish,MeSH descriptor XML,Medication
eosine yellowish-(ys),MeSH descriptor XML,Medication
eosinophil cationic protein,MeSH descriptor XML,Medication
eosinophil granule proteins,MeSH descriptor XML,Medication
eosinophil major basic protein,MeSH descriptor XML,Medication
eosinophil peroxidase,MeSH descriptor XML,Medication
eosinophil-derived neurotoxin,MeSH descriptor XML,Medication
ephedrine,MeSH descriptor XML,Medication
epimestrol,MeSH descriptor XML,Medication
epinephrine,MeSH descriptor XML,Medication
epirizole,MeSH descriptor XML,Medication
epirubicin,MeSH descriptor XML,Medication
eplerenone,MeSH descriptor XML,Medication
epoetin alfa,MeSH descriptor XML,Medication
epoprostenol,MeSH descriptor XML,Medication
epothilones,MeSH descriptor XML,Medication
eptifibatide,MeSH descriptor XML,Medication
equol,MeSH descriptor XML,Medication
ergocalciferols,MeSH descriptor XML,Medication
ergoloid mesylates,MeSH descriptor XML,Medication
ergonovine,MeSH descriptor XML,Medication
ergosterol,MeSH descriptor XML,Medication
ergotamine,MeSH descriptor XML,Medication
ergothioneine,MeSH descriptor XML,Medication
erlotinib hydrochloride,MeSH descriptor XML,Medication
ertapenem,MeSH descriptor XML,Medication
erythritol,MeSH descriptor XML,Medication
erythrityl tetranitrate,MeSH descriptor XML,Medication
erythromycin,MeSH descriptor XML,Medication
erythromycin estolate,MeSH descriptor XML,Medication
erythromycin ethylsuccinate,MeSH descriptor XML,Medication
erythrosine,MeSH descriptor XML,Medication
escin,MeSH descriptor XML,Medication
escitalopram,MeSH descriptor XML,Medication
esomeprazole,MeSH descriptor XML,Medication
estazolam,MeSH descriptor XML,Medication
estradiol,MeSH descriptor XML,Medication
estramustine,MeSH descriptor XML,Medication
"estrogenic steroids, alkylated",MeSH descriptor XML,Medication
"estrogens, conjugated (usp)",MeSH descriptor XML,Medication
"estrogens, esterified (usp)",MeSH descriptor XML,Medication
estrone,MeSH descriptor XML,Medication
eszopiclone,MeSH descriptor XML,Medication
etanercept,MeSH descriptor XML,Medication
etanidazole,MeSH descriptor XML,Medication
etazolate,MeSH descriptor XML,Medication
ethacridine,MeSH descriptor XML,Medication
ethacrynic acid,MeSH descriptor XML,Medication
ethambutol,MeSH descriptor XML,Medication
ethamoxytriphetol,MeSH descriptor XML,Medication
ethamsylate,MeSH descriptor XML,Medication
ethanol,MeSH descriptor XML,Medication
ethchlorvynol,MeSH descriptor XML,Medication
ether,MeSH descriptor XML,Medication
ethidium,MeSH descriptor XML,Medication
ethinyl estradiol,MeSH descriptor XML,Medication
ethinyl estradiol-norgestrel combination,MeSH descriptor XML,Medication
ethiodized oil,MeSH descriptor XML,Medication
ethionamide,MeSH descriptor XML,Medication
ethionine,MeSH descriptor XML,Medication
ethoglucid,MeSH descriptor XML,Medication
ethopabate,MeSH descriptor XML,Medication
ethosuximide,MeSH descriptor XML,Medication
ethoxzolamide,MeSH descriptor XML,Medication
ethyl biscoumacetate,MeSH descriptor XML,Medication
ethyl chloride,MeSH descriptor XML,Medication
ethyl methanesulfonate,MeSH descriptor XML,Medication
ethylene oxide,MeSH descriptor XML,Medication
ethylestrenol,MeSH descriptor XML,Medication
ethylketocyclazocine,MeSH descriptor XML,Medication
ethylmaleimide,MeSH descriptor XML,Medication
ethylmercuric chloride,MeSH descriptor XML,Medication
ethylmercury compounds,MeSH descriptor XML,Medication
ethylmorphine,MeSH descriptor XML,Medication
ethylnitrosourea,MeSH descriptor XML,Medication
ethynodiol diacetate,MeSH descriptor XML,Medication
etidocaine,MeSH descriptor XML,Medication
etidronic acid,MeSH descriptor XML,Medication
etilefrine,MeSH descriptor XML,Medication
etimizol,MeSH descriptor XML,Medication
etodolac,MeSH descriptor XML,Medication
etomidate,MeSH descriptor XML,Medication
etoposide,MeSH descriptor XML,Medication
etoricoxib,MeSH descriptor XML,Medication
etorphine,MeSH descriptor XML,Medication
etretinate,MeSH descriptor XML,Medication
eucalyptol,MeSH descriptor XML,Medication
eugenol,MeSH descriptor XML,Medication
eukaryotic initiation factor-5,MeSH descriptor XML,Medication
europium,MeSH descriptor XML,Medication
evans blue,MeSH descriptor XML,Medication
everolimus,MeSH descriptor XML,Medication
excipients,MeSH descriptor XML,Medication
excitatory amino acids,MeSH descriptor XML,Medication
exenatide,MeSH descriptor XML,Medication
exfoliatins,MeSH descriptor XML,Medication
ezetimibe,MeSH descriptor XML,Medication
"ezetimibe, simvastatin drug combination",MeSH descriptor XML,Medication
factor viii,MeSH descriptor XML,Medication
fadrozole,MeSH descriptor XML,Medication
famciclovir,MeSH descriptor XML,Medication
famotidine,MeSH descriptor XML,Medication
"fat emulsions, intravenous",MeSH descriptor XML,Medication
febuxostat,MeSH descriptor XML,Medication
felbamate,MeSH descriptor XML,Medication
felodipine,MeSH descriptor XML,Medication
felypressin,MeSH descriptor XML,Medication
fenbendazole,MeSH descriptor XML,Medication
fenclonine,MeSH descriptor XML,Medication
fendiline,MeSH descriptor XML,Medication
fenfluramine,MeSH descriptor XML,Medication
fenitrothion,MeSH descriptor XML,Medication
fenofibrate,MeSH descriptor XML,Medication
fenoldopam,MeSH descriptor XML,Medication
fenoprofen,MeSH descriptor XML,Medication
fenoterol,MeSH descriptor XML,Medication
fenretinide,MeSH descriptor XML,Medication
fentanyl,MeSH descriptor XML,Medication
fenthion,MeSH descriptor XML,Medication
feprazone,MeSH descriptor XML,Medication
ferric compounds,MeSH descriptor XML,Medication
"ferric oxide, saccharated",MeSH descriptor XML,Medication
ferrosoferric oxide,MeSH descriptor XML,Medication
ferrozine,MeSH descriptor XML,Medication
fibrin fibrinogen degradation products,MeSH descriptor XML,Medication
fibrin foam,MeSH descriptor XML,Medication
fibrin tissue adhesive,MeSH descriptor XML,Medication
fibrinolysin,MeSH descriptor XML,Medication
ficusin,MeSH descriptor XML,Medication
fidaxomicin,MeSH descriptor XML,Medication
filgrastim,MeSH descriptor XML,Medication
filipin,MeSH descriptor XML,Medication
finasteride,MeSH descriptor XML,Medication
fingolimod hydrochloride,MeSH descriptor XML,Medication
firefly luciferin,MeSH descriptor XML,Medication
fish venoms,MeSH descriptor XML,Medication
flavin mononucleotide,MeSH descriptor XML,Medication
flavoring agents,MeSH descriptor XML,Medication
flavoxate,MeSH descriptor XML,Medication
flecainide,MeSH descriptor XML,Medication
fleroxacin,MeSH descriptor XML,Medication
florigen,MeSH descriptor XML,Medication
flower essences,MeSH descriptor XML,Medication
floxacillin,MeSH descriptor XML,Medication
floxuridine,MeSH descriptor XML,Medication
fluconazole,MeSH descriptor XML,Medication
flucytosine,MeSH descriptor XML,Medication
fludrocortisone,MeSH descriptor XML,Medication
flufenamic acid,MeSH descriptor XML,Medication
flumazenil,MeSH descriptor XML,Medication
flumethasone,MeSH descriptor XML,Medication
flunarizine,MeSH descriptor XML,Medication
flunitrazepam,MeSH descriptor XML,Medication
fluocinolone acetonide,MeSH descriptor XML,Medication
fluocinonide,MeSH descriptor XML,Medication
fluocortolone,MeSH descriptor XML,Medication
fluorescamine,MeSH descriptor XML,Medication
fluorescein,MeSH descriptor XML,Medication
fluorescein-5-isothiocyanate,MeSH descriptor XML,Medication
fluoresceins,MeSH descriptor XML,Medication
fluorides,MeSH descriptor XML,Medication
"fluorides, topical",MeSH descriptor XML,Medication
fluorodeoxyglucose f18,MeSH descriptor XML,Medication
fluorometholone,MeSH descriptor XML,Medication
fluoroquinolones,MeSH descriptor XML,Medication
fluorouracil,MeSH descriptor XML,Medication
fluoxetine,MeSH descriptor XML,Medication
fluoxymesterone,MeSH descriptor XML,Medication
flupenthixol,MeSH descriptor XML,Medication
fluphenazine,MeSH descriptor XML,Medication
fluprednisolone,MeSH descriptor XML,Medication
flurandrenolone,MeSH descriptor XML,Medication
flurazepam,MeSH descriptor XML,Medication
flurbiprofen,MeSH descriptor XML,Medication
flurogestone acetate,MeSH descriptor XML,Medication
flurothyl,MeSH descriptor XML,Medication
fluspirilene,MeSH descriptor XML,Medication
flutamide,MeSH descriptor XML,Medication
fluticasone,MeSH descriptor XML,Medication
fluticasone-salmeterol drug combination,MeSH descriptor XML,Medication
fluvoxamine,MeSH descriptor XML,Medication
fmrfamide,MeSH descriptor XML,Medication
folic acid,MeSH descriptor XML,Medication
follicle stimulating hormone,MeSH descriptor XML,Medication
fomepizole,MeSH descriptor XML,Medication
fondaparinux,MeSH descriptor XML,Medication
fonofos,MeSH descriptor XML,Medication
formaldehyde,MeSH descriptor XML,Medication
formazans,MeSH descriptor XML,Medication
formoterol fumarate,MeSH descriptor XML,Medication
formycins,MeSH descriptor XML,Medication
formyltetrahydrofolates,MeSH descriptor XML,Medication
foscarnet,MeSH descriptor XML,Medication
fosfomycin,MeSH descriptor XML,Medication
fosinopril,MeSH descriptor XML,Medication
framycetin,MeSH descriptor XML,Medication
freund's adjuvant,MeSH descriptor XML,Medication
fructose,MeSH descriptor XML,Medication
fulvestrant,MeSH descriptor XML,Medication
fumonisins,MeSH descriptor XML,Medication
fura-2,MeSH descriptor XML,Medication
furagin,MeSH descriptor XML,Medication
furazolidone,MeSH descriptor XML,Medication
furocoumarins,MeSH descriptor XML,Medication
furosemide,MeSH descriptor XML,Medication
fursultiamin,MeSH descriptor XML,Medication
furylfuramide,MeSH descriptor XML,Medication
fusaric acid,MeSH descriptor XML,Medication
fusidic acid,MeSH descriptor XML,Medication
gabapentin,MeSH descriptor XML,Medication
gabexate,MeSH descriptor XML,Medication
gadolinium dtpa,MeSH descriptor XML,Medication
galantamine,MeSH descriptor XML,Medication
gallamine triethiodide,MeSH descriptor XML,Medication
gallopamil,MeSH descriptor XML,Medication
gamma-aminobutyric acid,MeSH descriptor XML,Medication
gamma-endorphin,MeSH descriptor XML,Medication
gamma-globulins,MeSH descriptor XML,Medication
gamma-msh,MeSH descriptor XML,Medication
gamma-tocopherol,MeSH descriptor XML,Medication
ganciclovir,MeSH descriptor XML,Medication
gasoline,MeSH descriptor XML,Medication
gastric inhibitory polypeptide,MeSH descriptor XML,Medication
gastrin-releasing peptide,MeSH descriptor XML,Medication
gastrins,MeSH descriptor XML,Medication
gatifloxacin,MeSH descriptor XML,Medication
gefarnate,MeSH descriptor XML,Medication
gefitinib,MeSH descriptor XML,Medication
gels,MeSH descriptor XML,Medication
gemcitabine,MeSH descriptor XML,Medication
gemfibrozil,MeSH descriptor XML,Medication
gemifloxacin,MeSH descriptor XML,Medication
gemtuzumab,MeSH descriptor XML,Medication
genistein,MeSH descriptor XML,Medication
gentamicins,MeSH descriptor XML,Medication
gentian violet,MeSH descriptor XML,Medication
gestrinone,MeSH descriptor XML,Medication
gibberellins,MeSH descriptor XML,Medication
glafenine,MeSH descriptor XML,Medication
glatiramer acetate,MeSH descriptor XML,Medication
glaucarubin,MeSH descriptor XML,Medication
gliclazide,MeSH descriptor XML,Medication
gliotoxin,MeSH descriptor XML,Medication
glipizide,MeSH descriptor XML,Medication
glucagon,MeSH descriptor XML,Medication
glucagon-like peptide 1,MeSH descriptor XML,Medication
glucose,MeSH descriptor XML,Medication
"glucose solution, hypertonic",MeSH descriptor XML,Medication
glutaral,MeSH descriptor XML,Medication
glutethimide,MeSH descriptor XML,Medication
glyburide,MeSH descriptor XML,Medication
glycerol,MeSH descriptor XML,Medication
glycine,MeSH descriptor XML,Medication
glycochenodeoxycholic acid,MeSH descriptor XML,Medication
glycocholic acid,MeSH descriptor XML,Medication
glycodeoxycholic acid,MeSH descriptor XML,Medication
glycopyrrolate,MeSH descriptor XML,Medication
glycyrrhetinic acid,MeSH descriptor XML,Medication
glycyrrhizic acid,MeSH descriptor XML,Medication
"gold colloid, radioactive",MeSH descriptor XML,Medication
gold sodium thiomalate,MeSH descriptor XML,Medication
gold sodium thiosulfate,MeSH descriptor XML,Medication
"gonadotropins, pituitary",MeSH descriptor XML,Medication
goserelin,MeSH descriptor XML,Medication
gossypol,MeSH descriptor XML,Medication
gramicidin,MeSH descriptor XML,Medication
granisetron,MeSH descriptor XML,Medication
granzymes,MeSH descriptor XML,Medication
grape seed extract,MeSH descriptor XML,Medication
green fluorescent proteins,MeSH descriptor XML,Medication
griseofulvin,MeSH descriptor XML,Medication
growth hormone-releasing hormone,MeSH descriptor XML,Medication
gtpase-activating proteins,MeSH descriptor XML,Medication
guaiac,MeSH descriptor XML,Medication
guaifenesin,MeSH descriptor XML,Medication
guanabenz,MeSH descriptor XML,Medication
guanazole,MeSH descriptor XML,Medication
guanethidine,MeSH descriptor XML,Medication
guanfacine,MeSH descriptor XML,Medication
halcinonide,MeSH descriptor XML,Medication
halofenate,MeSH descriptor XML,Medication
haloperidol,MeSH descriptor XML,Medication
halothane,MeSH descriptor XML,Medication
harmaline,MeSH descriptor XML,Medication
harmine,MeSH descriptor XML,Medication
harringtonines,MeSH descriptor XML,Medication
"hemagglutinin glycoproteins, influenza virus",MeSH descriptor XML,Medication
hematoporphyrin derivative,MeSH descriptor XML,Medication
hematoporphyrins,MeSH descriptor XML,Medication
hematoxylin,MeSH descriptor XML,Medication
hemicholinium 3,MeSH descriptor XML,Medication
hemodialysis solutions,MeSH descriptor XML,Medication
hemolysin proteins,MeSH descriptor XML,Medication
hempa,MeSH descriptor XML,Medication
heparin,MeSH descriptor XML,Medication
heparin cofactor ii,MeSH descriptor XML,Medication
"heparin, low-molecular-weight",MeSH descriptor XML,Medication
heparinoids,MeSH descriptor XML,Medication
hepatitis a antibodies,MeSH descriptor XML,Medication
hepatitis antibodies,MeSH descriptor XML,Medication
hepatitis b antibodies,MeSH descriptor XML,Medication
hepatitis c antibodies,MeSH descriptor XML,Medication
hepcidins,MeSH descriptor XML,Medication
hepes,MeSH descriptor XML,Medication
heptachlor,MeSH descriptor XML,Medication
heptachlor epoxide,MeSH descriptor XML,Medication
heptavalent pneumococcal conjugate vaccine,MeSH descriptor XML,Medication
heroin,MeSH descriptor XML,Medication
hexachlorobenzene,MeSH descriptor XML,Medication
hexachlorocyclohexane,MeSH descriptor XML,Medication
hexachlorophene,MeSH descriptor XML,Medication
hexadimethrine bromide,MeSH descriptor XML,Medication
hexamethonium,MeSH descriptor XML,Medication
hexamethonium compounds,MeSH descriptor XML,Medication
hexestrol,MeSH descriptor XML,Medication
hexetidine,MeSH descriptor XML,Medication
hexobarbital,MeSH descriptor XML,Medication
hexobendine,MeSH descriptor XML,Medication
hexoprenaline,MeSH descriptor XML,Medication
hexylresorcinol,MeSH descriptor XML,Medication
high fructose corn syrup,MeSH descriptor XML,Medication
hirudins,MeSH descriptor XML,Medication
histamine,MeSH descriptor XML,Medication
hiv antibodies,MeSH descriptor XML,Medication
holothurin,MeSH descriptor XML,Medication
homoharringtonine,MeSH descriptor XML,Medication
htlv-i antibodies,MeSH descriptor XML,Medication
htlv-ii antibodies,MeSH descriptor XML,Medication
humic substances,MeSH descriptor XML,Medication
hyaluronic acid,MeSH descriptor XML,Medication
hycanthone,MeSH descriptor XML,Medication
hydralazine,MeSH descriptor XML,Medication
hydrochlorothiazide,MeSH descriptor XML,Medication
hydrocodone,MeSH descriptor XML,Medication
hydrocortisone,MeSH descriptor XML,Medication
hydroflumethiazide,MeSH descriptor XML,Medication
"hydrogel, polyethylene glycol dimethacrylate",MeSH descriptor XML,Medication
hydrogels,MeSH descriptor XML,Medication
hydrogen cyanide,MeSH descriptor XML,Medication
hydrogen peroxide,MeSH descriptor XML,Medication
hydrogen sulfide,MeSH descriptor XML,Medication
hydromorphone,MeSH descriptor XML,Medication
hydroxocobalamin,MeSH descriptor XML,Medication
hydroxychloroquine,MeSH descriptor XML,Medication
hydroxycholecalciferols,MeSH descriptor XML,Medication
hydroxyethyl starch derivatives,MeSH descriptor XML,Medication
hydroxyl radical,MeSH descriptor XML,Medication
hydroxymercuribenzoates,MeSH descriptor XML,Medication
hydroxyphenylazouracil,MeSH descriptor XML,Medication
hydroxyurea,MeSH descriptor XML,Medication
hydroxyzine,MeSH descriptor XML,Medication
hygromycin b,MeSH descriptor XML,Medication
hymecromone,MeSH descriptor XML,Medication
hyoscyamine,MeSH descriptor XML,Medication
hypertonic solutions,MeSH descriptor XML,Medication
hypochlorous acid,MeSH descriptor XML,Medication
hypoglycins,MeSH descriptor XML,Medication
hypotonic solutions,MeSH descriptor XML,Medication
ibandronic acid,MeSH descriptor XML,Medication
ibogaine,MeSH descriptor XML,Medication
ibotenic acid,MeSH descriptor XML,Medication
ibuprofen,MeSH descriptor XML,Medication
icodextrin,MeSH descriptor XML,Medication
idarubicin,MeSH descriptor XML,Medication
idazoxan,MeSH descriptor XML,Medication
idoxuridine,MeSH descriptor XML,Medication
ifosfamide,MeSH descriptor XML,Medication
illicit drugs,MeSH descriptor XML,Medication
iloprost,MeSH descriptor XML,Medication
imatinib mesylate,MeSH descriptor XML,Medication
imidocarb,MeSH descriptor XML,Medication
imidoesters,MeSH descriptor XML,Medication
imipenem,MeSH descriptor XML,Medication
imipramine,MeSH descriptor XML,Medication
imiquimod,MeSH descriptor XML,Medication
immune sera,MeSH descriptor XML,Medication
immunoconglutinins,MeSH descriptor XML,Medication
immunoglobulin a,MeSH descriptor XML,Medication
"immunoglobulin a, secretory",MeSH descriptor XML,Medication
immunoglobulin allotypes,MeSH descriptor XML,Medication
immunoglobulin alpha-chains,MeSH descriptor XML,Medication
immunoglobulin constant regions,MeSH descriptor XML,Medication
immunoglobulin d,MeSH descriptor XML,Medication
immunoglobulin delta-chains,MeSH descriptor XML,Medication
immunoglobulin e,MeSH descriptor XML,Medication
immunoglobulin epsilon-chains,MeSH descriptor XML,Medication
immunoglobulin fab fragments,MeSH descriptor XML,Medication
immunoglobulin fc fragments,MeSH descriptor XML,Medication
immunoglobulin fragments,MeSH descriptor XML,Medication
immunoglobulin g,MeSH descriptor XML,Medication
immunoglobulin gamma-chains,MeSH descriptor XML,Medication
immunoglobulin gm allotypes,MeSH descriptor XML,Medication
immunoglobulin heavy chains,MeSH descriptor XML,Medication
immunoglobulin idiotypes,MeSH descriptor XML,Medication
immunoglobulin isotypes,MeSH descriptor XML,Medication
immunoglobulin j-chains,MeSH descriptor XML,Medication
immunoglobulin joining region,MeSH descriptor XML,Medication
immunoglobulin kappa-chains,MeSH descriptor XML,Medication
immunoglobulin km allotypes,MeSH descriptor XML,Medication
immunoglobulin lambda-chains,MeSH descriptor XML,Medication
immunoglobulin light chains,MeSH descriptor XML,Medication
immunoglobulin m,MeSH descriptor XML,Medication
immunoglobulin mu-chains,MeSH descriptor XML,Medication
immunoglobulin subunits,MeSH descriptor XML,Medication
immunoglobulin variable region,MeSH descriptor XML,Medication
immunoglobulins,MeSH descriptor XML,Medication
"immunoglobulins, intravenous",MeSH descriptor XML,Medication
"immunoglobulins, thyroid-stimulating",MeSH descriptor XML,Medication
immunotoxins,MeSH descriptor XML,Medication
impromidine,MeSH descriptor XML,Medication
indapamide,MeSH descriptor XML,Medication
indigo carmine,MeSH descriptor XML,Medication
indinavir,MeSH descriptor XML,Medication
indocyanine green,MeSH descriptor XML,Medication
indoleacetic acids,MeSH descriptor XML,Medication
indomethacin,MeSH descriptor XML,Medication
indoprofen,MeSH descriptor XML,Medication
indoramin,MeSH descriptor XML,Medication
infliximab,MeSH descriptor XML,Medication
inhibitor of apoptosis proteins,MeSH descriptor XML,Medication
inosine pranobex,MeSH descriptor XML,Medication
inositol,MeSH descriptor XML,Medication
inotuzumab ozogamicin,MeSH descriptor XML,Medication
insulin,MeSH descriptor XML,Medication
insulin antibodies,MeSH descriptor XML,Medication
insulin aspart,MeSH descriptor XML,Medication
insulin detemir,MeSH descriptor XML,Medication
insulin glargine,MeSH descriptor XML,Medication
insulin lispro,MeSH descriptor XML,Medication
"insulin, isophane",MeSH descriptor XML,Medication
"insulin, lente",MeSH descriptor XML,Medication
"insulin, long-acting",MeSH descriptor XML,Medication
"insulin, regular, pork",MeSH descriptor XML,Medication
"insulin, short-acting",MeSH descriptor XML,Medication
"insulin, ultralente",MeSH descriptor XML,Medication
interferon alpha-2,MeSH descriptor XML,Medication
interferon beta-1a,MeSH descriptor XML,Medication
interferon beta-1b,MeSH descriptor XML,Medication
interferon type i,MeSH descriptor XML,Medication
interferon-alpha,MeSH descriptor XML,Medication
interferon-beta,MeSH descriptor XML,Medication
interferon-gamma,MeSH descriptor XML,Medication
interferons,MeSH descriptor XML,Medication
interleukin 1 receptor antagonist protein,MeSH descriptor XML,Medication
interleukin-12,MeSH descriptor XML,Medication
interleukin-2,MeSH descriptor XML,Medication
interleukin-23,MeSH descriptor XML,Medication
interleukin-4,MeSH descriptor XML,Medication
iodamide,MeSH descriptor XML,Medication
iodine,MeSH descriptor XML,Medication
iodipamide,MeSH descriptor XML,Medication
iodized oil,MeSH descriptor XML,Medication
iodoacetamide,MeSH descriptor XML,Medication
iodoacetates,MeSH descriptor XML,Medication
iodoacetic acid,MeSH descriptor XML,Medication
iodocyanopindolol,MeSH descriptor XML,Medication
iodohippuric acid,MeSH descriptor XML,Medication
iodophors,MeSH descriptor XML,Medication
iodopyracet,MeSH descriptor XML,Medication
iodoquinol,MeSH descriptor XML,Medication
iofetamine,MeSH descriptor XML,Medication
ioglycamic acid,MeSH descriptor XML,Medication
iohexol,MeSH descriptor XML,Medication
ionomycin,MeSH descriptor XML,Medication
iopamidol,MeSH descriptor XML,Medication
iopanoic acid,MeSH descriptor XML,Medication
iophendylate,MeSH descriptor XML,Medication
iothalamate meglumine,MeSH descriptor XML,Medication
iothalamic acid,MeSH descriptor XML,Medication
ioxaglic acid,MeSH descriptor XML,Medication
ipecac,MeSH descriptor XML,Medication
ipilimumab,MeSH descriptor XML,Medication
ipodate,MeSH descriptor XML,Medication
ipratropium,MeSH descriptor XML,Medication
iprindole,MeSH descriptor XML,Medication
iproniazid,MeSH descriptor XML,Medication
ipronidazole,MeSH descriptor XML,Medication
irbesartan,MeSH descriptor XML,Medication
irinotecan,MeSH descriptor XML,Medication
iron,MeSH descriptor XML,Medication
iron-dextran complex,MeSH descriptor XML,Medication
iscoms,MeSH descriptor XML,Medication
islet amyloid polypeptide,MeSH descriptor XML,Medication
isoantibodies,MeSH descriptor XML,Medication
isocarboxazid,MeSH descriptor XML,Medication
isoetharine,MeSH descriptor XML,Medication
isoflurane,MeSH descriptor XML,Medication
isoflurophate,MeSH descriptor XML,Medication
isoniazid,MeSH descriptor XML,Medication
isopentenyladenosine,MeSH descriptor XML,Medication
"isophane insulin, human",MeSH descriptor XML,Medication
isoproterenol,MeSH descriptor XML,Medication
isosorbide,MeSH descriptor XML,Medication
isosorbide dinitrate,MeSH descriptor XML,Medication
isotonic solutions,MeSH descriptor XML,Medication
isotretinoin,MeSH descriptor XML,Medication
isoxsuprine,MeSH descriptor XML,Medication
isradipine,MeSH descriptor XML,Medication
itraconazole,MeSH descriptor XML,Medication
ivabradine,MeSH descriptor XML,Medication
ivermectin,MeSH descriptor XML,Medication
josamycin,MeSH descriptor XML,Medication
kainic acid,MeSH descriptor XML,Medication
kallidin,MeSH descriptor XML,Medication
kallikreins,MeSH descriptor XML,Medication
kanamycin,MeSH descriptor XML,Medication
kaolin,MeSH descriptor XML,Medication
karaya gum,MeSH descriptor XML,Medication
kassinin,MeSH descriptor XML,Medication
ketamine,MeSH descriptor XML,Medication
ketanserin,MeSH descriptor XML,Medication
ketoconazole,MeSH descriptor XML,Medication
ketoprofen,MeSH descriptor XML,Medication
ketorolac,MeSH descriptor XML,Medication
ketorolac tromethamine,MeSH descriptor XML,Medication
ketotifen,MeSH descriptor XML,Medication
khellin,MeSH descriptor XML,Medication
"killer factors, yeast",MeSH descriptor XML,Medication
kinetin,MeSH descriptor XML,Medication
kininogens,MeSH descriptor XML,Medication
kitasamycin,MeSH descriptor XML,Medication
kynurenic acid,MeSH descriptor XML,Medication
labetalol,MeSH descriptor XML,Medication
lacosamide,MeSH descriptor XML,Medication
lactams,MeSH descriptor XML,Medication
lactoferrin,MeSH descriptor XML,Medication
lactose,MeSH descriptor XML,Medication
lactulose,MeSH descriptor XML,Medication
lamivudine,MeSH descriptor XML,Medication
lamotrigine,MeSH descriptor XML,Medication
lanolin,MeSH descriptor XML,Medication
lansoprazole,MeSH descriptor XML,Medication
lapatinib,MeSH descriptor XML,Medication
lasalocid,MeSH descriptor XML,Medication
latanoprost,MeSH descriptor XML,Medication
lecithins,MeSH descriptor XML,Medication
lectins,MeSH descriptor XML,Medication
leflunomide,MeSH descriptor XML,Medication
lenalidomide,MeSH descriptor XML,Medication
lenograstim,MeSH descriptor XML,Medication
lentinan,MeSH descriptor XML,Medication
leptophos,MeSH descriptor XML,Medication
letrozole,MeSH descriptor XML,Medication
leucomycins,MeSH descriptor XML,Medication
leucovorin,MeSH descriptor XML,Medication
leukocidins,MeSH descriptor XML,Medication
leukotriene antagonists,MeSH descriptor XML,Medication
leupeptins,MeSH descriptor XML,Medication
leuprolide,MeSH descriptor XML,Medication
levallorphan,MeSH descriptor XML,Medication
levamisole,MeSH descriptor XML,Medication
levetiracetam,MeSH descriptor XML,Medication
levobunolol,MeSH descriptor XML,Medication
levobupivacaine,MeSH descriptor XML,Medication
levodopa,MeSH descriptor XML,Medication
levofloxacin,MeSH descriptor XML,Medication
levoleucovorin,MeSH descriptor XML,Medication
levomilnacipran,MeSH descriptor XML,Medication
levonorgestrel,MeSH descriptor XML,Medication
levopropoxyphene,MeSH descriptor XML,Medication
levorphanol,MeSH descriptor XML,Medication
lidocaine,MeSH descriptor XML,Medication
"lidocaine, prilocaine drug combination",MeSH descriptor XML,Medication
lidoflazine,MeSH descriptor XML,Medication
linagliptin,MeSH descriptor XML,Medication
lincomycin,MeSH descriptor XML,Medication
lincosamides,MeSH descriptor XML,Medication
linezolid,MeSH descriptor XML,Medication
liniments,MeSH descriptor XML,Medication
linuron,MeSH descriptor XML,Medication
liposomes,MeSH descriptor XML,Medication
liraglutide,MeSH descriptor XML,Medication
lisdexamfetamine dimesylate,MeSH descriptor XML,Medication
lisinopril,MeSH descriptor XML,Medication
lissamine green dyes,MeSH descriptor XML,Medication
lisuride,MeSH descriptor XML,Medication
lithium carbonate,MeSH descriptor XML,Medication
lithium chloride,MeSH descriptor XML,Medication
lithium compounds,MeSH descriptor XML,Medication
lithocholic acid,MeSH descriptor XML,Medication
liver extracts,MeSH descriptor XML,Medication
lobeline,MeSH descriptor XML,Medication
lofepramine,MeSH descriptor XML,Medication
lomustine,MeSH descriptor XML,Medication
long-acting thyroid stimulator,MeSH descriptor XML,Medication
loperamide,MeSH descriptor XML,Medication
lopinavir,MeSH descriptor XML,Medication
lorajmine,MeSH descriptor XML,Medication
loratadine,MeSH descriptor XML,Medication
lorazepam,MeSH descriptor XML,Medication
losartan,MeSH descriptor XML,Medication
loteprednol etabonate,MeSH descriptor XML,Medication
lovastatin,MeSH descriptor XML,Medication
loxapine,MeSH descriptor XML,Medication
lubiprostone,MeSH descriptor XML,Medication
lubricant eye drops,MeSH descriptor XML,Medication
lucanthone,MeSH descriptor XML,Medication
lucensomycin,MeSH descriptor XML,Medication
luciferases,MeSH descriptor XML,Medication
"luciferases, bacterial",MeSH descriptor XML,Medication
"luciferases, firefly",MeSH descriptor XML,Medication
"luciferases, renilla",MeSH descriptor XML,Medication
lumefantrine,MeSH descriptor XML,Medication
luminol,MeSH descriptor XML,Medication
lupus coagulation inhibitor,MeSH descriptor XML,Medication
lurasidone hydrochloride,MeSH descriptor XML,Medication
lycopene,MeSH descriptor XML,Medication
lye,MeSH descriptor XML,Medication
lymecycline,MeSH descriptor XML,Medication
lynestrenol,MeSH descriptor XML,Medication
lyngbya toxins,MeSH descriptor XML,Medication
lypressin,MeSH descriptor XML,Medication
lysergic acid diethylamide,MeSH descriptor XML,Medication
lysostaphin,MeSH descriptor XML,Medication
mafenide,MeSH descriptor XML,Medication
magnesium hydroxide,MeSH descriptor XML,Medication
magnesium oxide,MeSH descriptor XML,Medication
magnesium sulfate,MeSH descriptor XML,Medication
malathion,MeSH descriptor XML,Medication
maleic hydrazide,MeSH descriptor XML,Medication
maltose,MeSH descriptor XML,Medication
mandelic acids,MeSH descriptor XML,Medication
maneb,MeSH descriptor XML,Medication
manganese,MeSH descriptor XML,Medication
mannitol,MeSH descriptor XML,Medication
mannomustine,MeSH descriptor XML,Medication
mannose-binding protein-associated serine proteases,MeSH descriptor XML,Medication
maprotiline,MeSH descriptor XML,Medication
maraviroc,MeSH descriptor XML,Medication
marine toxins,MeSH descriptor XML,Medication
masoprocol,MeSH descriptor XML,Medication
materia medica,MeSH descriptor XML,Medication
maytansine,MeSH descriptor XML,Medication
mazindol,MeSH descriptor XML,Medication
mebendazole,MeSH descriptor XML,Medication
mecamylamine,MeSH descriptor XML,Medication
mechlorethamine,MeSH descriptor XML,Medication
meclizine,MeSH descriptor XML,Medication
meclofenamic acid,MeSH descriptor XML,Medication
meclofenoxate,MeSH descriptor XML,Medication
medazepam,MeSH descriptor XML,Medication
medetomidine,MeSH descriptor XML,Medication
medical marijuana,MeSH descriptor XML,Medication
medigoxin,MeSH descriptor XML,Medication
medrogestone,MeSH descriptor XML,Medication
medroxyprogesterone,MeSH descriptor XML,Medication
medroxyprogesterone acetate,MeSH descriptor XML,Medication
mefenamic acid,MeSH descriptor XML,Medication
mefloquine,MeSH descriptor XML,Medication
mefruside,MeSH descriptor XML,Medication
megestrol,MeSH descriptor XML,Medication
megestrol acetate,MeSH descriptor XML,Medication
meglumine,MeSH descriptor XML,Medication
meglumine antimoniate,MeSH descriptor XML,Medication
meglutol,MeSH descriptor XML,Medication
melanocyte-stimulating hormones,MeSH descriptor XML,Medication
melarsoprol,MeSH descriptor XML,Medication
melatonin,MeSH descriptor XML,Medication
melengestrol acetate,MeSH descriptor XML,Medication
meloxicam,MeSH descriptor XML,Medication
melphalan,MeSH descriptor XML,Medication
memantine,MeSH descriptor XML,Medication
membrane cofactor protein,MeSH descriptor XML,Medication
menogaril,MeSH descriptor XML,Medication
menotropins,MeSH descriptor XML,Medication
menthol,MeSH descriptor XML,Medication
mepartricin,MeSH descriptor XML,Medication
meperidine,MeSH descriptor XML,Medication
mephenesin,MeSH descriptor XML,Medication
mephentermine,MeSH descriptor XML,Medication
mephenytoin,MeSH descriptor XML,Medication
mephobarbital,MeSH descriptor XML,Medication
mepivacaine,MeSH descriptor XML,Medication
meprobamate,MeSH descriptor XML,Medication
meptazinol,MeSH descriptor XML,Medication
mercaptopurine,MeSH descriptor XML,Medication
mercuribenzoates,MeSH descriptor XML,Medication
mercuric chloride,MeSH descriptor XML,Medication
meropenem,MeSH descriptor XML,Medication
mersalyl,MeSH descriptor XML,Medication
mesalamine,MeSH descriptor XML,Medication
mescaline,MeSH descriptor XML,Medication
mesna,MeSH descriptor XML,Medication
mesoridazine,MeSH descriptor XML,Medication
mesterolone,MeSH descriptor XML,Medication
mestranol,MeSH descriptor XML,Medication
metaproterenol,MeSH descriptor XML,Medication
metaraminol,MeSH descriptor XML,Medication
metergoline,MeSH descriptor XML,Medication
metformin,MeSH descriptor XML,Medication
methacholine chloride,MeSH descriptor XML,Medication
methacycline,MeSH descriptor XML,Medication
methadone,MeSH descriptor XML,Medication
methadyl acetate,MeSH descriptor XML,Medication
methallibure,MeSH descriptor XML,Medication
methamphetamine,MeSH descriptor XML,Medication
methandriol,MeSH descriptor XML,Medication
methandrostenolone,MeSH descriptor XML,Medication
methanol,MeSH descriptor XML,Medication
methantheline,MeSH descriptor XML,Medication
methapyrilene,MeSH descriptor XML,Medication
methaqualone,MeSH descriptor XML,Medication
methazolamide,MeSH descriptor XML,Medication
methenamine,MeSH descriptor XML,Medication
methenolone,MeSH descriptor XML,Medication
methicillin,MeSH descriptor XML,Medication
methimazole,MeSH descriptor XML,Medication
methiocarb,MeSH descriptor XML,Medication
methiothepin,MeSH descriptor XML,Medication
methisazone,MeSH descriptor XML,Medication
methocarbamol,MeSH descriptor XML,Medication
methohexital,MeSH descriptor XML,Medication
methomyl,MeSH descriptor XML,Medication
methotrexate,MeSH descriptor XML,Medication
methotrimeprazine,MeSH descriptor XML,Medication
methoxamine,MeSH descriptor XML,Medication
methoxsalen,MeSH descriptor XML,Medication
methoxychlor,MeSH descriptor XML,Medication
methoxyflurane,MeSH descriptor XML,Medication
methyclothiazide,MeSH descriptor XML,Medication
methyl green,MeSH descriptor XML,Medication
methyl methanesulfonate,MeSH descriptor XML,Medication
methyl parathion,MeSH descriptor XML,Medication
methylazoxymethanol acetate,MeSH descriptor XML,Medication
methyldopa,MeSH descriptor XML,Medication
methylene blue,MeSH descriptor XML,Medication
methylergonovine,MeSH descriptor XML,Medication
methylmethacrylate,MeSH descriptor XML,Medication
methylnitrosourea,MeSH descriptor XML,Medication
methylphenidate,MeSH descriptor XML,Medication
methylprednisolone,MeSH descriptor XML,Medication
methylprednisolone acetate,MeSH descriptor XML,Medication
methylprednisolone hemisuccinate,MeSH descriptor XML,Medication
methyltestosterone,MeSH descriptor XML,Medication
methylthiouracil,MeSH descriptor XML,Medication
methysergide,MeSH descriptor XML,Medication
metiamide,MeSH descriptor XML,Medication
metipranolol,MeSH descriptor XML,Medication
metoclopramide,MeSH descriptor XML,Medication
metolazone,MeSH descriptor XML,Medication
metoprolol,MeSH descriptor XML,Medication
metrizamide,MeSH descriptor XML,Medication
metrizoic acid,MeSH descriptor XML,Medication
metronidazole,MeSH descriptor XML,Medication
metyrapone,MeSH descriptor XML,Medication
mevinphos,MeSH descriptor XML,Medication
mexiletine,MeSH descriptor XML,Medication
mezlocillin,MeSH descriptor XML,Medication
mianserin,MeSH descriptor XML,Medication
mibefradil,MeSH descriptor XML,Medication
micafungin,MeSH descriptor XML,Medication
micelles,MeSH descriptor XML,Medication
miconazole,MeSH descriptor XML,Medication
microcystins,MeSH descriptor XML,Medication
microgels,MeSH descriptor XML,Medication
midazolam,MeSH descriptor XML,Medication
midodrine,MeSH descriptor XML,Medication
mifepristone,MeSH descriptor XML,Medication
mikamycin,MeSH descriptor XML,Medication
milnacipran,MeSH descriptor XML,Medication
milrinone,MeSH descriptor XML,Medication
mineral oil,MeSH descriptor XML,Medication
minocycline,MeSH descriptor XML,Medication
minoxidil,MeSH descriptor XML,Medication
miocamycin,MeSH descriptor XML,Medication
mirtazapine,MeSH descriptor XML,Medication
misonidazole,MeSH descriptor XML,Medication
misoprostol,MeSH descriptor XML,Medication
mitobronitol,MeSH descriptor XML,Medication
mitoguazone,MeSH descriptor XML,Medication
mitolactol,MeSH descriptor XML,Medication
mitomycin,MeSH descriptor XML,Medication
mitomycins,MeSH descriptor XML,Medication
mitotane,MeSH descriptor XML,Medication
mitoxantrone,MeSH descriptor XML,Medication
mivacurium,MeSH descriptor XML,Medication
moclobemide,MeSH descriptor XML,Medication
modafinil,MeSH descriptor XML,Medication
molindone,MeSH descriptor XML,Medication
mollusk venoms,MeSH descriptor XML,Medication
molsidomine,MeSH descriptor XML,Medication
molybdenum,MeSH descriptor XML,Medication
mometasone furoate,MeSH descriptor XML,Medication
"mometasone furoate, formoterol fumarate drug combination",MeSH descriptor XML,Medication
monensin,MeSH descriptor XML,Medication
monocrotophos,MeSH descriptor XML,Medication
mopidamol,MeSH descriptor XML,Medication
morantel,MeSH descriptor XML,Medication
moricizine,MeSH descriptor XML,Medication
morphine,MeSH descriptor XML,Medication
motilin,MeSH descriptor XML,Medication
moxalactam,MeSH descriptor XML,Medication
moxifloxacin,MeSH descriptor XML,Medication
moxisylyte,MeSH descriptor XML,Medication
msh release-inhibiting hormone,MeSH descriptor XML,Medication
"multi-ingredient cold, flu, and allergy medications",MeSH descriptor XML,Medication
mupirocin,MeSH descriptor XML,Medication
muramidase,MeSH descriptor XML,Medication
murexide,MeSH descriptor XML,Medication
muromonab-cd3,MeSH descriptor XML,Medication
muscarine,MeSH descriptor XML,Medication
muscimol,MeSH descriptor XML,Medication
mustard gas,MeSH descriptor XML,Medication
muzolimine,MeSH descriptor XML,Medication
mycobacillin,MeSH descriptor XML,Medication
mycophenolic acid,MeSH descriptor XML,Medication
mycotoxins,MeSH descriptor XML,Medication
myeloma proteins,MeSH descriptor XML,Medication
"n,n-dimethyltryptamine",MeSH descriptor XML,Medication
"n-methyl-3,4-methylenedioxyamphetamine",MeSH descriptor XML,Medication
n-methylaspartate,MeSH descriptor XML,Medication
n-methylscopolamine,MeSH descriptor XML,Medication
nabumetone,MeSH descriptor XML,Medication
nadolol,MeSH descriptor XML,Medication
nadroparin,MeSH descriptor XML,Medication
nafarelin,MeSH descriptor XML,Medication
nafcillin,MeSH descriptor XML,Medication
nafenopin,MeSH descriptor XML,Medication
nafoxidine,MeSH descriptor XML,Medication
nafronyl,MeSH descriptor XML,Medication
nalbuphine,MeSH descriptor XML,Medication
naled,MeSH descriptor XML,Medication
nalidixic acid,MeSH descriptor XML,Medication
nalorphine,MeSH descriptor XML,Medication
naloxone,MeSH descriptor XML,Medication
naltrexone,MeSH descriptor XML,Medication
nandrolone,MeSH descriptor XML,Medication
nandrolone decanoate,MeSH descriptor XML,Medication
nanocapsules,MeSH descriptor XML,Medication
nanoconjugates,MeSH descriptor XML,Medication
nanoparticle drug delivery system,MeSH descriptor XML,Medication
nanovaccines,MeSH descriptor XML,Medication
naphazoline,MeSH descriptor XML,Medication
naproxen,MeSH descriptor XML,Medication
nasal sprays,MeSH descriptor XML,Medication
natalizumab,MeSH descriptor XML,Medication
natamycin,MeSH descriptor XML,Medication
nateglinide,MeSH descriptor XML,Medication
"natriuretic peptide, brain",MeSH descriptor XML,Medication
"natriuretic peptide, c-type",MeSH descriptor XML,Medication
nebivolol,MeSH descriptor XML,Medication
nebramycin,MeSH descriptor XML,Medication
nedocromil,MeSH descriptor XML,Medication
nefopam,MeSH descriptor XML,Medication
nelfinavir,MeSH descriptor XML,Medication
neomycin,MeSH descriptor XML,Medication
neonicotinoids,MeSH descriptor XML,Medication
neostigmine,MeSH descriptor XML,Medication
netilmicin,MeSH descriptor XML,Medication
netropsin,MeSH descriptor XML,Medication
neurokinin a,MeSH descriptor XML,Medication
neurokinin b,MeSH descriptor XML,Medication
neuronal apoptosis-inhibitory protein,MeSH descriptor XML,Medication
neuroserpin,MeSH descriptor XML,Medication
neutral red,MeSH descriptor XML,Medication
nevirapine,MeSH descriptor XML,Medication
ng-nitroarginine methyl ester,MeSH descriptor XML,Medication
niacin,MeSH descriptor XML,Medication
niacinamide,MeSH descriptor XML,Medication
nialamide,MeSH descriptor XML,Medication
nicarbazin,MeSH descriptor XML,Medication
nicardipine,MeSH descriptor XML,Medication
nicergoline,MeSH descriptor XML,Medication
niceritrol,MeSH descriptor XML,Medication
nickel,MeSH descriptor XML,Medication
niclosamide,MeSH descriptor XML,Medication
nicorandil,MeSH descriptor XML,Medication
nicotine,MeSH descriptor XML,Medication
nicotine chewing gum,MeSH descriptor XML,Medication
nicotinic acids,MeSH descriptor XML,Medication
nicotinyl alcohol,MeSH descriptor XML,Medication
nifedipine,MeSH descriptor XML,Medication
niflumic acid,MeSH descriptor XML,Medication
nifuratel,MeSH descriptor XML,Medication
nifurtimox,MeSH descriptor XML,Medication
nigericin,MeSH descriptor XML,Medication
nikethamide,MeSH descriptor XML,Medication
nimodipine,MeSH descriptor XML,Medication
nimorazole,MeSH descriptor XML,Medication
nimustine,MeSH descriptor XML,Medication
ninhydrin,MeSH descriptor XML,Medication
niridazole,MeSH descriptor XML,Medication
nisin,MeSH descriptor XML,Medication
nisoldipine,MeSH descriptor XML,Medication
nitracrine,MeSH descriptor XML,Medication
nitrazepam,MeSH descriptor XML,Medication
nitrendipine,MeSH descriptor XML,Medication
nitric acid,MeSH descriptor XML,Medication
nitric oxide,MeSH descriptor XML,Medication
nitrilotriacetic acid,MeSH descriptor XML,Medication
nitroarginine,MeSH descriptor XML,Medication
nitroblue tetrazolium,MeSH descriptor XML,Medication
nitrofurantoin,MeSH descriptor XML,Medication
nitrofurazone,MeSH descriptor XML,Medication
nitrogen dioxide,MeSH descriptor XML,Medication
nitrogen mustard compounds,MeSH descriptor XML,Medication
nitroglycerin,MeSH descriptor XML,Medication
nitromifene,MeSH descriptor XML,Medication
nitroprusside,MeSH descriptor XML,Medication
nitrosoguanidines,MeSH descriptor XML,Medication
nitrosomethylurethane,MeSH descriptor XML,Medication
nitrous oxide,MeSH descriptor XML,Medication
nitrovin,MeSH descriptor XML,Medication
nitroxinil,MeSH descriptor XML,Medication
nivolumab,MeSH descriptor XML,Medication
nizatidine,MeSH descriptor XML,Medication
nocodazole,MeSH descriptor XML,Medication
nogalamycin,MeSH descriptor XML,Medication
nomifensine,MeSH descriptor XML,Medication
nonachlazine,MeSH descriptor XML,Medication
nonoxynol,MeSH descriptor XML,Medication
nonprescription drugs,MeSH descriptor XML,Medication
nordazepam,MeSH descriptor XML,Medication
nordefrin,MeSH descriptor XML,Medication
norepinephrine,MeSH descriptor XML,Medication
norethandrolone,MeSH descriptor XML,Medication
norethindrone,MeSH descriptor XML,Medication
norethindrone acetate,MeSH descriptor XML,Medication
norethynodrel,MeSH descriptor XML,Medication
norfenfluramine,MeSH descriptor XML,Medication
norfloxacin,MeSH descriptor XML,Medication
norgestrel,MeSH descriptor XML,Medication
norgestrienone,MeSH descriptor XML,Medication
nortriptyline,MeSH descriptor XML,Medication
noscapine,MeSH descriptor XML,Medication
nostrums,MeSH descriptor XML,Medication
novobiocin,MeSH descriptor XML,Medication
noxythiolin,MeSH descriptor XML,Medication
nylidrin,MeSH descriptor XML,Medication
nystatin,MeSH descriptor XML,Medication
o-(chloroacetylcarbamoyl)fumagillol,MeSH descriptor XML,Medication
o-aminoazotoluene,MeSH descriptor XML,Medication
o-chlorobenzylidenemalonitrile,MeSH descriptor XML,Medication
o-phthalaldehyde,MeSH descriptor XML,Medication
obidoxime chloride,MeSH descriptor XML,Medication
ochratoxins,MeSH descriptor XML,Medication
octopamine,MeSH descriptor XML,Medication
octoxynol,MeSH descriptor XML,Medication
octreotide,MeSH descriptor XML,Medication
ofloxacin,MeSH descriptor XML,Medication
ointment bases,MeSH descriptor XML,Medication
ointments,MeSH descriptor XML,Medication
okadaic acid,MeSH descriptor XML,Medication
olanzapine,MeSH descriptor XML,Medication
oleandomycin,MeSH descriptor XML,Medication
oligomycins,MeSH descriptor XML,Medication
olivomycins,MeSH descriptor XML,Medication
olmesartan medoxomil,MeSH descriptor XML,Medication
olopatadine hydrochloride,MeSH descriptor XML,Medication
omalizumab,MeSH descriptor XML,Medication
omega-agatoxin iva,MeSH descriptor XML,Medication
omega-chloroacetophenone,MeSH descriptor XML,Medication
omega-conotoxin gvia,MeSH descriptor XML,Medication
omega-conotoxins,MeSH descriptor XML,Medication
omega-n-methylarginine,MeSH descriptor XML,Medication
omeprazole,MeSH descriptor XML,Medication
oncostatin m,MeSH descriptor XML,Medication
ondansetron,MeSH descriptor XML,Medication
ophthalmic solutions,MeSH descriptor XML,Medication
opiate alkaloids,MeSH descriptor XML,Medication
opioid peptides,MeSH descriptor XML,Medication
opipramol,MeSH descriptor XML,Medication
opium,MeSH descriptor XML,Medication
opsonin proteins,MeSH descriptor XML,Medication
oral sprays,MeSH descriptor XML,Medication
organ preservation solutions,MeSH descriptor XML,Medication
orlistat,MeSH descriptor XML,Medication
ornidazole,MeSH descriptor XML,Medication
ornipressin,MeSH descriptor XML,Medication
orphenadrine,MeSH descriptor XML,Medication
oseltamivir,MeSH descriptor XML,Medication
ouabain,MeSH descriptor XML,Medication
ovomucin,MeSH descriptor XML,Medication
oxacillin,MeSH descriptor XML,Medication
oxalic acid,MeSH descriptor XML,Medication
oxaliplatin,MeSH descriptor XML,Medication
oxamniquine,MeSH descriptor XML,Medication
oxandrolone,MeSH descriptor XML,Medication
oxaprozin,MeSH descriptor XML,Medication
oxazepam,MeSH descriptor XML,Medication
oxazolidinones,MeSH descriptor XML,Medication
oxazolone,MeSH descriptor XML,Medication
oxcarbazepine,MeSH descriptor XML,Medication
oxidopamine,MeSH descriptor XML,Medication
oxolinic acid,MeSH descriptor XML,Medication
oxotremorine,MeSH descriptor XML,Medication
oxprenolol,MeSH descriptor XML,Medication
oxyclozanide,MeSH descriptor XML,Medication
oxycodone,MeSH descriptor XML,Medication
oxyfedrine,MeSH descriptor XML,Medication
oxymetazoline,MeSH descriptor XML,Medication
oxymetholone,MeSH descriptor XML,Medication
oxymorphone,MeSH descriptor XML,Medication
oxyphenbutazone,MeSH descriptor XML,Medication
oxyphenisatin acetate,MeSH descriptor XML,Medication
oxyphenonium,MeSH descriptor XML,Medication
oxypurinol,MeSH descriptor XML,Medication
oxytetracycline,MeSH descriptor XML,Medication
oxythiamine,MeSH descriptor XML,Medication
oxytocin,MeSH descriptor XML,Medication
ozone,MeSH descriptor XML,Medication
p-aminoazobenzene,MeSH descriptor XML,Medication
p-aminohippuric acid,MeSH descriptor XML,Medication
p-chloroamphetamine,MeSH descriptor XML,Medication
p-chloromercuribenzoic acid,MeSH descriptor XML,Medication
p-dimethylaminoazobenzene,MeSH descriptor XML,Medication
p-hydroxyamphetamine,MeSH descriptor XML,Medication
paclitaxel,MeSH descriptor XML,Medication
pactamycin,MeSH descriptor XML,Medication
paliperidone palmitate,MeSH descriptor XML,Medication
palivizumab,MeSH descriptor XML,Medication
palmitic acid,MeSH descriptor XML,Medication
palmitoylcarnitine,MeSH descriptor XML,Medication
palonosetron,MeSH descriptor XML,Medication
pamidronate,MeSH descriptor XML,Medication
pancreatic polypeptide,MeSH descriptor XML,Medication
pancreatin,MeSH descriptor XML,Medication
pancrelipase,MeSH descriptor XML,Medication
pancuronium,MeSH descriptor XML,Medication
panitumumab,MeSH descriptor XML,Medication
panobinostat,MeSH descriptor XML,Medication
pantoprazole,MeSH descriptor XML,Medication
pantothenic acid,MeSH descriptor XML,Medication
papaverine,MeSH descriptor XML,Medication
parabens,MeSH descriptor XML,Medication
paraldehyde,MeSH descriptor XML,Medication
paramethasone,MeSH descriptor XML,Medication
paraoxon,MeSH descriptor XML,Medication
paraproteins,MeSH descriptor XML,Medication
paraquat,MeSH descriptor XML,Medication
parathion,MeSH descriptor XML,Medication
parathyroid hormone,MeSH descriptor XML,Medication
parathyroid hormone-related protein,MeSH descriptor XML,Medication
parenteral nutrition solutions,MeSH descriptor XML,Medication
pargyline,MeSH descriptor XML,Medication
paromomycin,MeSH descriptor XML,Medication
paroxetine,MeSH descriptor XML,Medication
particulate matter,MeSH descriptor XML,Medication
patulin,MeSH descriptor XML,Medication
pectins,MeSH descriptor XML,Medication
pefloxacin,MeSH descriptor XML,Medication
pemetrexed,MeSH descriptor XML,Medication
pemoline,MeSH descriptor XML,Medication
pempidine,MeSH descriptor XML,Medication
penbutolol,MeSH descriptor XML,Medication
penfluridol,MeSH descriptor XML,Medication
penicillamine,MeSH descriptor XML,Medication
penicillanic acid,MeSH descriptor XML,Medication
penicillic acid,MeSH descriptor XML,Medication
penicillin g,MeSH descriptor XML,Medication
penicillin g benzathine,MeSH descriptor XML,Medication
penicillin g procaine,MeSH descriptor XML,Medication
penicillin v,MeSH descriptor XML,Medication
penicillins,MeSH descriptor XML,Medication
pentachlorophenol,MeSH descriptor XML,Medication
pentaerythritol tetranitrate,MeSH descriptor XML,Medication
pentamidine,MeSH descriptor XML,Medication
pentazocine,MeSH descriptor XML,Medication
pentetic acid,MeSH descriptor XML,Medication
pentobarbital,MeSH descriptor XML,Medication
pentolinium tartrate,MeSH descriptor XML,Medication
pentosan sulfuric polyester,MeSH descriptor XML,Medication
pentostatin,MeSH descriptor XML,Medication
pentoxifylline,MeSH descriptor XML,Medication
pentylenetetrazole,MeSH descriptor XML,Medication
peplomycin,MeSH descriptor XML,Medication
pepsin a,MeSH descriptor XML,Medication
pepstatins,MeSH descriptor XML,Medication
peptichemio,MeSH descriptor XML,Medication
peracetic acid,MeSH descriptor XML,Medication
perazine,MeSH descriptor XML,Medication
perforin,MeSH descriptor XML,Medication
pergolide,MeSH descriptor XML,Medication
perhexiline,MeSH descriptor XML,Medication
perindopril,MeSH descriptor XML,Medication
permethrin,MeSH descriptor XML,Medication
peroxides,MeSH descriptor XML,Medication
perphenazine,MeSH descriptor XML,Medication
petrolatum,MeSH descriptor XML,Medication
phalloidine,MeSH descriptor XML,Medication
pharmaceutic aids,MeSH descriptor XML,Medication
pharmaceutical preparations,MeSH descriptor XML,Medication
"pharmaceutical preparations, dental",MeSH descriptor XML,Medication
pharmaceutical solutions,MeSH descriptor XML,Medication
pharmaceutical vehicles,MeSH descriptor XML,Medication
phenacetin,MeSH descriptor XML,Medication
phenazocine,MeSH descriptor XML,Medication
phencyclidine,MeSH descriptor XML,Medication
phenelzine,MeSH descriptor XML,Medication
phenformin,MeSH descriptor XML,Medication
phenindione,MeSH descriptor XML,Medication
pheniramine,MeSH descriptor XML,Medication
phenmetrazine,MeSH descriptor XML,Medication
phenobarbital,MeSH descriptor XML,Medication
phenol,MeSH descriptor XML,Medication
phenolphthalein,MeSH descriptor XML,Medication
phenolphthaleins,MeSH descriptor XML,Medication
phenolsulfonphthalein,MeSH descriptor XML,Medication
phenoperidine,MeSH descriptor XML,Medication
phenoxybenzamine,MeSH descriptor XML,Medication
phenprocoumon,MeSH descriptor XML,Medication
phentermine,MeSH descriptor XML,Medication
phentolamine,MeSH descriptor XML,Medication
phenylbutazone,MeSH descriptor XML,Medication
phenylephrine,MeSH descriptor XML,Medication
phenylethyl alcohol,MeSH descriptor XML,Medication
phenylglyoxal,MeSH descriptor XML,Medication
phenylmercuric acetate,MeSH descriptor XML,Medication
phenylmercury compounds,MeSH descriptor XML,Medication
phenylmethylsulfonyl fluoride,MeSH descriptor XML,Medication
"phenylphosphonothioic acid, 2-ethyl 2-(4-nitrophenyl) ester",MeSH descriptor XML,Medication
phenylpropanolamine,MeSH descriptor XML,Medication
phenytoin,MeSH descriptor XML,Medication
phleomycins,MeSH descriptor XML,Medication
phloroglucinol,MeSH descriptor XML,Medication
phorate,MeSH descriptor XML,Medication
"phorbol 12,13-dibutyrate",MeSH descriptor XML,Medication
phorbol esters,MeSH descriptor XML,Medication
phosgene,MeSH descriptor XML,Medication
phosmet,MeSH descriptor XML,Medication
phosphamidon,MeSH descriptor XML,Medication
phosphatidylethanolamine binding protein,MeSH descriptor XML,Medication
phosphocreatine,MeSH descriptor XML,Medication
phosphonoacetic acid,MeSH descriptor XML,Medication
phosphoramide mustards,MeSH descriptor XML,Medication
phosphothreonine,MeSH descriptor XML,Medication
physalaemin,MeSH descriptor XML,Medication
physostigmine,MeSH descriptor XML,Medication
phytochelatins,MeSH descriptor XML,Medication
phytohemagglutinins,MeSH descriptor XML,Medication
phytosomes,MeSH descriptor XML,Medication
picibanil,MeSH descriptor XML,Medication
picloram,MeSH descriptor XML,Medication
picrotoxin,MeSH descriptor XML,Medication
pilocarpine,MeSH descriptor XML,Medication
pimozide,MeSH descriptor XML,Medication
pinacidil,MeSH descriptor XML,Medication
pindolol,MeSH descriptor XML,Medication
pioglitazone,MeSH descriptor XML,Medication
pipecuronium,MeSH descriptor XML,Medication
pipemidic acid,MeSH descriptor XML,Medication
piperacillin,MeSH descriptor XML,Medication
"piperacillin, tazobactam drug combination",MeSH descriptor XML,Medication
piperazine,MeSH descriptor XML,Medication
piperonyl butoxide,MeSH descriptor XML,Medication
piperoxan,MeSH descriptor XML,Medication
pipobroman,MeSH descriptor XML,Medication
piracetam,MeSH descriptor XML,Medication
pirenzepine,MeSH descriptor XML,Medication
piribedil,MeSH descriptor XML,Medication
pirinitramide,MeSH descriptor XML,Medication
piromidic acid,MeSH descriptor XML,Medication
piroxicam,MeSH descriptor XML,Medication
pituitary adenylate cyclase-activating polypeptide,MeSH descriptor XML,Medication
pivampicillin,MeSH descriptor XML,Medication
pizotyline,MeSH descriptor XML,Medication
placebos,MeSH descriptor XML,Medication
plant extracts,MeSH descriptor XML,Medication
plant lectins,MeSH descriptor XML,Medication
plantibodies,MeSH descriptor XML,Medication
plasma kallikrein,MeSH descriptor XML,Medication
plasminogen,MeSH descriptor XML,Medication
plasminogen activator inhibitor 1,MeSH descriptor XML,Medication
plasminogen activator inhibitor 2,MeSH descriptor XML,Medication
plasminogen inactivators,MeSH descriptor XML,Medication
platelet factor 3,MeSH descriptor XML,Medication
platelet factor 4,MeSH descriptor XML,Medication
pleuromutilins,MeSH descriptor XML,Medication
plicamycin,MeSH descriptor XML,Medication
podophyllin,MeSH descriptor XML,Medication
podophyllotoxin,MeSH descriptor XML,Medication
pokeweed mitogens,MeSH descriptor XML,Medication
polidocanol,MeSH descriptor XML,Medication
poloxalene,MeSH descriptor XML,Medication
poloxamer,MeSH descriptor XML,Medication
poly a-u,MeSH descriptor XML,Medication
poly i-c,MeSH descriptor XML,Medication
polychlorinated biphenyls,MeSH descriptor XML,Medication
polychlorinated dibenzodioxins,MeSH descriptor XML,Medication
polyethylene glycols,MeSH descriptor XML,Medication
polygeline,MeSH descriptor XML,Medication
polylactic acid-polyglycolic acid copolymer,MeSH descriptor XML,Medication
polymethyl methacrylate,MeSH descriptor XML,Medication
polymyxin b,MeSH descriptor XML,Medication
polymyxins,MeSH descriptor XML,Medication
polyphloretin phosphate,MeSH descriptor XML,Medication
polysorbates,MeSH descriptor XML,Medication
polythiazide,MeSH descriptor XML,Medication
porfiromycin,MeSH descriptor XML,Medication
potassium citrate,MeSH descriptor XML,Medication
potassium cyanide,MeSH descriptor XML,Medication
potassium dichromate,MeSH descriptor XML,Medication
potassium magnesium aspartate,MeSH descriptor XML,Medication
potassium permanganate,MeSH descriptor XML,Medication
povidone,MeSH descriptor XML,Medication
povidone-iodine,MeSH descriptor XML,Medication
powders,MeSH descriptor XML,Medication
practolol,MeSH descriptor XML,Medication
prajmaline,MeSH descriptor XML,Medication
pramipexole,MeSH descriptor XML,Medication
prasugrel hydrochloride,MeSH descriptor XML,Medication
pravastatin,MeSH descriptor XML,Medication
prazepam,MeSH descriptor XML,Medication
praziquantel,MeSH descriptor XML,Medication
prazosin,MeSH descriptor XML,Medication
precipitins,MeSH descriptor XML,Medication
prednimustine,MeSH descriptor XML,Medication
prednisolone,MeSH descriptor XML,Medication
prednisone,MeSH descriptor XML,Medication
pregabalin,MeSH descriptor XML,Medication
pregnanolone,MeSH descriptor XML,Medication
prenalterol,MeSH descriptor XML,Medication
prenylamine,MeSH descriptor XML,Medication
prescription drugs,MeSH descriptor XML,Medication
"preservatives, pharmaceutical",MeSH descriptor XML,Medication
prilocaine,MeSH descriptor XML,Medication
primaquine,MeSH descriptor XML,Medication
primidone,MeSH descriptor XML,Medication
pristinamycin,MeSH descriptor XML,Medication
proadifen,MeSH descriptor XML,Medication
probenecid,MeSH descriptor XML,Medication
probucol,MeSH descriptor XML,Medication
procainamide,MeSH descriptor XML,Medication
procaine,MeSH descriptor XML,Medication
procarbazine,MeSH descriptor XML,Medication
procaterol,MeSH descriptor XML,Medication
prochlorperazine,MeSH descriptor XML,Medication
procyclidine,MeSH descriptor XML,Medication
prodigiosin,MeSH descriptor XML,Medication
prodigiozan,MeSH descriptor XML,Medication
prodrugs,MeSH descriptor XML,Medication
proflavine,MeSH descriptor XML,Medication
progesterone,MeSH descriptor XML,Medication
proglumide,MeSH descriptor XML,Medication
proguanil,MeSH descriptor XML,Medication
prolactin release-inhibiting factors,MeSH descriptor XML,Medication
promazine,MeSH descriptor XML,Medication
promedol,MeSH descriptor XML,Medication
promethazine,MeSH descriptor XML,Medication
prometryne,MeSH descriptor XML,Medication
propafenone,MeSH descriptor XML,Medication
propanidid,MeSH descriptor XML,Medication
propanil,MeSH descriptor XML,Medication
propantheline,MeSH descriptor XML,Medication
properdin,MeSH descriptor XML,Medication
propidium,MeSH descriptor XML,Medication
propiolactone,MeSH descriptor XML,Medication
propofol,MeSH descriptor XML,Medication
propolis,MeSH descriptor XML,Medication
propoxur,MeSH descriptor XML,Medication
propoxycaine,MeSH descriptor XML,Medication
propranolol,MeSH descriptor XML,Medication
propyl gallate,MeSH descriptor XML,Medication
propylbenzilylcholine mustard,MeSH descriptor XML,Medication
propylene glycol,MeSH descriptor XML,Medication
propyliodone,MeSH descriptor XML,Medication
propylthiouracil,MeSH descriptor XML,Medication
proscillaridin,MeSH descriptor XML,Medication
prospidium,MeSH descriptor XML,Medication
protamines,MeSH descriptor XML,Medication
protein c,MeSH descriptor XML,Medication
protein c inhibitor,MeSH descriptor XML,Medication
protein s,MeSH descriptor XML,Medication
"proteinase inhibitory proteins, secretory",MeSH descriptor XML,Medication
prothionamide,MeSH descriptor XML,Medication
protides,MeSH descriptor XML,Medication
protoveratrines,MeSH descriptor XML,Medication
protriptyline,MeSH descriptor XML,Medication
pseudoephedrine,MeSH descriptor XML,Medication
psilocybin,MeSH descriptor XML,Medication
psyllium,MeSH descriptor XML,Medication
pteroylpolyglutamic acids,MeSH descriptor XML,Medication
pulmonary surfactant-associated protein a,MeSH descriptor XML,Medication
pulmonary surfactant-associated protein b,MeSH descriptor XML,Medication
pulmonary surfactant-associated protein c,MeSH descriptor XML,Medication
pulmonary surfactant-associated protein d,MeSH descriptor XML,Medication
pulmonary surfactant-associated proteins,MeSH descriptor XML,Medication
puromycin,MeSH descriptor XML,Medication
puromycin aminonucleoside,MeSH descriptor XML,Medication
pyran copolymer,MeSH descriptor XML,Medication
pyrantel,MeSH descriptor XML,Medication
pyrantel pamoate,MeSH descriptor XML,Medication
pyrantel tartrate,MeSH descriptor XML,Medication
pyrazinamide,MeSH descriptor XML,Medication
pyrethrins,MeSH descriptor XML,Medication
pyridinolcarbamate,MeSH descriptor XML,Medication
pyridostigmine bromide,MeSH descriptor XML,Medication
pyridoxal,MeSH descriptor XML,Medication
pyridoxal phosphate,MeSH descriptor XML,Medication
pyridoxamine,MeSH descriptor XML,Medication
pyridoxine,MeSH descriptor XML,Medication
pyrilamine,MeSH descriptor XML,Medication
pyrimethamine,MeSH descriptor XML,Medication
pyrithiamine,MeSH descriptor XML,Medication
pyrogallol,MeSH descriptor XML,Medication
pyroglobulins,MeSH descriptor XML,Medication
pyronine,MeSH descriptor XML,Medication
pyrrolnitrin,MeSH descriptor XML,Medication
quercetin,MeSH descriptor XML,Medication
quetiapine fumarate,MeSH descriptor XML,Medication
quinacrine,MeSH descriptor XML,Medication
quinacrine mustard,MeSH descriptor XML,Medication
quinapril,MeSH descriptor XML,Medication
quinestrol,MeSH descriptor XML,Medication
quinidine,MeSH descriptor XML,Medication
quinine,MeSH descriptor XML,Medication
quinpirole,MeSH descriptor XML,Medication
quinuclidinyl benzilate,MeSH descriptor XML,Medication
quipazine,MeSH descriptor XML,Medication
quisqualic acid,MeSH descriptor XML,Medication
rabeprazole,MeSH descriptor XML,Medication
racepinephrine,MeSH descriptor XML,Medication
raclopride,MeSH descriptor XML,Medication
radon,MeSH descriptor XML,Medication
radon daughters,MeSH descriptor XML,Medication
rafoxanide,MeSH descriptor XML,Medication
raloxifene hydrochloride,MeSH descriptor XML,Medication
raltegravir potassium,MeSH descriptor XML,Medication
ramipril,MeSH descriptor XML,Medication
ramucirumab,MeSH descriptor XML,Medication
ranibizumab,MeSH descriptor XML,Medication
ranitidine,MeSH descriptor XML,Medication
ranolazine,MeSH descriptor XML,Medication
ras gtpase-activating proteins,MeSH descriptor XML,Medication
razoxane,MeSH descriptor XML,Medication
reagins,MeSH descriptor XML,Medication
reboxetine,MeSH descriptor XML,Medication
"receptors, antigen, b-cell",MeSH descriptor XML,Medication
rehydration solutions,MeSH descriptor XML,Medication
remifentanil,MeSH descriptor XML,Medication
remoxipride,MeSH descriptor XML,Medication
reserpine,MeSH descriptor XML,Medication
resveratrol,MeSH descriptor XML,Medication
rgs proteins,MeSH descriptor XML,Medication
rheumatoid factor,MeSH descriptor XML,Medication
rho(d) immune globulin,MeSH descriptor XML,Medication
rhodamine 123,MeSH descriptor XML,Medication
rhodamines,MeSH descriptor XML,Medication
ribavirin,MeSH descriptor XML,Medication
riboflavin,MeSH descriptor XML,Medication
ribosome inactivating proteins,MeSH descriptor XML,Medication
ribostamycin,MeSH descriptor XML,Medication
ricin,MeSH descriptor XML,Medication
rifabutin,MeSH descriptor XML,Medication
rifampin,MeSH descriptor XML,Medication
rifamycins,MeSH descriptor XML,Medication
rifaximin,MeSH descriptor XML,Medication
rilmenidine,MeSH descriptor XML,Medication
rilpivirine,MeSH descriptor XML,Medication
riluzole,MeSH descriptor XML,Medication
rimantadine,MeSH descriptor XML,Medication
rimonabant,MeSH descriptor XML,Medication
ringer's lactate,MeSH descriptor XML,Medication
ringer's solution,MeSH descriptor XML,Medication
rioprostil,MeSH descriptor XML,Medication
risedronic acid,MeSH descriptor XML,Medication
risperidone,MeSH descriptor XML,Medication
ristocetin,MeSH descriptor XML,Medication
ritanserin,MeSH descriptor XML,Medication
ritodrine,MeSH descriptor XML,Medication
ritonavir,MeSH descriptor XML,Medication
rituximab,MeSH descriptor XML,Medication
rivaroxaban,MeSH descriptor XML,Medication
rivastigmine,MeSH descriptor XML,Medication
robenidine,MeSH descriptor XML,Medication
rocuronium,MeSH descriptor XML,Medication
rolipram,MeSH descriptor XML,Medication
rolitetracycline,MeSH descriptor XML,Medication
ronidazole,MeSH descriptor XML,Medication
ropivacaine,MeSH descriptor XML,Medication
rosaniline dyes,MeSH descriptor XML,Medication
roscovitine,MeSH descriptor XML,Medication
rose bengal,MeSH descriptor XML,Medication
rosiglitazone,MeSH descriptor XML,Medication
rosuvastatin calcium,MeSH descriptor XML,Medication
rotenone,MeSH descriptor XML,Medication
roxarsone,MeSH descriptor XML,Medication
roxithromycin,MeSH descriptor XML,Medication
rutamycin,MeSH descriptor XML,Medication
ruthenium red,MeSH descriptor XML,Medication
s-nitroso-n-acetylpenicillamine,MeSH descriptor XML,Medication
s-nitrosoglutathione,MeSH descriptor XML,Medication
s-nitrosothiols,MeSH descriptor XML,Medication
saccharin,MeSH descriptor XML,Medication
salicylates,MeSH descriptor XML,Medication
salicylic acid,MeSH descriptor XML,Medication
saline solution,MeSH descriptor XML,Medication
"saline solution, hypertonic",MeSH descriptor XML,Medication
salivary cystatins,MeSH descriptor XML,Medication
salmeterol xinafoate,MeSH descriptor XML,Medication
santonin,MeSH descriptor XML,Medication
saquinavir,MeSH descriptor XML,Medication
saralasin,MeSH descriptor XML,Medication
sarin,MeSH descriptor XML,Medication
saxitoxin,MeSH descriptor XML,Medication
sclerosing solutions,MeSH descriptor XML,Medication
scopolamine,MeSH descriptor XML,Medication
secobarbital,MeSH descriptor XML,Medication
secretin,MeSH descriptor XML,Medication
secretory component,MeSH descriptor XML,Medication
secretory leukocyte peptidase inhibitor,MeSH descriptor XML,Medication
selegiline,MeSH descriptor XML,Medication
selenic acid,MeSH descriptor XML,Medication
selenious acid,MeSH descriptor XML,Medication
selenium,MeSH descriptor XML,Medication
semustine,MeSH descriptor XML,Medication
senna extract,MeSH descriptor XML,Medication
sennosides,MeSH descriptor XML,Medication
serotonin,MeSH descriptor XML,Medication
serpin e2,MeSH descriptor XML,Medication
sertraline,MeSH descriptor XML,Medication
"serum albumin, radio-iodinated",MeSH descriptor XML,Medication
sevelamer,MeSH descriptor XML,Medication
sevoflurane,MeSH descriptor XML,Medication
shiga toxins,MeSH descriptor XML,Medication
showdomycin,MeSH descriptor XML,Medication
sildenafil citrate,MeSH descriptor XML,Medication
silica gel,MeSH descriptor XML,Medication
silicon,MeSH descriptor XML,Medication
silver nitrate,MeSH descriptor XML,Medication
silver proteins,MeSH descriptor XML,Medication
silver sulfadiazine,MeSH descriptor XML,Medication
silybin,MeSH descriptor XML,Medication
silymarin,MeSH descriptor XML,Medication
simazine,MeSH descriptor XML,Medication
simendan,MeSH descriptor XML,Medication
simeprevir,MeSH descriptor XML,Medication
simethicone,MeSH descriptor XML,Medication
simvastatin,MeSH descriptor XML,Medication
singlet oxygen,MeSH descriptor XML,Medication
sirolimus,MeSH descriptor XML,Medication
sisomicin,MeSH descriptor XML,Medication
sitagliptin phosphate,MeSH descriptor XML,Medication
"sitagliptin phosphate, metformin hydrochloride drug combination",MeSH descriptor XML,Medication
sizofiran,MeSH descriptor XML,Medication
sodium azide,MeSH descriptor XML,Medication
sodium benzoate,MeSH descriptor XML,Medication
"sodium chloride, dietary",MeSH descriptor XML,Medication
sodium citrate,MeSH descriptor XML,Medication
sodium cyanide,MeSH descriptor XML,Medication
sodium dodecyl sulfate,MeSH descriptor XML,Medication
sodium fluoride,MeSH descriptor XML,Medication
sodium glutamate,MeSH descriptor XML,Medication
sodium hydroxide,MeSH descriptor XML,Medication
sodium hypochlorite,MeSH descriptor XML,Medication
sodium morrhuate,MeSH descriptor XML,Medication
sodium nitrite,MeSH descriptor XML,Medication
sodium oxybate,MeSH descriptor XML,Medication
sodium pertechnetate tc 99m,MeSH descriptor XML,Medication
sodium salicylate,MeSH descriptor XML,Medication
sodium selenite,MeSH descriptor XML,Medication
sodium tetradecyl sulfate,MeSH descriptor XML,Medication
sofosbuvir,MeSH descriptor XML,Medication
solifenacin succinate,MeSH descriptor XML,Medication
solutions,MeSH descriptor XML,Medication
soman,MeSH descriptor XML,Medication
somatostatin,MeSH descriptor XML,Medication
sorafenib,MeSH descriptor XML,Medication
sorbic acid,MeSH descriptor XML,Medication
sorbitol,MeSH descriptor XML,Medication
sotalol,MeSH descriptor XML,Medication
sparsomycin,MeSH descriptor XML,Medication
sparteine,MeSH descriptor XML,Medication
spectinomycin,MeSH descriptor XML,Medication
spiperone,MeSH descriptor XML,Medication
spiramycin,MeSH descriptor XML,Medication
spironolactone,MeSH descriptor XML,Medication
stanozolol,MeSH descriptor XML,Medication
staurosporine,MeSH descriptor XML,Medication
stavudine,MeSH descriptor XML,Medication
streptavidin,MeSH descriptor XML,Medication
streptogramin a,MeSH descriptor XML,Medication
streptogramin group a,MeSH descriptor XML,Medication
streptogramin group b,MeSH descriptor XML,Medication
streptogramins,MeSH descriptor XML,Medication
streptokinase,MeSH descriptor XML,Medication
streptomycin,MeSH descriptor XML,Medication
streptonigrin,MeSH descriptor XML,Medication
streptovaricin,MeSH descriptor XML,Medication
streptozocin,MeSH descriptor XML,Medication
strobilurins,MeSH descriptor XML,Medication
strophanthins,MeSH descriptor XML,Medication
strychnine,MeSH descriptor XML,Medication
substance p,MeSH descriptor XML,Medication
substandard drugs,MeSH descriptor XML,Medication
succimer,MeSH descriptor XML,Medication
succinylcholine,MeSH descriptor XML,Medication
sucralfate,MeSH descriptor XML,Medication
sucrose,MeSH descriptor XML,Medication
sufentanil,MeSH descriptor XML,Medication
sugars,MeSH descriptor XML,Medication
sulbactam,MeSH descriptor XML,Medication
sulbenicillin,MeSH descriptor XML,Medication
sulfacetamide,MeSH descriptor XML,Medication
sulfachlorpyridazine,MeSH descriptor XML,Medication
sulfadiazine,MeSH descriptor XML,Medication
sulfadimethoxine,MeSH descriptor XML,Medication
sulfadoxine,MeSH descriptor XML,Medication
sulfaguanidine,MeSH descriptor XML,Medication
sulfalene,MeSH descriptor XML,Medication
sulfamerazine,MeSH descriptor XML,Medication
sulfameter,MeSH descriptor XML,Medication
sulfamethazine,MeSH descriptor XML,Medication
sulfamethizole,MeSH descriptor XML,Medication
sulfamethoxazole,MeSH descriptor XML,Medication
sulfamethoxypyridazine,MeSH descriptor XML,Medication
sulfamonomethoxine,MeSH descriptor XML,Medication
sulfamoxole,MeSH descriptor XML,Medication
sulfanilamide,MeSH descriptor XML,Medication
sulfanilamides,MeSH descriptor XML,Medication
sulfaphenazole,MeSH descriptor XML,Medication
sulfapyridine,MeSH descriptor XML,Medication
sulfaquinoxaline,MeSH descriptor XML,Medication
sulfasalazine,MeSH descriptor XML,Medication
sulfathiazole,MeSH descriptor XML,Medication
sulfathiazoles,MeSH descriptor XML,Medication
sulfinpyrazone,MeSH descriptor XML,Medication
sulfisomidine,MeSH descriptor XML,Medication
sulfisoxazole,MeSH descriptor XML,Medication
sulfobromophthalein,MeSH descriptor XML,Medication
sulfur dioxide,MeSH descriptor XML,Medication
sulindac,MeSH descriptor XML,Medication
suloctidil,MeSH descriptor XML,Medication
sulpiride,MeSH descriptor XML,Medication
sumatriptan,MeSH descriptor XML,Medication
sunitinib,MeSH descriptor XML,Medication
superoxide dismutase,MeSH descriptor XML,Medication
superoxides,MeSH descriptor XML,Medication
suppositories,MeSH descriptor XML,Medication
suprofen,MeSH descriptor XML,Medication
suramin,MeSH descriptor XML,Medication
suspensions,MeSH descriptor XML,Medication
swainsonine,MeSH descriptor XML,Medication
synephrine,MeSH descriptor XML,Medication
synthetic cathinone,MeSH descriptor XML,Medication
synthetic drugs,MeSH descriptor XML,Medication
tablets,MeSH descriptor XML,Medication
"tablets, enteric-coated",MeSH descriptor XML,Medication
tachykinins,MeSH descriptor XML,Medication
tacrine,MeSH descriptor XML,Medication
tacrolimus,MeSH descriptor XML,Medication
tadalafil,MeSH descriptor XML,Medication
talampicillin,MeSH descriptor XML,Medication
talc,MeSH descriptor XML,Medication
tamoxifen,MeSH descriptor XML,Medication
tamsulosin,MeSH descriptor XML,Medication
tapentadol,MeSH descriptor XML,Medication
tartrazine,MeSH descriptor XML,Medication
taurochenodeoxycholic acid,MeSH descriptor XML,Medication
taurocholic acid,MeSH descriptor XML,Medication
taurodeoxycholic acid,MeSH descriptor XML,Medication
taurolithocholic acid,MeSH descriptor XML,Medication
tazobactam,MeSH descriptor XML,Medication
tea tree oil,MeSH descriptor XML,Medication
technetium tc 99m aggregated albumin,MeSH descriptor XML,Medication
technetium tc 99m diethyl-iminodiacetic acid,MeSH descriptor XML,Medication
technetium tc 99m dimercaptosuccinic acid,MeSH descriptor XML,Medication
technetium tc 99m disofenin,MeSH descriptor XML,Medication
technetium tc 99m exametazime,MeSH descriptor XML,Medication
technetium tc 99m lidofenin,MeSH descriptor XML,Medication
technetium tc 99m medronate,MeSH descriptor XML,Medication
technetium tc 99m mertiatide,MeSH descriptor XML,Medication
technetium tc 99m pentetate,MeSH descriptor XML,Medication
technetium tc 99m pyrophosphate,MeSH descriptor XML,Medication
technetium tc 99m sestamibi,MeSH descriptor XML,Medication
technetium tc 99m sulfur colloid,MeSH descriptor XML,Medication
tegafur,MeSH descriptor XML,Medication
teicoplanin,MeSH descriptor XML,Medication
telbivudine,MeSH descriptor XML,Medication
telmisartan,MeSH descriptor XML,Medication
temazepam,MeSH descriptor XML,Medication
temefos,MeSH descriptor XML,Medication
temozolomide,MeSH descriptor XML,Medication
tenecteplase,MeSH descriptor XML,Medication
teniposide,MeSH descriptor XML,Medication
tenofovir,MeSH descriptor XML,Medication
tenuazonic acid,MeSH descriptor XML,Medication
teprotide,MeSH descriptor XML,Medication
terbinafine,MeSH descriptor XML,Medication
terbutaline,MeSH descriptor XML,Medication
terfenadine,MeSH descriptor XML,Medication
teriparatide,MeSH descriptor XML,Medication
terlipressin,MeSH descriptor XML,Medication
testolactone,MeSH descriptor XML,Medication
testosterone,MeSH descriptor XML,Medication
testosterone congeners,MeSH descriptor XML,Medication
tetanus antitoxin,MeSH descriptor XML,Medication
tetanus toxin,MeSH descriptor XML,Medication
tetrabenazine,MeSH descriptor XML,Medication
tetracaine,MeSH descriptor XML,Medication
tetrachloroethylene,MeSH descriptor XML,Medication
tetrachlorvinphos,MeSH descriptor XML,Medication
tetracycline,MeSH descriptor XML,Medication
tetradecanoylphorbol acetate,MeSH descriptor XML,Medication
tetraethylammonium,MeSH descriptor XML,Medication
tetrahydrofolates,MeSH descriptor XML,Medication
tetrahydrouridine,MeSH descriptor XML,Medication
tetraisopropylpyrophosphamide,MeSH descriptor XML,Medication
tetramethylphenylenediamine,MeSH descriptor XML,Medication
tetranitromethane,MeSH descriptor XML,Medication
tetraphenylborate,MeSH descriptor XML,Medication
tetrathionic acid,MeSH descriptor XML,Medication
tetrazolium salts,MeSH descriptor XML,Medication
tetrodotoxin,MeSH descriptor XML,Medication
thalidomide,MeSH descriptor XML,Medication
thapsigargin,MeSH descriptor XML,Medication
thebaine,MeSH descriptor XML,Medication
thenoyltrifluoroacetone,MeSH descriptor XML,Medication
theobromine,MeSH descriptor XML,Medication
theophylline,MeSH descriptor XML,Medication
thiabendazole,MeSH descriptor XML,Medication
thiamethoxam,MeSH descriptor XML,Medication
thiamine,MeSH descriptor XML,Medication
thiamine monophosphate,MeSH descriptor XML,Medication
thiamine pyrophosphate,MeSH descriptor XML,Medication
thiamine triphosphate,MeSH descriptor XML,Medication
thiamphenicol,MeSH descriptor XML,Medication
thiamylal,MeSH descriptor XML,Medication
thienamycins,MeSH descriptor XML,Medication
thiethylperazine,MeSH descriptor XML,Medication
thimerosal,MeSH descriptor XML,Medication
thioacetazone,MeSH descriptor XML,Medication
thiocholine,MeSH descriptor XML,Medication
thioctic acid,MeSH descriptor XML,Medication
thioguanine,MeSH descriptor XML,Medication
thioinosine,MeSH descriptor XML,Medication
thiopental,MeSH descriptor XML,Medication
thiophanate,MeSH descriptor XML,Medication
thioridazine,MeSH descriptor XML,Medication
thiorphan,MeSH descriptor XML,Medication
thiostrepton,MeSH descriptor XML,Medication
thiotepa,MeSH descriptor XML,Medication
thiothixene,MeSH descriptor XML,Medication
thiouracil,MeSH descriptor XML,Medication
thiourea,MeSH descriptor XML,Medication
thiouridine,MeSH descriptor XML,Medication
thiram,MeSH descriptor XML,Medication
thorium dioxide,MeSH descriptor XML,Medication
three finger toxins,MeSH descriptor XML,Medication
thrombin,MeSH descriptor XML,Medication
thromboplastin,MeSH descriptor XML,Medication
thymalfasin,MeSH descriptor XML,Medication
thymol,MeSH descriptor XML,Medication
thymolphthalein,MeSH descriptor XML,Medication
thymopentin,MeSH descriptor XML,Medication
thyrotropin-releasing hormone,MeSH descriptor XML,Medication
tiagabine,MeSH descriptor XML,Medication
tiapamil hydrochloride,MeSH descriptor XML,Medication
tiapride hydrochloride,MeSH descriptor XML,Medication
ticagrelor,MeSH descriptor XML,Medication
ticarcillin,MeSH descriptor XML,Medication
ticlopidine,MeSH descriptor XML,Medication
ticrynafen,MeSH descriptor XML,Medication
tigecycline,MeSH descriptor XML,Medication
tiletamine,MeSH descriptor XML,Medication
tilidine,MeSH descriptor XML,Medication
tilorone,MeSH descriptor XML,Medication
timolol,MeSH descriptor XML,Medication
tin,MeSH descriptor XML,Medication
tin fluorides,MeSH descriptor XML,Medication
tinidazole,MeSH descriptor XML,Medication
tinzaparin,MeSH descriptor XML,Medication
tiotropium bromide,MeSH descriptor XML,Medication
tirapazamine,MeSH descriptor XML,Medication
tirofiban,MeSH descriptor XML,Medication
tirzepatide,MeSH descriptor XML,Medication
tissue inhibitor of metalloproteinase-1,MeSH descriptor XML,Medication
tissue inhibitor of metalloproteinase-2,MeSH descriptor XML,Medication
tissue inhibitor of metalloproteinase-3,MeSH descriptor XML,Medication
tissue inhibitor of metalloproteinases,MeSH descriptor XML,Medication
tissue plasminogen activator,MeSH descriptor XML,Medication
tobramycin,MeSH descriptor XML,Medication
"tobramycin, dexamethasone drug combination",MeSH descriptor XML,Medication
tocainide,MeSH descriptor XML,Medication
tocopherols,MeSH descriptor XML,Medication
tocotrienols,MeSH descriptor XML,Medication
todralazine,MeSH descriptor XML,Medication
tolazamide,MeSH descriptor XML,Medication
tolazoline,MeSH descriptor XML,Medication
tolbutamide,MeSH descriptor XML,Medication
tolcapone,MeSH descriptor XML,Medication
tolmetin,MeSH descriptor XML,Medication
tolnaftate,MeSH descriptor XML,Medication
tolonium chloride,MeSH descriptor XML,Medication
tolperisone,MeSH descriptor XML,Medication
tolterodine tartrate,MeSH descriptor XML,Medication
toluene,MeSH descriptor XML,Medication
tolvaptan,MeSH descriptor XML,Medication
tomatine,MeSH descriptor XML,Medication
toothpastes,MeSH descriptor XML,Medication
topiramate,MeSH descriptor XML,Medication
topotecan,MeSH descriptor XML,Medication
toremifene,MeSH descriptor XML,Medication
torsemide,MeSH descriptor XML,Medication
tosyllysine chloromethyl ketone,MeSH descriptor XML,Medication
tosylphenylalanyl chloromethyl ketone,MeSH descriptor XML,Medication
toxaphene,MeSH descriptor XML,Medication
toxiferine,MeSH descriptor XML,Medication
toyocamycin,MeSH descriptor XML,Medication
trabectedin,MeSH descriptor XML,Medication
tragacanth,MeSH descriptor XML,Medication
tramadol,MeSH descriptor XML,Medication
tranexamic acid,MeSH descriptor XML,Medication
"trans-1,4-bis(2-chlorobenzaminomethyl)cyclohexane dihydrochloride",MeSH descriptor XML,Medication
tranylcypromine,MeSH descriptor XML,Medication
trapidil,MeSH descriptor XML,Medication
trastuzumab,MeSH descriptor XML,Medication
travoprost,MeSH descriptor XML,Medication
trazodone,MeSH descriptor XML,Medication
trenbolone acetate,MeSH descriptor XML,Medication
tretinoin,MeSH descriptor XML,Medication
tretoquinol,MeSH descriptor XML,Medication
triacetin,MeSH descriptor XML,Medication
triallate,MeSH descriptor XML,Medication
triamcinolone,MeSH descriptor XML,Medication
triamcinolone acetonide,MeSH descriptor XML,Medication
triamterene,MeSH descriptor XML,Medication
triaziquone,MeSH descriptor XML,Medication
triazolam,MeSH descriptor XML,Medication
trichlorfon,MeSH descriptor XML,Medication
trichlormethiazide,MeSH descriptor XML,Medication
trichloroacetic acid,MeSH descriptor XML,Medication
trichloroepoxypropane,MeSH descriptor XML,Medication
trichloroethylene,MeSH descriptor XML,Medication
trichosanthin,MeSH descriptor XML,Medication
trichothecenes,MeSH descriptor XML,Medication
triclabendazole,MeSH descriptor XML,Medication
triclosan,MeSH descriptor XML,Medication
trientine,MeSH descriptor XML,Medication
triethylenemelamine,MeSH descriptor XML,Medication
triethylenephosphoramide,MeSH descriptor XML,Medication
trifluoperazine,MeSH descriptor XML,Medication
trifluperidol,MeSH descriptor XML,Medication
triflupromazine,MeSH descriptor XML,Medication
trifluralin,MeSH descriptor XML,Medication
trifluridine,MeSH descriptor XML,Medication
trihexyphenidyl,MeSH descriptor XML,Medication
triiodobenzoic acids,MeSH descriptor XML,Medication
trimebutine,MeSH descriptor XML,Medication
trimecaine,MeSH descriptor XML,Medication
trimedoxime,MeSH descriptor XML,Medication
trimeprazine,MeSH descriptor XML,Medication
trimetazidine,MeSH descriptor XML,Medication
trimethadione,MeSH descriptor XML,Medication
trimethaphan,MeSH descriptor XML,Medication
trimethoprim,MeSH descriptor XML,Medication
"trimethoprim, sulfamethoxazole drug combination",MeSH descriptor XML,Medication
trimetrexate,MeSH descriptor XML,Medication
trimipramine,MeSH descriptor XML,Medication
trinitrotoluene,MeSH descriptor XML,Medication
trioxsalen,MeSH descriptor XML,Medication
triparanol,MeSH descriptor XML,Medication
tripelennamine,MeSH descriptor XML,Medication
triprolidine,MeSH descriptor XML,Medication
triptorelin pamoate,MeSH descriptor XML,Medication
troglitazone,MeSH descriptor XML,Medication
troleandomycin,MeSH descriptor XML,Medication
tromethamine,MeSH descriptor XML,Medication
tropicamide,MeSH descriptor XML,Medication
tropisetron,MeSH descriptor XML,Medication
trypan blue,MeSH descriptor XML,Medication
"trypsin inhibitor, bowman-birk soybean",MeSH descriptor XML,Medication
"trypsin inhibitor, kunitz soybean",MeSH descriptor XML,Medication
tryptophan,MeSH descriptor XML,Medication
tubercidin,MeSH descriptor XML,Medication
tuberculin,MeSH descriptor XML,Medication
tubocurarine,MeSH descriptor XML,Medication
tuftsin,MeSH descriptor XML,Medication
tumor necrosis factor ligand superfamily member 15,MeSH descriptor XML,Medication
tunicamycin,MeSH descriptor XML,Medication
turpentine,MeSH descriptor XML,Medication
tylosin,MeSH descriptor XML,Medication
tyramine,MeSH descriptor XML,Medication
tyrocidine,MeSH descriptor XML,Medication
tyropanoate,MeSH descriptor XML,Medication
tyrothricin,MeSH descriptor XML,Medication
tyrphostins,MeSH descriptor XML,Medication
ubiquinone,MeSH descriptor XML,Medication
unithiol,MeSH descriptor XML,Medication
uracil mustard,MeSH descriptor XML,Medication
urethane,MeSH descriptor XML,Medication
uric acid,MeSH descriptor XML,Medication
ursodeoxycholic acid,MeSH descriptor XML,Medication
ursolic acid,MeSH descriptor XML,Medication
ustekinumab,MeSH descriptor XML,Medication
vaccine excipients,MeSH descriptor XML,Medication
vaccines,MeSH descriptor XML,Medication
"vaginal creams, foams, and jellies",MeSH descriptor XML,Medication
valacyclovir,MeSH descriptor XML,Medication
valganciclovir,MeSH descriptor XML,Medication
valinomycin,MeSH descriptor XML,Medication
valproic acid,MeSH descriptor XML,Medication
valsartan,MeSH descriptor XML,Medication
vanadium,MeSH descriptor XML,Medication
vancomycin,MeSH descriptor XML,Medication
vardenafil dihydrochloride,MeSH descriptor XML,Medication
varenicline,MeSH descriptor XML,Medication
vasoactive intestinal peptide,MeSH descriptor XML,Medication
vasopressins,MeSH descriptor XML,Medication
vasotocin,MeSH descriptor XML,Medication
vecuronium bromide,MeSH descriptor XML,Medication
vehicle emissions,MeSH descriptor XML,Medication
vemurafenib,MeSH descriptor XML,Medication
venlafaxine hydrochloride,MeSH descriptor XML,Medication
venoms,MeSH descriptor XML,Medication
venturicidins,MeSH descriptor XML,Medication
verapamil,MeSH descriptor XML,Medication
veratrine,MeSH descriptor XML,Medication
veratrum alkaloids,MeSH descriptor XML,Medication
vernamycin b,MeSH descriptor XML,Medication
verteporfin,MeSH descriptor XML,Medication
veterinary drugs,MeSH descriptor XML,Medication
vidarabine,MeSH descriptor XML,Medication
vidarabine phosphate,MeSH descriptor XML,Medication
vigabatrin,MeSH descriptor XML,Medication
vilazodone hydrochloride,MeSH descriptor XML,Medication
vildagliptin,MeSH descriptor XML,Medication
viloxazine,MeSH descriptor XML,Medication
vinblastine,MeSH descriptor XML,Medication
vinca alkaloids,MeSH descriptor XML,Medication
vincamine,MeSH descriptor XML,Medication
vincristine,MeSH descriptor XML,Medication
vindesine,MeSH descriptor XML,Medication
vinorelbine,MeSH descriptor XML,Medication
vinyl chloride,MeSH descriptor XML,Medication
viomycin,MeSH descriptor XML,Medication
virginiamycin,MeSH descriptor XML,Medication
virosomes,MeSH descriptor XML,Medication
vitamin a,MeSH descriptor XML,Medication
vitamin b 12,MeSH descriptor XML,Medication
vitamin b 6,MeSH descriptor XML,Medication
vitamin d,MeSH descriptor XML,Medication
vitamin e,MeSH descriptor XML,Medication
vitamin k,MeSH descriptor XML,Medication
vitamin k 1,MeSH descriptor XML,Medication
vitamin k 2,MeSH descriptor XML,Medication
vitamin k 3,MeSH descriptor XML,Medication
vitamin u,MeSH descriptor XML,Medication
voriconazole,MeSH descriptor XML,Medication
vorinostat,MeSH descriptor XML,Medication
vortioxetine,MeSH descriptor XML,Medication
warfarin,MeSH descriptor XML,Medication
wheat germ agglutinin-horseradish peroxidase conjugate,MeSH descriptor XML,Medication
wortmannin,MeSH descriptor XML,Medication
x-linked inhibitor of apoptosis protein,MeSH descriptor XML,Medication
xamoterol,MeSH descriptor XML,Medication
xanthinol niacinate,MeSH descriptor XML,Medication
xenobiotics,MeSH descriptor XML,Medication
xenon,MeSH descriptor XML,Medication
xipamide,MeSH descriptor XML,Medication
xylazine,MeSH descriptor XML,Medication
xylitol,MeSH descriptor XML,Medication
yohimbine,MeSH descriptor XML,Medication
zalcitabine,MeSH descriptor XML,Medication
zanamivir,MeSH descriptor XML,Medication
zearalenone,MeSH descriptor XML,Medication
zeatin,MeSH descriptor XML,Medication
zeranol,MeSH descriptor XML,Medication
zeta carotene,MeSH descriptor XML,Medication
zidovudine,MeSH descriptor XML,Medication
zimeldine,MeSH descriptor XML,Medication
zinc,MeSH descriptor XML,Medication
zinc oxide,MeSH descriptor XML,Medication
zinc sulfate,MeSH descriptor XML,Medication
zineb,MeSH descriptor XML,Medication
zinostatin,MeSH descriptor XML,Medication
ziram,MeSH descriptor XML,Medication
zolazepam,MeSH descriptor XML,Medication
zoledronic acid,MeSH descriptor XML,Medication
zolpidem,MeSH descriptor XML,Medication
zonisamide,MeSH descriptor XML,Medication
zoxazolamine,MeSH descriptor XML,Medication
zuclomiphene,MeSH descriptor XML,Medication
