term,source,category
22q11 deletion syndrome,MeSH descriptor XML,Disease
"46, xx disorders of sex development",MeSH descriptor XML,Disease
"46, xx testicular disorders of sex development",MeSH descriptor XML,Disease
abdominal abscess,MeSH descriptor XML,Disease
abdominal injuries,MeSH descriptor XML,Disease
abdominal neoplasms,MeSH descriptor XML,Disease
abducens nerve diseases,MeSH descriptor XML,Disease
abducens nerve injury,MeSH descriptor XML,Disease
aberrant crypt foci,MeSH descriptor XML,Disease
abetalipoproteinemia,MeSH descriptor XML,Disease
"abnormalities, drug-induced",MeSH descriptor XML,Disease
"abnormalities, multiple",MeSH descriptor XML,Disease
"abnormalities, radiation-induced",MeSH descriptor XML,Disease
"abnormalities, severe teratoid",MeSH descriptor XML,Disease
"abortion, habitual",MeSH descriptor XML,Disease
"abortion, incomplete",MeSH descriptor XML,Disease
"abortion, missed",MeSH descriptor XML,Disease
"abortion, septic",MeSH descriptor XML,Disease
"abortion, spontaneous",MeSH descriptor XML,Disease
"abortion, threatened",MeSH descriptor XML,Disease
"abortion, veterinary",MeSH descriptor XML,Disease
abruptio placentae,MeSH descriptor XML,Disease
abscess,MeSH descriptor XML,Disease
acalculous cholecystitis,MeSH descriptor XML,Disease
acanthamoeba keratitis,MeSH descriptor XML,Disease
acanthocheilonemiasis,MeSH descriptor XML,Disease
acantholysis,MeSH descriptor XML,Disease
acanthoma,MeSH descriptor XML,Disease
acanthosis nigricans,MeSH descriptor XML,Disease
acatalasia,MeSH descriptor XML,Disease
accelerated idioventricular rhythm,MeSH descriptor XML,Disease
accessory nerve diseases,MeSH descriptor XML,Disease
accessory nerve injuries,MeSH descriptor XML,Disease
accidental injuries,MeSH descriptor XML,Disease
achlorhydria,MeSH descriptor XML,Disease
achondroplasia,MeSH descriptor XML,Disease
acid-base imbalance,MeSH descriptor XML,Disease
acidosis,MeSH descriptor XML,Disease
"acidosis, lactic",MeSH descriptor XML,Disease
"acidosis, renal tubular",MeSH descriptor XML,Disease
"acidosis, respiratory",MeSH descriptor XML,Disease
acinetobacter infections,MeSH descriptor XML,Disease
acne conglobata,MeSH descriptor XML,Disease
acne keloid,MeSH descriptor XML,Disease
acne vulgaris,MeSH descriptor XML,Disease
acneiform eruptions,MeSH descriptor XML,Disease
acquired hyperostosis syndrome,MeSH descriptor XML,Disease
acquired immunodeficiency syndrome,MeSH descriptor XML,Disease
acro-osteolysis,MeSH descriptor XML,Disease
acrocallosal syndrome,MeSH descriptor XML,Disease
acrocephalosyndactylia,MeSH descriptor XML,Disease
acrodermatitis,MeSH descriptor XML,Disease
acrodynia,MeSH descriptor XML,Disease
acromegaly,MeSH descriptor XML,Disease
acrospiroma,MeSH descriptor XML,Disease
"acth syndrome, ectopic",MeSH descriptor XML,Disease
acth-secreting pituitary adenoma,MeSH descriptor XML,Disease
actinobacillosis,MeSH descriptor XML,Disease
actinobacillus infections,MeSH descriptor XML,Disease
actinomycetales infections,MeSH descriptor XML,Disease
actinomycosis,MeSH descriptor XML,Disease
"actinomycosis, cervicofacial",MeSH descriptor XML,Disease
activated protein c resistance,MeSH descriptor XML,Disease
acute aortic syndrome,MeSH descriptor XML,Disease
acute chest syndrome,MeSH descriptor XML,Disease
acute coronary syndrome,MeSH descriptor XML,Disease
acute febrile encephalopathy,MeSH descriptor XML,Disease
acute generalized exanthematous pustulosis,MeSH descriptor XML,Disease
acute kidney injury,MeSH descriptor XML,Disease
acute lung injury,MeSH descriptor XML,Disease
acute radiation syndrome,MeSH descriptor XML,Disease
acute retroviral syndrome,MeSH descriptor XML,Disease
acute-on-chronic liver failure,MeSH descriptor XML,Disease
adamantinoma,MeSH descriptor XML,Disease
adams-stokes syndrome,MeSH descriptor XML,Disease
addison disease,MeSH descriptor XML,Disease
adenocarcinoma,MeSH descriptor XML,Disease
adenocarcinoma in situ,MeSH descriptor XML,Disease
adenocarcinoma of lung,MeSH descriptor XML,Disease
"adenocarcinoma, bronchiolo-alveolar",MeSH descriptor XML,Disease
"adenocarcinoma, clear cell",MeSH descriptor XML,Disease
"adenocarcinoma, follicular",MeSH descriptor XML,Disease
"adenocarcinoma, mucinous",MeSH descriptor XML,Disease
"adenocarcinoma, papillary",MeSH descriptor XML,Disease
"adenocarcinoma, scirrhous",MeSH descriptor XML,Disease
"adenocarcinoma, sebaceous",MeSH descriptor XML,Disease
adenofibroma,MeSH descriptor XML,Disease
adenolymphoma,MeSH descriptor XML,Disease
adenoma,MeSH descriptor XML,Disease
"adenoma, acidophil",MeSH descriptor XML,Disease
"adenoma, basophil",MeSH descriptor XML,Disease
"adenoma, bile duct",MeSH descriptor XML,Disease
"adenoma, chromophobe",MeSH descriptor XML,Disease
"adenoma, islet cell",MeSH descriptor XML,Disease
"adenoma, liver cell",MeSH descriptor XML,Disease
"adenoma, oxyphilic",MeSH descriptor XML,Disease
"adenoma, pleomorphic",MeSH descriptor XML,Disease
"adenoma, sweat gland",MeSH descriptor XML,Disease
"adenoma, villous",MeSH descriptor XML,Disease
adenomatoid tumor,MeSH descriptor XML,Disease
"adenomatosis, pulmonary",MeSH descriptor XML,Disease
adenomatous polyposis coli,MeSH descriptor XML,Disease
adenomatous polyps,MeSH descriptor XML,Disease
adenomyoepithelioma,MeSH descriptor XML,Disease
adenomyoma,MeSH descriptor XML,Disease
adenomyosis,MeSH descriptor XML,Disease
adenophorea infections,MeSH descriptor XML,Disease
adenosarcoma,MeSH descriptor XML,Disease
adenoviridae infections,MeSH descriptor XML,Disease
"adenovirus infections, human",MeSH descriptor XML,Disease
adie syndrome,MeSH descriptor XML,Disease
adiposis dolorosa,MeSH descriptor XML,Disease
adnexal diseases,MeSH descriptor XML,Disease
adrenal cortex diseases,MeSH descriptor XML,Disease
adrenal cortex neoplasms,MeSH descriptor XML,Disease
adrenal gland diseases,MeSH descriptor XML,Disease
adrenal gland neoplasms,MeSH descriptor XML,Disease
"adrenal hyperplasia, congenital",MeSH descriptor XML,Disease
adrenal insufficiency,MeSH descriptor XML,Disease
adrenal rest tumor,MeSH descriptor XML,Disease
adrenocortical adenoma,MeSH descriptor XML,Disease
adrenocortical carcinoma,MeSH descriptor XML,Disease
adrenocortical hyperfunction,MeSH descriptor XML,Disease
adrenogenital syndrome,MeSH descriptor XML,Disease
adrenoleukodystrophy,MeSH descriptor XML,Disease
afferent loop syndrome,MeSH descriptor XML,Disease
afibrinogenemia,MeSH descriptor XML,Disease
aflatoxin poisoning,MeSH descriptor XML,Disease
african horse sickness,MeSH descriptor XML,Disease
african swine fever,MeSH descriptor XML,Disease
agammaglobulinemia,MeSH descriptor XML,Disease
agenesis of corpus callosum,MeSH descriptor XML,Disease
ageusia,MeSH descriptor XML,Disease
aggressive periodontitis,MeSH descriptor XML,Disease
agnosia,MeSH descriptor XML,Disease
agranulocytosis,MeSH descriptor XML,Disease
agraphia,MeSH descriptor XML,Disease
agricultural workers' diseases,MeSH descriptor XML,Disease
aicardi syndrome,MeSH descriptor XML,Disease
"aids arteritis, central nervous system",MeSH descriptor XML,Disease
aids dementia complex,MeSH descriptor XML,Disease
aids-associated nephropathy,MeSH descriptor XML,Disease
aids-related complex,MeSH descriptor XML,Disease
aids-related opportunistic infections,MeSH descriptor XML,Disease
ainhum,MeSH descriptor XML,Disease
airway obstruction,MeSH descriptor XML,Disease
"akathisia, drug-induced",MeSH descriptor XML,Disease
akinetic mutism,MeSH descriptor XML,Disease
alagille syndrome,MeSH descriptor XML,Disease
albinism,MeSH descriptor XML,Disease
"albinism, ocular",MeSH descriptor XML,Disease
"albinism, oculocutaneous",MeSH descriptor XML,Disease
albuminuria,MeSH descriptor XML,Disease
alcohol amnestic disorder,MeSH descriptor XML,Disease
alcohol withdrawal delirium,MeSH descriptor XML,Disease
alcohol withdrawal seizures,MeSH descriptor XML,Disease
alcohol-induced disorders,MeSH descriptor XML,Disease
"alcohol-induced disorders, nervous system",MeSH descriptor XML,Disease
alcohol-related disorders,MeSH descriptor XML,Disease
alcoholic intoxication,MeSH descriptor XML,Disease
alcoholic korsakoff syndrome,MeSH descriptor XML,Disease
alcoholic neuropathy,MeSH descriptor XML,Disease
alcoholism,MeSH descriptor XML,Disease
aleutian mink disease,MeSH descriptor XML,Disease
alexander disease,MeSH descriptor XML,Disease
"alexia, pure",MeSH descriptor XML,Disease
alice in wonderland syndrome,MeSH descriptor XML,Disease
alien limb phenomenon,MeSH descriptor XML,Disease
aliivibrio infections,MeSH descriptor XML,Disease
alkalosis,MeSH descriptor XML,Disease
"alkalosis, respiratory",MeSH descriptor XML,Disease
alkaptonuria,MeSH descriptor XML,Disease
allergic fungal sinusitis,MeSH descriptor XML,Disease
allesthesia,MeSH descriptor XML,Disease
alopecia,MeSH descriptor XML,Disease
alopecia areata,MeSH descriptor XML,Disease
alpha 1-antitrypsin deficiency,MeSH descriptor XML,Disease
alpha-mannosidosis,MeSH descriptor XML,Disease
alpha-thalassemia,MeSH descriptor XML,Disease
alphavirus infections,MeSH descriptor XML,Disease
alstrom syndrome,MeSH descriptor XML,Disease
alternariosis,MeSH descriptor XML,Disease
altitude sickness,MeSH descriptor XML,Disease
alveolar bone loss,MeSH descriptor XML,Disease
"alveolitis, extrinsic allergic",MeSH descriptor XML,Disease
alzheimer disease,MeSH descriptor XML,Disease
amaurosis fugax,MeSH descriptor XML,Disease
amblyopia,MeSH descriptor XML,Disease
amebiasis,MeSH descriptor XML,Disease
ameloblastoma,MeSH descriptor XML,Disease
amelogenesis imperfecta,MeSH descriptor XML,Disease
"amino acid metabolism, inborn errors",MeSH descriptor XML,Disease
"amino acid transport disorders, inborn",MeSH descriptor XML,Disease
amnesia,MeSH descriptor XML,Disease
"amnesia, anterograde",MeSH descriptor XML,Disease
"amnesia, retrograde",MeSH descriptor XML,Disease
"amnesia, transient global",MeSH descriptor XML,Disease
amniotic band syndrome,MeSH descriptor XML,Disease
amphetamine-related disorders,MeSH descriptor XML,Disease
"amputation, traumatic",MeSH descriptor XML,Disease
amyloid neuropathies,MeSH descriptor XML,Disease
"amyloid neuropathies, familial",MeSH descriptor XML,Disease
amyloidosis,MeSH descriptor XML,Disease
"amyloidosis, familial",MeSH descriptor XML,Disease
amyotrophic lateral sclerosis,MeSH descriptor XML,Disease
anal gland neoplasms,MeSH descriptor XML,Disease
anaphylaxis,MeSH descriptor XML,Disease
anaplasia,MeSH descriptor XML,Disease
anaplasmataceae infections,MeSH descriptor XML,Disease
anaplasmosis,MeSH descriptor XML,Disease
ancylostomiasis,MeSH descriptor XML,Disease
andersen syndrome,MeSH descriptor XML,Disease
androgen-insensitivity syndrome,MeSH descriptor XML,Disease
anemia,MeSH descriptor XML,Disease
"anemia, aplastic",MeSH descriptor XML,Disease
"anemia, diamond-blackfan",MeSH descriptor XML,Disease
"anemia, dyserythropoietic, congenital",MeSH descriptor XML,Disease
"anemia, hemolytic",MeSH descriptor XML,Disease
"anemia, hemolytic, autoimmune",MeSH descriptor XML,Disease
"anemia, hemolytic, congenital",MeSH descriptor XML,Disease
"anemia, hemolytic, congenital nonspherocytic",MeSH descriptor XML,Disease
"anemia, hypochromic",MeSH descriptor XML,Disease
"anemia, hypoplastic, congenital",MeSH descriptor XML,Disease
"anemia, iron-deficiency",MeSH descriptor XML,Disease
"anemia, macrocytic",MeSH descriptor XML,Disease
"anemia, megaloblastic",MeSH descriptor XML,Disease
"anemia, myelophthisic",MeSH descriptor XML,Disease
"anemia, neonatal",MeSH descriptor XML,Disease
"anemia, pernicious",MeSH descriptor XML,Disease
"anemia, refractory",MeSH descriptor XML,Disease
"anemia, refractory, with excess of blasts",MeSH descriptor XML,Disease
"anemia, sickle cell",MeSH descriptor XML,Disease
"anemia, sideroblastic",MeSH descriptor XML,Disease
anencephaly,MeSH descriptor XML,Disease
anetoderma,MeSH descriptor XML,Disease
aneurysm,MeSH descriptor XML,Disease
"aneurysm, aortic arch",MeSH descriptor XML,Disease
"aneurysm, ascending aorta",MeSH descriptor XML,Disease
"aneurysm, false",MeSH descriptor XML,Disease
"aneurysm, infected",MeSH descriptor XML,Disease
"aneurysm, ruptured",MeSH descriptor XML,Disease
angelman syndrome,MeSH descriptor XML,Disease
angina pectoris,MeSH descriptor XML,Disease
"angina pectoris, variant",MeSH descriptor XML,Disease
"angina, stable",MeSH descriptor XML,Disease
"angina, unstable",MeSH descriptor XML,Disease
angiodysplasia,MeSH descriptor XML,Disease
angioedema,MeSH descriptor XML,Disease
"angioedemas, hereditary",MeSH descriptor XML,Disease
angiofibroma,MeSH descriptor XML,Disease
angioid streaks,MeSH descriptor XML,Disease
angiokeratoma,MeSH descriptor XML,Disease
angiolipoma,MeSH descriptor XML,Disease
angiolymphoid hyperplasia with eosinophilia,MeSH descriptor XML,Disease
angiomatosis,MeSH descriptor XML,Disease
"angiomatosis, bacillary",MeSH descriptor XML,Disease
angiomyolipoma,MeSH descriptor XML,Disease
angiomyoma,MeSH descriptor XML,Disease
anhedonia,MeSH descriptor XML,Disease
animal diseases,MeSH descriptor XML,Disease
aniridia,MeSH descriptor XML,Disease
anisakiasis,MeSH descriptor XML,Disease
aniseikonia,MeSH descriptor XML,Disease
anisocoria,MeSH descriptor XML,Disease
anisometropia,MeSH descriptor XML,Disease
ankle fractures,MeSH descriptor XML,Disease
ankle injuries,MeSH descriptor XML,Disease
ankyloglossia,MeSH descriptor XML,Disease
ankylosis,MeSH descriptor XML,Disease
anodontia,MeSH descriptor XML,Disease
anomalous left coronary artery,MeSH descriptor XML,Disease
anomia,MeSH descriptor XML,Disease
anophthalmos,MeSH descriptor XML,Disease
anorectal malformations,MeSH descriptor XML,Disease
anosmia,MeSH descriptor XML,Disease
anovulation,MeSH descriptor XML,Disease
"anterior capsular rupture, ocular",MeSH descriptor XML,Disease
anterior compartment syndrome,MeSH descriptor XML,Disease
anterior cruciate ligament injuries,MeSH descriptor XML,Disease
anterior spinal artery syndrome,MeSH descriptor XML,Disease
anterior wall myocardial infarction,MeSH descriptor XML,Disease
anthracosilicosis,MeSH descriptor XML,Disease
anthracosis,MeSH descriptor XML,Disease
anthrax,MeSH descriptor XML,Disease
anti-glomerular basement membrane disease,MeSH descriptor XML,Disease
anti-n-methyl-d-aspartate receptor encephalitis,MeSH descriptor XML,Disease
anti-neutrophil cytoplasmic antibody-associated vasculitis,MeSH descriptor XML,Disease
anticholinergic syndrome,MeSH descriptor XML,Disease
antiphospholipid syndrome,MeSH descriptor XML,Disease
antithrombin iii deficiency,MeSH descriptor XML,Disease
antley-bixler syndrome phenotype,MeSH descriptor XML,Disease
anuria,MeSH descriptor XML,Disease
anus diseases,MeSH descriptor XML,Disease
anus neoplasms,MeSH descriptor XML,Disease
"anus, imperforate",MeSH descriptor XML,Disease
aortic aneurysm,MeSH descriptor XML,Disease
"aortic aneurysm, abdominal",MeSH descriptor XML,Disease
"aortic aneurysm, thoracic",MeSH descriptor XML,Disease
"aortic aneurysm, thoracoabdominal",MeSH descriptor XML,Disease
aortic arch syndromes,MeSH descriptor XML,Disease
aortic coarctation,MeSH descriptor XML,Disease
aortic diseases,MeSH descriptor XML,Disease
aortic dissection,MeSH descriptor XML,Disease
aortic intramural hematoma,MeSH descriptor XML,Disease
aortic root aneurysm,MeSH descriptor XML,Disease
aortic rupture,MeSH descriptor XML,Disease
"aortic stenosis, subvalvular",MeSH descriptor XML,Disease
"aortic stenosis, supravalvular",MeSH descriptor XML,Disease
aortic valve disease,MeSH descriptor XML,Disease
aortic valve insufficiency,MeSH descriptor XML,Disease
aortic valve prolapse,MeSH descriptor XML,Disease
aortic valve stenosis,MeSH descriptor XML,Disease
aortico-ventricular tunnel,MeSH descriptor XML,Disease
aortitis,MeSH descriptor XML,Disease
aortopulmonary septal defect,MeSH descriptor XML,Disease
ape diseases,MeSH descriptor XML,Disease
aphakia,MeSH descriptor XML,Disease
"aphakia, postcataract",MeSH descriptor XML,Disease
aphasia,MeSH descriptor XML,Disease
"aphasia, broca",MeSH descriptor XML,Disease
"aphasia, conduction",MeSH descriptor XML,Disease
"aphasia, primary progressive",MeSH descriptor XML,Disease
"aphasia, wernicke",MeSH descriptor XML,Disease
aphonia,MeSH descriptor XML,Disease
apical hypertrophic cardiomyopathy,MeSH descriptor XML,Disease
apnea,MeSH descriptor XML,Disease
appendiceal neoplasms,MeSH descriptor XML,Disease
appendicitis,MeSH descriptor XML,Disease
"apraxia, ideomotor",MeSH descriptor XML,Disease
apraxias,MeSH descriptor XML,Disease
apudoma,MeSH descriptor XML,Disease
arachnodactyly,MeSH descriptor XML,Disease
arachnoid cysts,MeSH descriptor XML,Disease
arachnoiditis,MeSH descriptor XML,Disease
arbovirus infections,MeSH descriptor XML,Disease
arcus senilis,MeSH descriptor XML,Disease
arenaviridae infections,MeSH descriptor XML,Disease
argininosuccinic aciduria,MeSH descriptor XML,Disease
argyria,MeSH descriptor XML,Disease
arm injuries,MeSH descriptor XML,Disease
arnold-chiari malformation,MeSH descriptor XML,Disease
"arrhythmia, sinus",MeSH descriptor XML,Disease
"arrhythmias, cardiac",MeSH descriptor XML,Disease
arrhythmogenic right ventricular dysplasia,MeSH descriptor XML,Disease
arsenic poisoning,MeSH descriptor XML,Disease
arterial occlusive diseases,MeSH descriptor XML,Disease
arterio-arterial fistula,MeSH descriptor XML,Disease
arteriolosclerosis,MeSH descriptor XML,Disease
arteriosclerosis,MeSH descriptor XML,Disease
arteriosclerosis obliterans,MeSH descriptor XML,Disease
arteriovenous fistula,MeSH descriptor XML,Disease
arteriovenous malformations,MeSH descriptor XML,Disease
arteritis,MeSH descriptor XML,Disease
arterivirus infections,MeSH descriptor XML,Disease
arthralgia,MeSH descriptor XML,Disease
arthritis,MeSH descriptor XML,Disease
"arthritis, experimental",MeSH descriptor XML,Disease
"arthritis, gouty",MeSH descriptor XML,Disease
"arthritis, infectious",MeSH descriptor XML,Disease
"arthritis, juvenile",MeSH descriptor XML,Disease
"arthritis, psoriatic",MeSH descriptor XML,Disease
"arthritis, reactive",MeSH descriptor XML,Disease
"arthritis, rheumatoid",MeSH descriptor XML,Disease
arthrogryposis,MeSH descriptor XML,Disease
"arthropathy, neurogenic",MeSH descriptor XML,Disease
arthus reaction,MeSH descriptor XML,Disease
articulation disorders,MeSH descriptor XML,Disease
artificial lens implant migration,MeSH descriptor XML,Disease
asbestosis,MeSH descriptor XML,Disease
ascariasis,MeSH descriptor XML,Disease
ascaridiasis,MeSH descriptor XML,Disease
ascaridida infections,MeSH descriptor XML,Disease
ascorbic acid deficiency,MeSH descriptor XML,Disease
aspartylglucosaminuria,MeSH descriptor XML,Disease
aspergillosis,MeSH descriptor XML,Disease
"aspergillosis, allergic bronchopulmonary",MeSH descriptor XML,Disease
aspermia,MeSH descriptor XML,Disease
asphyxia,MeSH descriptor XML,Disease
asphyxia neonatorum,MeSH descriptor XML,Disease
asthenopia,MeSH descriptor XML,Disease
asthenozoospermia,MeSH descriptor XML,Disease
asthma,MeSH descriptor XML,Disease
"asthma, aspirin-induced",MeSH descriptor XML,Disease
"asthma, exercise-induced",MeSH descriptor XML,Disease
"asthma, occupational",MeSH descriptor XML,Disease
asthma-chronic obstructive pulmonary disease overlap syndrome,MeSH descriptor XML,Disease
astigmatism,MeSH descriptor XML,Disease
astrocytoma,MeSH descriptor XML,Disease
astroviridae infections,MeSH descriptor XML,Disease
asymptomatic infections,MeSH descriptor XML,Disease
ataxia,MeSH descriptor XML,Disease
ataxia telangiectasia,MeSH descriptor XML,Disease
atherosclerosis,MeSH descriptor XML,Disease
athetosis,MeSH descriptor XML,Disease
athletic injuries,MeSH descriptor XML,Disease
atrial fibrillation,MeSH descriptor XML,Disease
atrial flutter,MeSH descriptor XML,Disease
atrial premature complexes,MeSH descriptor XML,Disease
atrioventricular block,MeSH descriptor XML,Disease
atrophic maxilla,MeSH descriptor XML,Disease
atrophic vaginitis,MeSH descriptor XML,Disease
atypical hemolytic uremic syndrome,MeSH descriptor XML,Disease
atypical squamous cells of the cervix,MeSH descriptor XML,Disease
"auditory diseases, central",MeSH descriptor XML,Disease
auditory perceptual disorders,MeSH descriptor XML,Disease
autoimmune diseases,MeSH descriptor XML,Disease
autoimmune diseases of the nervous system,MeSH descriptor XML,Disease
autoimmune hypophysitis,MeSH descriptor XML,Disease
autoimmune lymphoproliferative syndrome,MeSH descriptor XML,Disease
autoimmune pancreatitis,MeSH descriptor XML,Disease
autonomic dysreflexia,MeSH descriptor XML,Disease
autonomic nervous system diseases,MeSH descriptor XML,Disease
autosomal emery-dreifuss muscular dystrophy,MeSH descriptor XML,Disease
avian leukosis,MeSH descriptor XML,Disease
avitaminosis,MeSH descriptor XML,Disease
avulavirus infections,MeSH descriptor XML,Disease
axial spondyloarthritis,MeSH descriptor XML,Disease
azoospermia,MeSH descriptor XML,Disease
azotemia,MeSH descriptor XML,Disease
babesiosis,MeSH descriptor XML,Disease
bacillaceae infections,MeSH descriptor XML,Disease
back injuries,MeSH descriptor XML,Disease
bacteremia,MeSH descriptor XML,Disease
bacterial infections,MeSH descriptor XML,Disease
bacterial infections and mycoses,MeSH descriptor XML,Disease
bacterial zoonoses,MeSH descriptor XML,Disease
bacteriuria,MeSH descriptor XML,Disease
bacteroidaceae infections,MeSH descriptor XML,Disease
bacteroides infections,MeSH descriptor XML,Disease
balanitis,MeSH descriptor XML,Disease
balanitis xerotica obliterans,MeSH descriptor XML,Disease
balantidiasis,MeSH descriptor XML,Disease
balkan nephropathy,MeSH descriptor XML,Disease
bankart lesions,MeSH descriptor XML,Disease
bardet-biedl syndrome,MeSH descriptor XML,Disease
barotrauma,MeSH descriptor XML,Disease
barrett esophagus,MeSH descriptor XML,Disease
barth syndrome,MeSH descriptor XML,Disease
bartonella infections,MeSH descriptor XML,Disease
bartonellaceae infections,MeSH descriptor XML,Disease
bartter syndrome,MeSH descriptor XML,Disease
basal cell nevus syndrome,MeSH descriptor XML,Disease
basal ganglia cerebrovascular disease,MeSH descriptor XML,Disease
basal ganglia diseases,MeSH descriptor XML,Disease
basal ganglia hemorrhage,MeSH descriptor XML,Disease
beckwith-wiedemann syndrome,MeSH descriptor XML,Disease
behcet syndrome,MeSH descriptor XML,Disease
bell palsy,MeSH descriptor XML,Disease
benign paroxysmal positional vertigo,MeSH descriptor XML,Disease
beriberi,MeSH descriptor XML,Disease
bernard-soulier syndrome,MeSH descriptor XML,Disease
berylliosis,MeSH descriptor XML,Disease
beta-mannosidosis,MeSH descriptor XML,Disease
beta-thalassemia,MeSH descriptor XML,Disease
bezoars,MeSH descriptor XML,Disease
bicornuate uterus,MeSH descriptor XML,Disease
bicuspid aortic valve disease,MeSH descriptor XML,Disease
bifidobacteriales infections,MeSH descriptor XML,Disease
bilateral vestibulopathy,MeSH descriptor XML,Disease
bile duct diseases,MeSH descriptor XML,Disease
bile duct neoplasms,MeSH descriptor XML,Disease
bile reflux,MeSH descriptor XML,Disease
biliary atresia,MeSH descriptor XML,Disease
biliary dyskinesia,MeSH descriptor XML,Disease
biliary fistula,MeSH descriptor XML,Disease
biliary tract diseases,MeSH descriptor XML,Disease
biliary tract neoplasms,MeSH descriptor XML,Disease
binge drinking,MeSH descriptor XML,Disease
biotinidase deficiency,MeSH descriptor XML,Disease
bird diseases,MeSH descriptor XML,Disease
bird fancier's lung,MeSH descriptor XML,Disease
birdshot chorioretinopathy,MeSH descriptor XML,Disease
birnaviridae infections,MeSH descriptor XML,Disease
birt-hogg-dube syndrome,MeSH descriptor XML,Disease
birth injuries,MeSH descriptor XML,Disease
bisphosphonate-associated osteonecrosis of the jaw,MeSH descriptor XML,Disease
bites and stings,MeSH descriptor XML,Disease
"bites, human",MeSH descriptor XML,Disease
blackwater fever,MeSH descriptor XML,Disease
bladder exstrophy,MeSH descriptor XML,Disease
bland white garland syndrome,MeSH descriptor XML,Disease
blast crisis,MeSH descriptor XML,Disease
blast injuries,MeSH descriptor XML,Disease
blastic plasmacytoid dendritic cell neoplasm,MeSH descriptor XML,Disease
blastocystis infections,MeSH descriptor XML,Disease
blastomycosis,MeSH descriptor XML,Disease
blepharitis,MeSH descriptor XML,Disease
blepharophimosis,MeSH descriptor XML,Disease
blepharoptosis,MeSH descriptor XML,Disease
blepharospasm,MeSH descriptor XML,Disease
blind loop syndrome,MeSH descriptor XML,Disease
blindness,MeSH descriptor XML,Disease
"blindness, cortical",MeSH descriptor XML,Disease
blister,MeSH descriptor XML,Disease
blood coagulation disorders,MeSH descriptor XML,Disease
"blood coagulation disorders, inherited",MeSH descriptor XML,Disease
blood platelet disorders,MeSH descriptor XML,Disease
blood protein disorders,MeSH descriptor XML,Disease
blood-borne infections,MeSH descriptor XML,Disease
bloom syndrome,MeSH descriptor XML,Disease
blue toe syndrome,MeSH descriptor XML,Disease
bluetongue,MeSH descriptor XML,Disease
bone anteversion,MeSH descriptor XML,Disease
bone cysts,MeSH descriptor XML,Disease
"bone cysts, aneurysmal",MeSH descriptor XML,Disease
"bone demineralization, pathologic",MeSH descriptor XML,Disease
bone diseases,MeSH descriptor XML,Disease
"bone diseases, developmental",MeSH descriptor XML,Disease
"bone diseases, endocrine",MeSH descriptor XML,Disease
"bone diseases, infectious",MeSH descriptor XML,Disease
"bone diseases, metabolic",MeSH descriptor XML,Disease
bone malalignment,MeSH descriptor XML,Disease
bone marrow diseases,MeSH descriptor XML,Disease
bone marrow failure disorders,MeSH descriptor XML,Disease
bone marrow neoplasms,MeSH descriptor XML,Disease
bone neoplasms,MeSH descriptor XML,Disease
bone resorption,MeSH descriptor XML,Disease
bone retroversion,MeSH descriptor XML,Disease
border disease,MeSH descriptor XML,Disease
bordetella infections,MeSH descriptor XML,Disease
borna disease,MeSH descriptor XML,Disease
borrelia infections,MeSH descriptor XML,Disease
botulism,MeSH descriptor XML,Disease
boutonneuse fever,MeSH descriptor XML,Disease
bovine respiratory disease complex,MeSH descriptor XML,Disease
bovine virus diarrhea-mucosal disease,MeSH descriptor XML,Disease
bowen's disease,MeSH descriptor XML,Disease
brachial plexus neuritis,MeSH descriptor XML,Disease
brachial plexus neuropathies,MeSH descriptor XML,Disease
brachydactyly,MeSH descriptor XML,Disease
bradycardia,MeSH descriptor XML,Disease
brain abscess,MeSH descriptor XML,Disease
brain concussion,MeSH descriptor XML,Disease
brain contusion,MeSH descriptor XML,Disease
"brain damage, chronic",MeSH descriptor XML,Disease
brain death,MeSH descriptor XML,Disease
brain diseases,MeSH descriptor XML,Disease
"brain diseases, metabolic",MeSH descriptor XML,Disease
"brain diseases, metabolic, inborn",MeSH descriptor XML,Disease
brain edema,MeSH descriptor XML,Disease
"brain hemorrhage, traumatic",MeSH descriptor XML,Disease
brain infarction,MeSH descriptor XML,Disease
brain injuries,MeSH descriptor XML,Disease
"brain injuries, diffuse",MeSH descriptor XML,Disease
"brain injuries, traumatic",MeSH descriptor XML,Disease
"brain injury, chronic",MeSH descriptor XML,Disease
brain ischemia,MeSH descriptor XML,Disease
brain neoplasms,MeSH descriptor XML,Disease
"brain stem hemorrhage, traumatic",MeSH descriptor XML,Disease
brain stem infarctions,MeSH descriptor XML,Disease
brain stem neoplasms,MeSH descriptor XML,Disease
branchio-oto-renal syndrome,MeSH descriptor XML,Disease
branchioma,MeSH descriptor XML,Disease
breakthrough infections,MeSH descriptor XML,Disease
breast cancer lymphedema,MeSH descriptor XML,Disease
breast carcinoma in situ,MeSH descriptor XML,Disease
breast cyst,MeSH descriptor XML,Disease
breast diseases,MeSH descriptor XML,Disease
breast neoplasms,MeSH descriptor XML,Disease
"breast neoplasms, male",MeSH descriptor XML,Disease
breech presentation,MeSH descriptor XML,Disease
brenner tumor,MeSH descriptor XML,Disease
"brief, resolved, unexplained event",MeSH descriptor XML,Disease
bronchial diseases,MeSH descriptor XML,Disease
bronchial fistula,MeSH descriptor XML,Disease
bronchial hyperreactivity,MeSH descriptor XML,Disease
bronchial neoplasms,MeSH descriptor XML,Disease
bronchial spasm,MeSH descriptor XML,Disease
bronchiectasis,MeSH descriptor XML,Disease
bronchiolitis,MeSH descriptor XML,Disease
bronchiolitis obliterans,MeSH descriptor XML,Disease
bronchiolitis obliterans syndrome,MeSH descriptor XML,Disease
"bronchiolitis, viral",MeSH descriptor XML,Disease
bronchitis,MeSH descriptor XML,Disease
"bronchitis, chronic",MeSH descriptor XML,Disease
bronchogenic cyst,MeSH descriptor XML,Disease
bronchomalacia,MeSH descriptor XML,Disease
bronchopneumonia,MeSH descriptor XML,Disease
bronchopulmonary dysplasia,MeSH descriptor XML,Disease
bronchopulmonary sequestration,MeSH descriptor XML,Disease
brown-sequard syndrome,MeSH descriptor XML,Disease
brucellosis,MeSH descriptor XML,Disease
"brucellosis, bovine",MeSH descriptor XML,Disease
brugada syndrome,MeSH descriptor XML,Disease
bruxism,MeSH descriptor XML,Disease
budd-chiari syndrome,MeSH descriptor XML,Disease
"bulbar palsy, progressive",MeSH descriptor XML,Disease
"bulbo-spinal atrophy, x-linked",MeSH descriptor XML,Disease
bundle-branch block,MeSH descriptor XML,Disease
bunion,MeSH descriptor XML,Disease
"bunion, tailor's",MeSH descriptor XML,Disease
bunyaviridae infections,MeSH descriptor XML,Disease
burkholderia infections,MeSH descriptor XML,Disease
burkitt lymphoma,MeSH descriptor XML,Disease
burning mouth syndrome,MeSH descriptor XML,Disease
"burnout, professional",MeSH descriptor XML,Disease
burns,MeSH descriptor XML,Disease
"burns, chemical",MeSH descriptor XML,Disease
"burns, electric",MeSH descriptor XML,Disease
"burns, inhalation",MeSH descriptor XML,Disease
bursitis,MeSH descriptor XML,Disease
buruli ulcer,MeSH descriptor XML,Disease
buschke-lowenstein tumor,MeSH descriptor XML,Disease
byssinosis,MeSH descriptor XML,Disease
cadasil,MeSH descriptor XML,Disease
cadmium poisoning,MeSH descriptor XML,Disease
cafe-au-lait spots,MeSH descriptor XML,Disease
calcinosis,MeSH descriptor XML,Disease
calcinosis cutis,MeSH descriptor XML,Disease
calciphylaxis,MeSH descriptor XML,Disease
calcium metabolism disorders,MeSH descriptor XML,Disease
caliciviridae infections,MeSH descriptor XML,Disease
callosities,MeSH descriptor XML,Disease
campomelic dysplasia,MeSH descriptor XML,Disease
campylobacter infections,MeSH descriptor XML,Disease
camurati-engelmann syndrome,MeSH descriptor XML,Disease
canaliculitis,MeSH descriptor XML,Disease
canavan disease,MeSH descriptor XML,Disease
candidemia,MeSH descriptor XML,Disease
candidiasis,MeSH descriptor XML,Disease
"candidiasis, chronic mucocutaneous",MeSH descriptor XML,Disease
"candidiasis, cutaneous",MeSH descriptor XML,Disease
"candidiasis, invasive",MeSH descriptor XML,Disease
"candidiasis, oral",MeSH descriptor XML,Disease
"candidiasis, vulvovaginal",MeSH descriptor XML,Disease
cannabinoid hyperemesis syndrome,MeSH descriptor XML,Disease
capillary leak syndrome,MeSH descriptor XML,Disease
caplan syndrome,MeSH descriptor XML,Disease
capsule opacification,MeSH descriptor XML,Disease
carbamoyl-phosphate synthase i deficiency disease,MeSH descriptor XML,Disease
"carbohydrate metabolism, inborn errors",MeSH descriptor XML,Disease
carbon monoxide poisoning,MeSH descriptor XML,Disease
carbon tetrachloride poisoning,MeSH descriptor XML,Disease
carbuncle,MeSH descriptor XML,Disease
carcinogenesis,MeSH descriptor XML,Disease
carcinoid heart disease,MeSH descriptor XML,Disease
carcinoid tumor,MeSH descriptor XML,Disease
carcinoma,MeSH descriptor XML,Disease
"carcinoma 256, walker",MeSH descriptor XML,Disease
carcinoma in situ,MeSH descriptor XML,Disease
"carcinoma, acinar cell",MeSH descriptor XML,Disease
"carcinoma, adenoid cystic",MeSH descriptor XML,Disease
"carcinoma, adenosquamous",MeSH descriptor XML,Disease
"carcinoma, basal cell",MeSH descriptor XML,Disease
"carcinoma, basosquamous",MeSH descriptor XML,Disease
"carcinoma, bronchogenic",MeSH descriptor XML,Disease
"carcinoma, brown-pearce",MeSH descriptor XML,Disease
"carcinoma, ductal",MeSH descriptor XML,Disease
"carcinoma, ductal, breast",MeSH descriptor XML,Disease
"carcinoma, ehrlich tumor",MeSH descriptor XML,Disease
"carcinoma, embryonal",MeSH descriptor XML,Disease
"carcinoma, endometrioid",MeSH descriptor XML,Disease
"carcinoma, giant cell",MeSH descriptor XML,Disease
"carcinoma, hepatocellular",MeSH descriptor XML,Disease
"carcinoma, intraductal, noninfiltrating",MeSH descriptor XML,Disease
"carcinoma, islet cell",MeSH descriptor XML,Disease
"carcinoma, krebs 2",MeSH descriptor XML,Disease
"carcinoma, large cell",MeSH descriptor XML,Disease
"carcinoma, lewis lung",MeSH descriptor XML,Disease
"carcinoma, lobular",MeSH descriptor XML,Disease
"carcinoma, medullary",MeSH descriptor XML,Disease
"carcinoma, merkel cell",MeSH descriptor XML,Disease
"carcinoma, mucoepidermoid",MeSH descriptor XML,Disease
"carcinoma, neuroendocrine",MeSH descriptor XML,Disease
"carcinoma, non-small-cell lung",MeSH descriptor XML,Disease
"carcinoma, ovarian epithelial",MeSH descriptor XML,Disease
"carcinoma, pancreatic ductal",MeSH descriptor XML,Disease
"carcinoma, papillary",MeSH descriptor XML,Disease
"carcinoma, papillary, follicular",MeSH descriptor XML,Disease
"carcinoma, renal cell",MeSH descriptor XML,Disease
"carcinoma, signet ring cell",MeSH descriptor XML,Disease
"carcinoma, skin appendage",MeSH descriptor XML,Disease
"carcinoma, small cell",MeSH descriptor XML,Disease
"carcinoma, squamous cell",MeSH descriptor XML,Disease
"carcinoma, transitional cell",MeSH descriptor XML,Disease
"carcinoma, verrucous",MeSH descriptor XML,Disease
carcinosarcoma,MeSH descriptor XML,Disease
"cardiac complexes, premature",MeSH descriptor XML,Disease
cardiac conduction system disease,MeSH descriptor XML,Disease
"cardiac output, high",MeSH descriptor XML,Disease
"cardiac output, low",MeSH descriptor XML,Disease
cardiac papillary fibroelastoma,MeSH descriptor XML,Disease
cardiac tamponade,MeSH descriptor XML,Disease
cardio-renal syndrome,MeSH descriptor XML,Disease
cardiomegaly,MeSH descriptor XML,Disease
cardiomyopathies,MeSH descriptor XML,Disease
"cardiomyopathy, alcoholic",MeSH descriptor XML,Disease
"cardiomyopathy, dilated",MeSH descriptor XML,Disease
"cardiomyopathy, hypertrophic",MeSH descriptor XML,Disease
"cardiomyopathy, hypertrophic, familial",MeSH descriptor XML,Disease
"cardiomyopathy, restrictive",MeSH descriptor XML,Disease
cardiotoxicity,MeSH descriptor XML,Disease
cardiovascular abnormalities,MeSH descriptor XML,Disease
cardiovascular diseases,MeSH descriptor XML,Disease
cardiovascular infections,MeSH descriptor XML,Disease
cardiovirus infections,MeSH descriptor XML,Disease
carney complex,MeSH descriptor XML,Disease
caroli disease,MeSH descriptor XML,Disease
carotid artery diseases,MeSH descriptor XML,Disease
carotid artery injuries,MeSH descriptor XML,Disease
carotid artery thrombosis,MeSH descriptor XML,Disease
"carotid artery, internal, dissection",MeSH descriptor XML,Disease
carotid body tumor,MeSH descriptor XML,Disease
carotid stenosis,MeSH descriptor XML,Disease
carotid-cavernous sinus fistula,MeSH descriptor XML,Disease
carpal tunnel syndrome,MeSH descriptor XML,Disease
cartilage diseases,MeSH descriptor XML,Disease
castleman disease,MeSH descriptor XML,Disease
cat diseases,MeSH descriptor XML,Disease
cat-scratch disease,MeSH descriptor XML,Disease
catalepsy,MeSH descriptor XML,Disease
cataplexy,MeSH descriptor XML,Disease
cataract,MeSH descriptor XML,Disease
catatonia,MeSH descriptor XML,Disease
catheter-related infections,MeSH descriptor XML,Disease
cattle diseases,MeSH descriptor XML,Disease
cauda equina syndrome,MeSH descriptor XML,Disease
causalgia,MeSH descriptor XML,Disease
cavernous sinus syndromes,MeSH descriptor XML,Disease
cavernous sinus thrombosis,MeSH descriptor XML,Disease
cecal diseases,MeSH descriptor XML,Disease
cecal neoplasms,MeSH descriptor XML,Disease
celiac disease,MeSH descriptor XML,Disease
"cell transformation, neoplastic",MeSH descriptor XML,Disease
"cell transformation, viral",MeSH descriptor XML,Disease
cellulitis,MeSH descriptor XML,Disease
cementoma,MeSH descriptor XML,Disease
central cord syndrome,MeSH descriptor XML,Disease
central nervous system bacterial infections,MeSH descriptor XML,Disease
central nervous system cysts,MeSH descriptor XML,Disease
central nervous system diseases,MeSH descriptor XML,Disease
central nervous system fungal infections,MeSH descriptor XML,Disease
central nervous system helminthiasis,MeSH descriptor XML,Disease
central nervous system infections,MeSH descriptor XML,Disease
central nervous system neoplasms,MeSH descriptor XML,Disease
central nervous system parasitic infections,MeSH descriptor XML,Disease
central nervous system protozoal infections,MeSH descriptor XML,Disease
central nervous system vascular malformations,MeSH descriptor XML,Disease
central nervous system venous angioma,MeSH descriptor XML,Disease
central nervous system viral diseases,MeSH descriptor XML,Disease
central serous chorioretinopathy,MeSH descriptor XML,Disease
cephalopelvic disproportion,MeSH descriptor XML,Disease
cerebellar ataxia,MeSH descriptor XML,Disease
cerebellar cognitive affective syndrome,MeSH descriptor XML,Disease
cerebellar diseases,MeSH descriptor XML,Disease
cerebellar neoplasms,MeSH descriptor XML,Disease
cerebral amyloid angiopathy,MeSH descriptor XML,Disease
"cerebral amyloid angiopathy, familial",MeSH descriptor XML,Disease
cerebral arterial diseases,MeSH descriptor XML,Disease
cerebral cortical thinning,MeSH descriptor XML,Disease
cerebral hemorrhage,MeSH descriptor XML,Disease
"cerebral hemorrhage, traumatic",MeSH descriptor XML,Disease
cerebral infarction,MeSH descriptor XML,Disease
cerebral intraventricular hemorrhage,MeSH descriptor XML,Disease
cerebral palsy,MeSH descriptor XML,Disease
cerebral phaeohyphomycosis,MeSH descriptor XML,Disease
cerebral small vessel diseases,MeSH descriptor XML,Disease
cerebral ventricle neoplasms,MeSH descriptor XML,Disease
cerebral ventriculitis,MeSH descriptor XML,Disease
cerebrospinal fluid leak,MeSH descriptor XML,Disease
cerebrospinal fluid otorrhea,MeSH descriptor XML,Disease
cerebrospinal fluid rhinorrhea,MeSH descriptor XML,Disease
cerebrovascular disorders,MeSH descriptor XML,Disease
cerebrovascular trauma,MeSH descriptor XML,Disease
cervical rib syndrome,MeSH descriptor XML,Disease
cestode infections,MeSH descriptor XML,Disease
chagas cardiomyopathy,MeSH descriptor XML,Disease
chagas disease,MeSH descriptor XML,Disease
chalazion,MeSH descriptor XML,Disease
chancre,MeSH descriptor XML,Disease
chancroid,MeSH descriptor XML,Disease
charcot-marie-tooth disease,MeSH descriptor XML,Disease
charge syndrome,MeSH descriptor XML,Disease
charles bonnet syndrome,MeSH descriptor XML,Disease
chediak-higashi syndrome,MeSH descriptor XML,Disease
cheilitis,MeSH descriptor XML,Disease
chemical and drug induced liver injury,MeSH descriptor XML,Disease
"chemical and drug induced liver injury, chronic",MeSH descriptor XML,Disease
chemically-induced disorders,MeSH descriptor XML,Disease
chemotherapy-induced febrile neutropenia,MeSH descriptor XML,Disease
chemotherapy-related cognitive impairment,MeSH descriptor XML,Disease
cherubism,MeSH descriptor XML,Disease
cheyne-stokes respiration,MeSH descriptor XML,Disease
chiari-frommel syndrome,MeSH descriptor XML,Disease
chickenpox,MeSH descriptor XML,Disease
chikungunya fever,MeSH descriptor XML,Disease
chilaiditi syndrome,MeSH descriptor XML,Disease
chilblains,MeSH descriptor XML,Disease
child nutrition disorders,MeSH descriptor XML,Disease
chlamydia infections,MeSH descriptor XML,Disease
chlamydiaceae infections,MeSH descriptor XML,Disease
chlamydial pneumonia,MeSH descriptor XML,Disease
chlamydophila infections,MeSH descriptor XML,Disease
chloracne,MeSH descriptor XML,Disease
choanal atresia,MeSH descriptor XML,Disease
cholangiocarcinoma,MeSH descriptor XML,Disease
cholangitis,MeSH descriptor XML,Disease
"cholangitis, sclerosing",MeSH descriptor XML,Disease
cholecystitis,MeSH descriptor XML,Disease
"cholecystitis, acute",MeSH descriptor XML,Disease
cholecystolithiasis,MeSH descriptor XML,Disease
choledochal cyst,MeSH descriptor XML,Disease
choledocholithiasis,MeSH descriptor XML,Disease
cholelithiasis,MeSH descriptor XML,Disease
cholera,MeSH descriptor XML,Disease
cholera morbus,MeSH descriptor XML,Disease
cholestasis,MeSH descriptor XML,Disease
"cholestasis, extrahepatic",MeSH descriptor XML,Disease
"cholestasis, intrahepatic",MeSH descriptor XML,Disease
cholesteatoma,MeSH descriptor XML,Disease
"cholesteatoma, middle ear",MeSH descriptor XML,Disease
cholesterol ester storage disease,MeSH descriptor XML,Disease
choline deficiency,MeSH descriptor XML,Disease
chondroblastoma,MeSH descriptor XML,Disease
chondrocalcinosis,MeSH descriptor XML,Disease
chondrodysplasia punctata,MeSH descriptor XML,Disease
"chondrodysplasia punctata, rhizomelic",MeSH descriptor XML,Disease
chondroma,MeSH descriptor XML,Disease
chondromalacia patellae,MeSH descriptor XML,Disease
chondromatosis,MeSH descriptor XML,Disease
"chondromatosis, synovial",MeSH descriptor XML,Disease
chondrosarcoma,MeSH descriptor XML,Disease
"chondrosarcoma, clear cell",MeSH descriptor XML,Disease
"chondrosarcoma, mesenchymal",MeSH descriptor XML,Disease
chordoma,MeSH descriptor XML,Disease
chorea,MeSH descriptor XML,Disease
chorea gravidarum,MeSH descriptor XML,Disease
chorioamnionitis,MeSH descriptor XML,Disease
choriocarcinoma,MeSH descriptor XML,Disease
"choriocarcinoma, non-gestational",MeSH descriptor XML,Disease
chorioretinitis,MeSH descriptor XML,Disease
choroid diseases,MeSH descriptor XML,Disease
choroid hemorrhage,MeSH descriptor XML,Disease
choroid neoplasms,MeSH descriptor XML,Disease
choroid plexus neoplasms,MeSH descriptor XML,Disease
choroidal effusions,MeSH descriptor XML,Disease
choroidal neovascularization,MeSH descriptor XML,Disease
choroideremia,MeSH descriptor XML,Disease
choroiditis,MeSH descriptor XML,Disease
chromoblastomycosis,MeSH descriptor XML,Disease
chromosome disorders,MeSH descriptor XML,Disease
chronic cough,MeSH descriptor XML,Disease
chronic exertional compartment syndrome,MeSH descriptor XML,Disease
chronic inducible urticaria,MeSH descriptor XML,Disease
chronic kidney disease-mineral and bone disorder,MeSH descriptor XML,Disease
chronic kidney diseases of uncertain etiology,MeSH descriptor XML,Disease
chronic limb-threatening ischemia,MeSH descriptor XML,Disease
chronic periodontitis,MeSH descriptor XML,Disease
chronic traumatic encephalopathy,MeSH descriptor XML,Disease
chronic urticaria,MeSH descriptor XML,Disease
chronobiology disorders,MeSH descriptor XML,Disease
churg-strauss syndrome,MeSH descriptor XML,Disease
chylothorax,MeSH descriptor XML,Disease
chylous ascites,MeSH descriptor XML,Disease
ciguatera poisoning,MeSH descriptor XML,Disease
ciliary motility disorders,MeSH descriptor XML,Disease
ciliopathies,MeSH descriptor XML,Disease
ciliophora infections,MeSH descriptor XML,Disease
circoviridae infections,MeSH descriptor XML,Disease
citrullinemia,MeSH descriptor XML,Disease
classical lissencephalies and subcortical band heterotopias,MeSH descriptor XML,Disease
classical swine fever,MeSH descriptor XML,Disease
cleft lip,MeSH descriptor XML,Disease
cleft palate,MeSH descriptor XML,Disease
cleidocranial dysplasia,MeSH descriptor XML,Disease
cloacal exstrophy,MeSH descriptor XML,Disease
clonorchiasis,MeSH descriptor XML,Disease
clostridium infections,MeSH descriptor XML,Disease
clubfoot,MeSH descriptor XML,Disease
cluster headache,MeSH descriptor XML,Disease
coagulation protein disorders,MeSH descriptor XML,Disease
cobblestone lissencephaly,MeSH descriptor XML,Disease
cocaine-related disorders,MeSH descriptor XML,Disease
cocarcinogenesis,MeSH descriptor XML,Disease
coccidioidal meningitis,MeSH descriptor XML,Disease
coccidioidomycosis,MeSH descriptor XML,Disease
coccidiosis,MeSH descriptor XML,Disease
cochlear diseases,MeSH descriptor XML,Disease
cockayne syndrome,MeSH descriptor XML,Disease
coffin-lowry syndrome,MeSH descriptor XML,Disease
cogan syndrome,MeSH descriptor XML,Disease
coinfection,MeSH descriptor XML,Disease
cold injury,MeSH descriptor XML,Disease
cold urticaria,MeSH descriptor XML,Disease
colic,MeSH descriptor XML,Disease
colitis,MeSH descriptor XML,Disease
"colitis, collagenous",MeSH descriptor XML,Disease
"colitis, ischemic",MeSH descriptor XML,Disease
"colitis, lymphocytic",MeSH descriptor XML,Disease
"colitis, microscopic",MeSH descriptor XML,Disease
"colitis, ulcerative",MeSH descriptor XML,Disease
colitis-associated neoplasms,MeSH descriptor XML,Disease
collagen diseases,MeSH descriptor XML,Disease
collagenous sprue,MeSH descriptor XML,Disease
colles' fracture,MeSH descriptor XML,Disease
colloid cysts,MeSH descriptor XML,Disease
coloboma,MeSH descriptor XML,Disease
colonic diseases,MeSH descriptor XML,Disease
"colonic diseases, functional",MeSH descriptor XML,Disease
colonic neoplasms,MeSH descriptor XML,Disease
colonic pseudo-obstruction,MeSH descriptor XML,Disease
color vision defects,MeSH descriptor XML,Disease
colorado tick fever,MeSH descriptor XML,Disease
colorectal neoplasms,MeSH descriptor XML,Disease
"colorectal neoplasms, hereditary nonpolyposis",MeSH descriptor XML,Disease
coma,MeSH descriptor XML,Disease
"coma, post-head injury",MeSH descriptor XML,Disease
common bile duct diseases,MeSH descriptor XML,Disease
common bile duct neoplasms,MeSH descriptor XML,Disease
common cold,MeSH descriptor XML,Disease
common variable immunodeficiency,MeSH descriptor XML,Disease
commotio cordis,MeSH descriptor XML,Disease
communicable diseases,MeSH descriptor XML,Disease
"communicable diseases, emerging",MeSH descriptor XML,Disease
"communicable diseases, imported",MeSH descriptor XML,Disease
communication disorders,MeSH descriptor XML,Disease
community-acquired infections,MeSH descriptor XML,Disease
community-acquired pneumonia,MeSH descriptor XML,Disease
compartment syndromes,MeSH descriptor XML,Disease
complex regional pain syndromes,MeSH descriptor XML,Disease
composite lymphoma,MeSH descriptor XML,Disease
conducted energy weapon injuries,MeSH descriptor XML,Disease
condylomata acuminata,MeSH descriptor XML,Disease
cone dystrophy,MeSH descriptor XML,Disease
cone-rod dystrophies,MeSH descriptor XML,Disease
confusion,MeSH descriptor XML,Disease
congenital abnormalities,MeSH descriptor XML,Disease
congenital bone marrow failure syndromes,MeSH descriptor XML,Disease
congenital cranial dysinnervation disorders,MeSH descriptor XML,Disease
congenital disorders of glycosylation,MeSH descriptor XML,Disease
congenital hyperinsulinism,MeSH descriptor XML,Disease
congenital hypothyroidism,MeSH descriptor XML,Disease
congenital microtia,MeSH descriptor XML,Disease
congenital portosystemic shunt,MeSH descriptor XML,Disease
"congenital, hereditary, and neonatal diseases and abnormalities",MeSH descriptor XML,Disease
congenitally corrected transposition of the great arteries,MeSH descriptor XML,Disease
conjunctival diseases,MeSH descriptor XML,Disease
conjunctival neoplasms,MeSH descriptor XML,Disease
conjunctivitis,MeSH descriptor XML,Disease
"conjunctivitis, acute hemorrhagic",MeSH descriptor XML,Disease
"conjunctivitis, allergic",MeSH descriptor XML,Disease
"conjunctivitis, bacterial",MeSH descriptor XML,Disease
"conjunctivitis, inclusion",MeSH descriptor XML,Disease
"conjunctivitis, viral",MeSH descriptor XML,Disease
connective tissue diseases,MeSH descriptor XML,Disease
consciousness disorders,MeSH descriptor XML,Disease
contracture,MeSH descriptor XML,Disease
contrecoup injury,MeSH descriptor XML,Disease
contusions,MeSH descriptor XML,Disease
"coproporphyria, hereditary",MeSH descriptor XML,Disease
cor triatriatum,MeSH descriptor XML,Disease
corneal diseases,MeSH descriptor XML,Disease
"corneal dystrophies, hereditary",MeSH descriptor XML,Disease
"corneal dystrophy, juvenile epithelial of meesmann",MeSH descriptor XML,Disease
corneal edema,MeSH descriptor XML,Disease
corneal endothelial cell loss,MeSH descriptor XML,Disease
corneal injuries,MeSH descriptor XML,Disease
corneal neovascularization,MeSH descriptor XML,Disease
corneal opacity,MeSH descriptor XML,Disease
corneal perforation,MeSH descriptor XML,Disease
corneal ulcer,MeSH descriptor XML,Disease
corneal wavefront aberration,MeSH descriptor XML,Disease
coronary aneurysm,MeSH descriptor XML,Disease
coronary artery disease,MeSH descriptor XML,Disease
coronary disease,MeSH descriptor XML,Disease
coronary occlusion,MeSH descriptor XML,Disease
coronary restenosis,MeSH descriptor XML,Disease
coronary stenosis,MeSH descriptor XML,Disease
coronary thrombosis,MeSH descriptor XML,Disease
coronary vasospasm,MeSH descriptor XML,Disease
coronary vessel anomalies,MeSH descriptor XML,Disease
coronary-subclavian steal syndrome,MeSH descriptor XML,Disease
coronaviridae infections,MeSH descriptor XML,Disease
coronavirus infections,MeSH descriptor XML,Disease
corpse dismemberment,MeSH descriptor XML,Disease
corticobasal degeneration,MeSH descriptor XML,Disease
corynebacterium infections,MeSH descriptor XML,Disease
costello syndrome,MeSH descriptor XML,Disease
cough,MeSH descriptor XML,Disease
cough-variant asthma,MeSH descriptor XML,Disease
covid-19,MeSH descriptor XML,Disease
cowpox,MeSH descriptor XML,Disease
coxa magna,MeSH descriptor XML,Disease
coxa valga,MeSH descriptor XML,Disease
coxa vara,MeSH descriptor XML,Disease
coxsackievirus infections,MeSH descriptor XML,Disease
cracked tooth syndrome,MeSH descriptor XML,Disease
cranial nerve diseases,MeSH descriptor XML,Disease
cranial nerve injuries,MeSH descriptor XML,Disease
cranial nerve neoplasms,MeSH descriptor XML,Disease
craniocerebral trauma,MeSH descriptor XML,Disease
craniofacial abnormalities,MeSH descriptor XML,Disease
craniofacial dysostosis,MeSH descriptor XML,Disease
craniofacial fibrous dysplasia,MeSH descriptor XML,Disease
craniomandibular disorders,MeSH descriptor XML,Disease
craniopharyngioma,MeSH descriptor XML,Disease
craniosynostoses,MeSH descriptor XML,Disease
crest syndrome,MeSH descriptor XML,Disease
creutzfeldt-jakob syndrome,MeSH descriptor XML,Disease
cri-du-chat syndrome,MeSH descriptor XML,Disease
crigler-najjar syndrome,MeSH descriptor XML,Disease
crisscross heart,MeSH descriptor XML,Disease
crohn disease,MeSH descriptor XML,Disease
cronkhite-canada syndrome,MeSH descriptor XML,Disease
cross infection,MeSH descriptor XML,Disease
croup,MeSH descriptor XML,Disease
crush injuries,MeSH descriptor XML,Disease
crush syndrome,MeSH descriptor XML,Disease
cryoglobulinemia,MeSH descriptor XML,Disease
cryopyrin-associated periodic syndromes,MeSH descriptor XML,Disease
cryptococcosis,MeSH descriptor XML,Disease
cryptogenic organizing pneumonia,MeSH descriptor XML,Disease
cryptorchidism,MeSH descriptor XML,Disease
cryptosporidiosis,MeSH descriptor XML,Disease
crystal arthropathies,MeSH descriptor XML,Disease
cubital tunnel syndrome,MeSH descriptor XML,Disease
cumulative trauma disorders,MeSH descriptor XML,Disease
cushing syndrome,MeSH descriptor XML,Disease
cutaneous fistula,MeSH descriptor XML,Disease
cutis laxa,MeSH descriptor XML,Disease
cyclodialysis clefts,MeSH descriptor XML,Disease
cyclosporiasis,MeSH descriptor XML,Disease
cystadenocarcinoma,MeSH descriptor XML,Disease
"cystadenocarcinoma, mucinous",MeSH descriptor XML,Disease
"cystadenocarcinoma, papillary",MeSH descriptor XML,Disease
"cystadenocarcinoma, serous",MeSH descriptor XML,Disease
cystadenofibroma,MeSH descriptor XML,Disease
cystadenoma,MeSH descriptor XML,Disease
"cystadenoma, mucinous",MeSH descriptor XML,Disease
"cystadenoma, papillary",MeSH descriptor XML,Disease
"cystadenoma, serous",MeSH descriptor XML,Disease
"cystic adenomatoid malformation of lung, congenital",MeSH descriptor XML,Disease
cystic fibrosis,MeSH descriptor XML,Disease
cysticercosis,MeSH descriptor XML,Disease
cystinosis,MeSH descriptor XML,Disease
cystinuria,MeSH descriptor XML,Disease
cystitis,MeSH descriptor XML,Disease
"cystitis, hemorrhagic",MeSH descriptor XML,Disease
"cystitis, interstitial",MeSH descriptor XML,Disease
cystocele,MeSH descriptor XML,Disease
cysts,MeSH descriptor XML,Disease
cytochrome-c oxidase deficiency,MeSH descriptor XML,Disease
cytomegalovirus infections,MeSH descriptor XML,Disease
cytomegalovirus retinitis,MeSH descriptor XML,Disease
cytopenia,MeSH descriptor XML,Disease
cytophagaceae infections,MeSH descriptor XML,Disease
dacryocystitis,MeSH descriptor XML,Disease
dandruff,MeSH descriptor XML,Disease
dandy-walker syndrome,MeSH descriptor XML,Disease
darier disease,MeSH descriptor XML,Disease
de lange syndrome,MeSH descriptor XML,Disease
de quervain disease,MeSH descriptor XML,Disease
deaf-blind disorders,MeSH descriptor XML,Disease
deafness,MeSH descriptor XML,Disease
"death, sudden, cardiac",MeSH descriptor XML,Disease
"decalcification, pathologic",MeSH descriptor XML,Disease
decapitation,MeSH descriptor XML,Disease
decerebrate state,MeSH descriptor XML,Disease
decompression sickness,MeSH descriptor XML,Disease
deficiency diseases,MeSH descriptor XML,Disease
degloving injuries,MeSH descriptor XML,Disease
deglutition disorders,MeSH descriptor XML,Disease
dehydration,MeSH descriptor XML,Disease
delirium,MeSH descriptor XML,Disease
delta-thalassemia,MeSH descriptor XML,Disease
deltaretrovirus infections,MeSH descriptor XML,Disease
dementia,MeSH descriptor XML,Disease
"dementia, multi-infarct",MeSH descriptor XML,Disease
"dementia, vascular",MeSH descriptor XML,Disease
"demyelinating autoimmune diseases, cns",MeSH descriptor XML,Disease
demyelinating diseases,MeSH descriptor XML,Disease
"dendritic cell sarcoma, follicular",MeSH descriptor XML,Disease
"dendritic cell sarcoma, interdigitating",MeSH descriptor XML,Disease
dengue,MeSH descriptor XML,Disease
dens in dente,MeSH descriptor XML,Disease
dent disease,MeSH descriptor XML,Disease
dental calculus,MeSH descriptor XML,Disease
dental caries,MeSH descriptor XML,Disease
dental deposits,MeSH descriptor XML,Disease
dental enamel hypomineralization,MeSH descriptor XML,Disease
dental enamel hypoplasia,MeSH descriptor XML,Disease
dental fissures,MeSH descriptor XML,Disease
dental fistula,MeSH descriptor XML,Disease
dental leakage,MeSH descriptor XML,Disease
"dental occlusion, traumatic",MeSH descriptor XML,Disease
dental plaque,MeSH descriptor XML,Disease
dental pulp calcification,MeSH descriptor XML,Disease
dental pulp diseases,MeSH descriptor XML,Disease
dental pulp exposure,MeSH descriptor XML,Disease
dental pulp necrosis,MeSH descriptor XML,Disease
dentigerous cyst,MeSH descriptor XML,Disease
dentin dysplasia,MeSH descriptor XML,Disease
dentin sensitivity,MeSH descriptor XML,Disease
"dentin, secondary",MeSH descriptor XML,Disease
dentinogenesis imperfecta,MeSH descriptor XML,Disease
dentofacial deformities,MeSH descriptor XML,Disease
denys-drash syndrome,MeSH descriptor XML,Disease
"depression, postpartum",MeSH descriptor XML,Disease
dermatitis,MeSH descriptor XML,Disease
dermatitis herpetiformis,MeSH descriptor XML,Disease
"dermatitis, allergic contact",MeSH descriptor XML,Disease
"dermatitis, atopic",MeSH descriptor XML,Disease
"dermatitis, contact",MeSH descriptor XML,Disease
"dermatitis, exfoliative",MeSH descriptor XML,Disease
"dermatitis, irritant",MeSH descriptor XML,Disease
"dermatitis, occupational",MeSH descriptor XML,Disease
"dermatitis, perioral",MeSH descriptor XML,Disease
"dermatitis, photoallergic",MeSH descriptor XML,Disease
"dermatitis, phototoxic",MeSH descriptor XML,Disease
"dermatitis, seborrheic",MeSH descriptor XML,Disease
"dermatitis, toxicodendron",MeSH descriptor XML,Disease
dermatofibrosarcoma,MeSH descriptor XML,Disease
dermatomycoses,MeSH descriptor XML,Disease
dermatomyositis,MeSH descriptor XML,Disease
dermoid cyst,MeSH descriptor XML,Disease
descending thoracic aortic aneurysm,MeSH descriptor XML,Disease
desmoid tumors,MeSH descriptor XML,Disease
desmoplastic small round cell tumor,MeSH descriptor XML,Disease
desulfovibrionaceae infections,MeSH descriptor XML,Disease
developmental defects of enamel,MeSH descriptor XML,Disease
developmental dysplasia of the hip,MeSH descriptor XML,Disease
developmental origins of health and disease,MeSH descriptor XML,Disease
dextrocardia,MeSH descriptor XML,Disease
diabesity,MeSH descriptor XML,Disease
diabetes complications,MeSH descriptor XML,Disease
diabetes insipidus,MeSH descriptor XML,Disease
"diabetes insipidus, nephrogenic",MeSH descriptor XML,Disease
"diabetes insipidus, neurogenic",MeSH descriptor XML,Disease
diabetes mellitus,MeSH descriptor XML,Disease
"diabetes mellitus, experimental",MeSH descriptor XML,Disease
"diabetes mellitus, lipoatrophic",MeSH descriptor XML,Disease
"diabetes mellitus, type 1",MeSH descriptor XML,Disease
"diabetes mellitus, type 2",MeSH descriptor XML,Disease
"diabetes, gestational",MeSH descriptor XML,Disease
diabetic angiopathies,MeSH descriptor XML,Disease
diabetic cardiomyopathies,MeSH descriptor XML,Disease
diabetic coma,MeSH descriptor XML,Disease
diabetic foot,MeSH descriptor XML,Disease
diabetic ketoacidosis,MeSH descriptor XML,Disease
diabetic nephropathies,MeSH descriptor XML,Disease
diabetic neuropathies,MeSH descriptor XML,Disease
diabetic retinopathy,MeSH descriptor XML,Disease
diaper rash,MeSH descriptor XML,Disease
diaphragmatic eventration,MeSH descriptor XML,Disease
diaschisis,MeSH descriptor XML,Disease
"diastasis, bone",MeSH descriptor XML,Disease
"diastasis, muscle",MeSH descriptor XML,Disease
diastema,MeSH descriptor XML,Disease
dicrocoeliasis,MeSH descriptor XML,Disease
dictyocaulus infections,MeSH descriptor XML,Disease
dientamoebiasis,MeSH descriptor XML,Disease
diffuse axonal injury,MeSH descriptor XML,Disease
diffuse cerebral sclerosis of schilder,MeSH descriptor XML,Disease
diffuse intrinsic pontine glioma,MeSH descriptor XML,Disease
diffuse neurofibrillary tangles with calcification,MeSH descriptor XML,Disease
digeorge syndrome,MeSH descriptor XML,Disease
digestive system abnormalities,MeSH descriptor XML,Disease
digestive system diseases,MeSH descriptor XML,Disease
digestive system fistula,MeSH descriptor XML,Disease
digestive system neoplasms,MeSH descriptor XML,Disease
digital dermatitis,MeSH descriptor XML,Disease
dihydropyrimidine dehydrogenase deficiency,MeSH descriptor XML,Disease
dipetalonema infections,MeSH descriptor XML,Disease
diphtheria,MeSH descriptor XML,Disease
diphyllobothriasis,MeSH descriptor XML,Disease
diplopia,MeSH descriptor XML,Disease
dirofilariasis,MeSH descriptor XML,Disease
discitis,MeSH descriptor XML,Disease
discrete subaortic stenosis,MeSH descriptor XML,Disease
"disease models, animal",MeSH descriptor XML,Disease
"disorder of sex development, 46,xy",MeSH descriptor XML,Disease
disorders of environmental origin,MeSH descriptor XML,Disease
disorders of excessive somnolence,MeSH descriptor XML,Disease
disorders of sex development,MeSH descriptor XML,Disease
"dissection, abdominal aorta",MeSH descriptor XML,Disease
"dissection, ascending aorta",MeSH descriptor XML,Disease
"dissection, blood vessel",MeSH descriptor XML,Disease
"dissection, thoracic aorta",MeSH descriptor XML,Disease
disseminated intravascular coagulation,MeSH descriptor XML,Disease
distal myopathies,MeSH descriptor XML,Disease
distemper,MeSH descriptor XML,Disease
diurnal enuresis,MeSH descriptor XML,Disease
diverticular diseases,MeSH descriptor XML,Disease
diverticulitis,MeSH descriptor XML,Disease
"diverticulitis, colonic",MeSH descriptor XML,Disease
"diverticulosis, colonic",MeSH descriptor XML,Disease
"diverticulosis, esophageal",MeSH descriptor XML,Disease
"diverticulosis, stomach",MeSH descriptor XML,Disease
diverticulum,MeSH descriptor XML,Disease
"diverticulum, colon",MeSH descriptor XML,Disease
"diverticulum, esophageal",MeSH descriptor XML,Disease
"diverticulum, stomach",MeSH descriptor XML,Disease
dna repair-deficiency disorders,MeSH descriptor XML,Disease
dna virus infections,MeSH descriptor XML,Disease
dog diseases,MeSH descriptor XML,Disease
donohue syndrome,MeSH descriptor XML,Disease
double outlet right ventricle,MeSH descriptor XML,Disease
dourine,MeSH descriptor XML,Disease
down syndrome,MeSH descriptor XML,Disease
dracunculiasis,MeSH descriptor XML,Disease
dropped head syndrome,MeSH descriptor XML,Disease
drowning,MeSH descriptor XML,Disease
drug eruptions,MeSH descriptor XML,Disease
drug fever,MeSH descriptor XML,Disease
drug hypersensitivity,MeSH descriptor XML,Disease
drug hypersensitivity syndrome,MeSH descriptor XML,Disease
drug misuse,MeSH descriptor XML,Disease
drug overdose,MeSH descriptor XML,Disease
drug resistant epilepsy,MeSH descriptor XML,Disease
drug-related side effects and adverse reactions,MeSH descriptor XML,Disease
dry eye syndromes,MeSH descriptor XML,Disease
dry socket,MeSH descriptor XML,Disease
duane retraction syndrome,MeSH descriptor XML,Disease
"ductus arteriosus, patent",MeSH descriptor XML,Disease
dumping syndrome,MeSH descriptor XML,Disease
duodenal diseases,MeSH descriptor XML,Disease
duodenal neoplasms,MeSH descriptor XML,Disease
duodenal obstruction,MeSH descriptor XML,Disease
duodenal ulcer,MeSH descriptor XML,Disease
duodenitis,MeSH descriptor XML,Disease
duodenogastric reflux,MeSH descriptor XML,Disease
dupuytren contracture,MeSH descriptor XML,Disease
dust mite allergy,MeSH descriptor XML,Disease
dwarfism,MeSH descriptor XML,Disease
"dwarfism, pituitary",MeSH descriptor XML,Disease
dysarthria,MeSH descriptor XML,Disease
"dysautonomia, familial",MeSH descriptor XML,Disease
dyscalculia,MeSH descriptor XML,Disease
dysentery,MeSH descriptor XML,Disease
"dysentery, amebic",MeSH descriptor XML,Disease
"dysentery, bacillary",MeSH descriptor XML,Disease
dysgammaglobulinemia,MeSH descriptor XML,Disease
dysgerminoma,MeSH descriptor XML,Disease
dysgeusia,MeSH descriptor XML,Disease
dyskeratosis congenita,MeSH descriptor XML,Disease
"dyskinesia, drug-induced",MeSH descriptor XML,Disease
dyskinesias,MeSH descriptor XML,Disease
dyslexia,MeSH descriptor XML,Disease
"dyslexia, acquired",MeSH descriptor XML,Disease
dyslipidemias,MeSH descriptor XML,Disease
dysostoses,MeSH descriptor XML,Disease
dyspareunia,MeSH descriptor XML,Disease
dysphonia,MeSH descriptor XML,Disease
dysplastic nevus syndrome,MeSH descriptor XML,Disease
dyspnea,MeSH descriptor XML,Disease
"dyspnea, paroxysmal",MeSH descriptor XML,Disease
dyssomnias,MeSH descriptor XML,Disease
dystocia,MeSH descriptor XML,Disease
dystonia,MeSH descriptor XML,Disease
dystonia musculorum deformans,MeSH descriptor XML,Disease
dystonic disorders,MeSH descriptor XML,Disease
"ear deformities, acquired",MeSH descriptor XML,Disease
ear diseases,MeSH descriptor XML,Disease
ear neoplasms,MeSH descriptor XML,Disease
earache,MeSH descriptor XML,Disease
ebstein anomaly,MeSH descriptor XML,Disease
ecchymosis,MeSH descriptor XML,Disease
eccrine porocarcinoma,MeSH descriptor XML,Disease
echinococcosis,MeSH descriptor XML,Disease
"echinococcosis, hepatic",MeSH descriptor XML,Disease
"echinococcosis, pulmonary",MeSH descriptor XML,Disease
echinostomiasis,MeSH descriptor XML,Disease
echogenic bowel,MeSH descriptor XML,Disease
echolalia,MeSH descriptor XML,Disease
echovirus infections,MeSH descriptor XML,Disease
eclampsia,MeSH descriptor XML,Disease
ecthyma,MeSH descriptor XML,Disease
"ecthyma, contagious",MeSH descriptor XML,Disease
ectodermal dysplasia,MeSH descriptor XML,Disease
"ectodermal dysplasia 1, anhidrotic",MeSH descriptor XML,Disease
"ectodermal dysplasia 3, anhidrotic",MeSH descriptor XML,Disease
"ectodermal dysplasia, hypohidrotic, autosomal recessive",MeSH descriptor XML,Disease
ectoparasitic infestations,MeSH descriptor XML,Disease
ectopia cordis,MeSH descriptor XML,Disease
ectopia lentis,MeSH descriptor XML,Disease
ectromelia,MeSH descriptor XML,Disease
"ectromelia, infectious",MeSH descriptor XML,Disease
ectropion,MeSH descriptor XML,Disease
eczema,MeSH descriptor XML,Disease
"eczema, dyshidrotic",MeSH descriptor XML,Disease
edema disease of swine,MeSH descriptor XML,Disease
"edema, cardiac",MeSH descriptor XML,Disease
egg hypersensitivity,MeSH descriptor XML,Disease
ehlers-danlos syndrome,MeSH descriptor XML,Disease
"ehlers-danlos syndrome, type iv",MeSH descriptor XML,Disease
ehrlichiosis,MeSH descriptor XML,Disease
eisenmenger complex,MeSH descriptor XML,Disease
ejaculatory dysfunction,MeSH descriptor XML,Disease
elbow fractures,MeSH descriptor XML,Disease
elbow injuries,MeSH descriptor XML,Disease
elbow tendinopathy,MeSH descriptor XML,Disease
electric injuries,MeSH descriptor XML,Disease
elephantiasis,MeSH descriptor XML,Disease
"elephantiasis, filarial",MeSH descriptor XML,Disease
"elliptocytosis, hereditary",MeSH descriptor XML,Disease
ellis-van creveld syndrome,MeSH descriptor XML,Disease
embolic stroke,MeSH descriptor XML,Disease
embolism,MeSH descriptor XML,Disease
embolism and thrombosis,MeSH descriptor XML,Disease
"embolism, air",MeSH descriptor XML,Disease
"embolism, amniotic fluid",MeSH descriptor XML,Disease
"embolism, cholesterol",MeSH descriptor XML,Disease
"embolism, fat",MeSH descriptor XML,Disease
"embolism, paradoxical",MeSH descriptor XML,Disease
embryo loss,MeSH descriptor XML,Disease
emergence delirium,MeSH descriptor XML,Disease
emphysematous cholecystitis,MeSH descriptor XML,Disease
emphysematous pyelonephritis,MeSH descriptor XML,Disease
empty sella syndrome,MeSH descriptor XML,Disease
empyema,MeSH descriptor XML,Disease
"empyema, pleural",MeSH descriptor XML,Disease
"empyema, subdural",MeSH descriptor XML,Disease
"empyema, tuberculous",MeSH descriptor XML,Disease
encephalitis,MeSH descriptor XML,Disease
"encephalitis, arbovirus",MeSH descriptor XML,Disease
"encephalitis, california",MeSH descriptor XML,Disease
"encephalitis, herpes simplex",MeSH descriptor XML,Disease
"encephalitis, japanese",MeSH descriptor XML,Disease
"encephalitis, st. louis",MeSH descriptor XML,Disease
"encephalitis, tick-borne",MeSH descriptor XML,Disease
"encephalitis, varicella zoster",MeSH descriptor XML,Disease
"encephalitis, viral",MeSH descriptor XML,Disease
encephalitozoonosis,MeSH descriptor XML,Disease
encephalocele,MeSH descriptor XML,Disease
encephalomalacia,MeSH descriptor XML,Disease
encephalomyelitis,MeSH descriptor XML,Disease
"encephalomyelitis, acute disseminated",MeSH descriptor XML,Disease
"encephalomyelitis, autoimmune, experimental",MeSH descriptor XML,Disease
"encephalomyelitis, eastern equine",MeSH descriptor XML,Disease
"encephalomyelitis, enzootic porcine",MeSH descriptor XML,Disease
"encephalomyelitis, equine",MeSH descriptor XML,Disease
"encephalomyelitis, venezuelan equine",MeSH descriptor XML,Disease
"encephalomyelitis, western equine",MeSH descriptor XML,Disease
"encephalopathy, bovine spongiform",MeSH descriptor XML,Disease
enchondromatosis,MeSH descriptor XML,Disease
end stage liver disease,MeSH descriptor XML,Disease
endarteritis,MeSH descriptor XML,Disease
endocardial cushion defects,MeSH descriptor XML,Disease
endocardial fibroelastosis,MeSH descriptor XML,Disease
endocarditis,MeSH descriptor XML,Disease
"endocarditis, bacterial",MeSH descriptor XML,Disease
"endocarditis, non-infective",MeSH descriptor XML,Disease
"endocarditis, subacute bacterial",MeSH descriptor XML,Disease
endocrine gland neoplasms,MeSH descriptor XML,Disease
endocrine system diseases,MeSH descriptor XML,Disease
endodermal sinus tumor,MeSH descriptor XML,Disease
endoleak,MeSH descriptor XML,Disease
endolymphatic hydrops,MeSH descriptor XML,Disease
endometrial hyperplasia,MeSH descriptor XML,Disease
endometrial neoplasms,MeSH descriptor XML,Disease
endometrial stromal tumors,MeSH descriptor XML,Disease
endometriosis,MeSH descriptor XML,Disease
endometritis,MeSH descriptor XML,Disease
endomyocardial fibrosis,MeSH descriptor XML,Disease
endophthalmitis,MeSH descriptor XML,Disease
endotoxemia,MeSH descriptor XML,Disease
enophthalmos,MeSH descriptor XML,Disease
enoplida infections,MeSH descriptor XML,Disease
entamoebiasis,MeSH descriptor XML,Disease
enteritis,MeSH descriptor XML,Disease
"enteritis, transmissible, of turkeys",MeSH descriptor XML,Disease
enterobacteriaceae infections,MeSH descriptor XML,Disease
enterobiasis,MeSH descriptor XML,Disease
enterocolitis,MeSH descriptor XML,Disease
"enterocolitis, necrotizing",MeSH descriptor XML,Disease
"enterocolitis, neutropenic",MeSH descriptor XML,Disease
"enterocolitis, pseudomembranous",MeSH descriptor XML,Disease
enteropathy-associated t-cell lymphoma,MeSH descriptor XML,Disease
enterotoxemia,MeSH descriptor XML,Disease
enterovirus infections,MeSH descriptor XML,Disease
enthesopathy,MeSH descriptor XML,Disease
entropion,MeSH descriptor XML,Disease
enuresis,MeSH descriptor XML,Disease
environmental illness,MeSH descriptor XML,Disease
enzootic bovine leukosis,MeSH descriptor XML,Disease
eosinophilia,MeSH descriptor XML,Disease
eosinophilia-myalgia syndrome,MeSH descriptor XML,Disease
eosinophilic esophagitis,MeSH descriptor XML,Disease
eosinophilic granuloma,MeSH descriptor XML,Disease
ependymoma,MeSH descriptor XML,Disease
ephemeral fever,MeSH descriptor XML,Disease
epidermal cyst,MeSH descriptor XML,Disease
"epidermitis, exudative, of swine",MeSH descriptor XML,Disease
epidermodysplasia verruciformis,MeSH descriptor XML,Disease
epidermolysis bullosa,MeSH descriptor XML,Disease
epidermolysis bullosa acquisita,MeSH descriptor XML,Disease
epidermolysis bullosa dystrophica,MeSH descriptor XML,Disease
epidermolysis bullosa simplex,MeSH descriptor XML,Disease
"epidermolysis bullosa, junctional",MeSH descriptor XML,Disease
epididymitis,MeSH descriptor XML,Disease
epidural abscess,MeSH descriptor XML,Disease
epidural neoplasms,MeSH descriptor XML,Disease
epiglottitis,MeSH descriptor XML,Disease
epilepsia partialis continua,MeSH descriptor XML,Disease
"epilepsies, myoclonic",MeSH descriptor XML,Disease
"epilepsies, partial",MeSH descriptor XML,Disease
epilepsy,MeSH descriptor XML,Disease
"epilepsy, absence",MeSH descriptor XML,Disease
"epilepsy, benign neonatal",MeSH descriptor XML,Disease
"epilepsy, complex partial",MeSH descriptor XML,Disease
"epilepsy, frontal lobe",MeSH descriptor XML,Disease
"epilepsy, generalized",MeSH descriptor XML,Disease
"epilepsy, partial, motor",MeSH descriptor XML,Disease
"epilepsy, partial, sensory",MeSH descriptor XML,Disease
"epilepsy, post-traumatic",MeSH descriptor XML,Disease
"epilepsy, reflex",MeSH descriptor XML,Disease
"epilepsy, rolandic",MeSH descriptor XML,Disease
"epilepsy, temporal lobe",MeSH descriptor XML,Disease
"epilepsy, tonic-clonic",MeSH descriptor XML,Disease
epileptic syndromes,MeSH descriptor XML,Disease
"epiphyses, slipped",MeSH descriptor XML,Disease
epiretinal membrane,MeSH descriptor XML,Disease
epispadias,MeSH descriptor XML,Disease
epistaxis,MeSH descriptor XML,Disease
epstein-barr virus infections,MeSH descriptor XML,Disease
equine infectious anemia,MeSH descriptor XML,Disease
equinus deformity,MeSH descriptor XML,Disease
erdheim-chester disease,MeSH descriptor XML,Disease
erectile dysfunction,MeSH descriptor XML,Disease
ergotism,MeSH descriptor XML,Disease
erysipelas,MeSH descriptor XML,Disease
erysipeloid,MeSH descriptor XML,Disease
erysipelothrix infections,MeSH descriptor XML,Disease
erythema,MeSH descriptor XML,Disease
erythema ab igne,MeSH descriptor XML,Disease
erythema chronicum migrans,MeSH descriptor XML,Disease
erythema induratum,MeSH descriptor XML,Disease
erythema infectiosum,MeSH descriptor XML,Disease
erythema multiforme,MeSH descriptor XML,Disease
erythema nodosum,MeSH descriptor XML,Disease
erythrasma,MeSH descriptor XML,Disease
"erythroblastosis, fetal",MeSH descriptor XML,Disease
erythrokeratodermia variabilis,MeSH descriptor XML,Disease
erythromelalgia,MeSH descriptor XML,Disease
erythroplasia,MeSH descriptor XML,Disease
escherichia coli infections,MeSH descriptor XML,Disease
esophageal achalasia,MeSH descriptor XML,Disease
esophageal and gastric varices,MeSH descriptor XML,Disease
esophageal atresia,MeSH descriptor XML,Disease
esophageal cyst,MeSH descriptor XML,Disease
esophageal diseases,MeSH descriptor XML,Disease
esophageal fistula,MeSH descriptor XML,Disease
esophageal motility disorders,MeSH descriptor XML,Disease
esophageal neoplasms,MeSH descriptor XML,Disease
esophageal perforation,MeSH descriptor XML,Disease
"esophageal spasm, diffuse",MeSH descriptor XML,Disease
esophageal squamous cell carcinoma,MeSH descriptor XML,Disease
esophageal stenosis,MeSH descriptor XML,Disease
esophagitis,MeSH descriptor XML,Disease
"esophagitis, peptic",MeSH descriptor XML,Disease
esotropia,MeSH descriptor XML,Disease
essential hypertension,MeSH descriptor XML,Disease
essential tremor,MeSH descriptor XML,Disease
"esthesioneuroblastoma, olfactory",MeSH descriptor XML,Disease
ethmoid sinusitis,MeSH descriptor XML,Disease
euglenozoa infections,MeSH descriptor XML,Disease
eunuchism,MeSH descriptor XML,Disease
euthyroid sick syndromes,MeSH descriptor XML,Disease
exanthema,MeSH descriptor XML,Disease
exanthema subitum,MeSH descriptor XML,Disease
exercise-induced allergies,MeSH descriptor XML,Disease
exfoliation syndrome,MeSH descriptor XML,Disease
exocrine pancreatic insufficiency,MeSH descriptor XML,Disease
exophthalmos,MeSH descriptor XML,Disease
exostoses,MeSH descriptor XML,Disease
"exostoses, multiple hereditary",MeSH descriptor XML,Disease
exotropia,MeSH descriptor XML,Disease
extensively drug-resistant tuberculosis,MeSH descriptor XML,Disease
extranodal extension,MeSH descriptor XML,Disease
extravasation of diagnostic and therapeutic materials,MeSH descriptor XML,Disease
eye abnormalities,MeSH descriptor XML,Disease
eye burns,MeSH descriptor XML,Disease
eye diseases,MeSH descriptor XML,Disease
"eye diseases, hereditary",MeSH descriptor XML,Disease
eye foreign bodies,MeSH descriptor XML,Disease
eye hemorrhage,MeSH descriptor XML,Disease
eye infections,MeSH descriptor XML,Disease
"eye infections, bacterial",MeSH descriptor XML,Disease
"eye infections, fungal",MeSH descriptor XML,Disease
"eye infections, parasitic",MeSH descriptor XML,Disease
"eye infections, viral",MeSH descriptor XML,Disease
eye injuries,MeSH descriptor XML,Disease
"eye injuries, penetrating",MeSH descriptor XML,Disease
eye manifestations,MeSH descriptor XML,Disease
eye neoplasms,MeSH descriptor XML,Disease
eye pain,MeSH descriptor XML,Disease
eyelid diseases,MeSH descriptor XML,Disease
eyelid neoplasms,MeSH descriptor XML,Disease
fabry disease,MeSH descriptor XML,Disease
facial dermatoses,MeSH descriptor XML,Disease
facial hemiatrophy,MeSH descriptor XML,Disease
facial injuries,MeSH descriptor XML,Disease
facial neoplasms,MeSH descriptor XML,Disease
facial nerve diseases,MeSH descriptor XML,Disease
facial nerve injuries,MeSH descriptor XML,Disease
facial neuralgia,MeSH descriptor XML,Disease
facial paralysis,MeSH descriptor XML,Disease
factor v deficiency,MeSH descriptor XML,Disease
factor vii deficiency,MeSH descriptor XML,Disease
factor x deficiency,MeSH descriptor XML,Disease
factor xi deficiency,MeSH descriptor XML,Disease
factor xii deficiency,MeSH descriptor XML,Disease
factor xiii deficiency,MeSH descriptor XML,Disease
fallopian tube diseases,MeSH descriptor XML,Disease
fallopian tube neoplasms,MeSH descriptor XML,Disease
familial exudative vitreoretinopathies,MeSH descriptor XML,Disease
familial hypophosphatemic rickets,MeSH descriptor XML,Disease
familial mediterranean fever,MeSH descriptor XML,Disease
familial multiple lipomatosis,MeSH descriptor XML,Disease
familial primary pulmonary hypertension,MeSH descriptor XML,Disease
fanconi anemia,MeSH descriptor XML,Disease
fanconi syndrome,MeSH descriptor XML,Disease
farber lipogranulomatosis,MeSH descriptor XML,Disease
farmer's lung,MeSH descriptor XML,Disease
fasciculation,MeSH descriptor XML,Disease
fasciitis,MeSH descriptor XML,Disease
"fasciitis, necrotizing",MeSH descriptor XML,Disease
"fasciitis, plantar",MeSH descriptor XML,Disease
fascioliasis,MeSH descriptor XML,Disease
fascioloidiasis,MeSH descriptor XML,Disease
"fatigue syndrome, chronic",MeSH descriptor XML,Disease
fatty liver,MeSH descriptor XML,Disease
"fatty liver, alcoholic",MeSH descriptor XML,Disease
favism,MeSH descriptor XML,Disease
febrile neutropenia,MeSH descriptor XML,Disease
fecal impaction,MeSH descriptor XML,Disease
fecal incontinence,MeSH descriptor XML,Disease
feline acquired immunodeficiency syndrome,MeSH descriptor XML,Disease
feline infectious peritonitis,MeSH descriptor XML,Disease
feline panleukopenia,MeSH descriptor XML,Disease
felty syndrome,MeSH descriptor XML,Disease
female urogenital diseases,MeSH descriptor XML,Disease
female urogenital diseases and pregnancy complications,MeSH descriptor XML,Disease
femoracetabular impingement,MeSH descriptor XML,Disease
femoral fractures,MeSH descriptor XML,Disease
"femoral fractures, distal",MeSH descriptor XML,Disease
femoral neck fractures,MeSH descriptor XML,Disease
femoral neoplasms,MeSH descriptor XML,Disease
femoral neuropathy,MeSH descriptor XML,Disease
femur head necrosis,MeSH descriptor XML,Disease
fetal alcohol spectrum disorders,MeSH descriptor XML,Disease
fetal death,MeSH descriptor XML,Disease
fetal diseases,MeSH descriptor XML,Disease
fetal growth retardation,MeSH descriptor XML,Disease
fetal hypoxia,MeSH descriptor XML,Disease
fetal macrosomia,MeSH descriptor XML,Disease
"fetal membranes, premature rupture",MeSH descriptor XML,Disease
fetal nutrition disorders,MeSH descriptor XML,Disease
fetal resorption,MeSH descriptor XML,Disease
fetofetal transfusion,MeSH descriptor XML,Disease
fetomaternal transfusion,MeSH descriptor XML,Disease
fetus-in-fetu,MeSH descriptor XML,Disease
fibroadenoma,MeSH descriptor XML,Disease
fibrocystic breast disease,MeSH descriptor XML,Disease
fibroma,MeSH descriptor XML,Disease
"fibroma, desmoplastic",MeSH descriptor XML,Disease
"fibroma, ossifying",MeSH descriptor XML,Disease
"fibromatosis, abdominal",MeSH descriptor XML,Disease
"fibromatosis, gingival",MeSH descriptor XML,Disease
"fibromatosis, plantar",MeSH descriptor XML,Disease
fibromuscular dysplasia,MeSH descriptor XML,Disease
fibromyalgia,MeSH descriptor XML,Disease
fibrosarcoma,MeSH descriptor XML,Disease
fibrous dysplasia of bone,MeSH descriptor XML,Disease
"fibrous dysplasia, monostotic",MeSH descriptor XML,Disease
"fibrous dysplasia, polyostotic",MeSH descriptor XML,Disease
fibula fractures,MeSH descriptor XML,Disease
filariasis,MeSH descriptor XML,Disease
filoviridae infections,MeSH descriptor XML,Disease
finger injuries,MeSH descriptor XML,Disease
fish diseases,MeSH descriptor XML,Disease
fissure in ano,MeSH descriptor XML,Disease
flail chest,MeSH descriptor XML,Disease
flatfoot,MeSH descriptor XML,Disease
flaviviridae infections,MeSH descriptor XML,Disease
flavivirus infections,MeSH descriptor XML,Disease
flavobacteriaceae infections,MeSH descriptor XML,Disease
flea infestations,MeSH descriptor XML,Disease
fluoride poisoning,MeSH descriptor XML,Disease
"fluorosis, dental",MeSH descriptor XML,Disease
focal cortical dysplasia,MeSH descriptor XML,Disease
focal dermal hypoplasia,MeSH descriptor XML,Disease
focal epithelial hyperplasia,MeSH descriptor XML,Disease
focal facial dermal dysplasias,MeSH descriptor XML,Disease
focal infection,MeSH descriptor XML,Disease
"focal infection, dental",MeSH descriptor XML,Disease
focal nodular hyperplasia,MeSH descriptor XML,Disease
folic acid deficiency,MeSH descriptor XML,Disease
follicular cyst,MeSH descriptor XML,Disease
folliculitis,MeSH descriptor XML,Disease
food hypersensitivity,MeSH descriptor XML,Disease
foodborne diseases,MeSH descriptor XML,Disease
foot deformities,MeSH descriptor XML,Disease
"foot deformities, acquired",MeSH descriptor XML,Disease
"foot deformities, congenital",MeSH descriptor XML,Disease
foot dermatoses,MeSH descriptor XML,Disease
foot diseases,MeSH descriptor XML,Disease
foot injuries,MeSH descriptor XML,Disease
foot rot,MeSH descriptor XML,Disease
foot ulcer,MeSH descriptor XML,Disease
foot-and-mouth disease,MeSH descriptor XML,Disease
"foramen ovale, patent",MeSH descriptor XML,Disease
forearm injuries,MeSH descriptor XML,Disease
foreign bodies,MeSH descriptor XML,Disease
foreign-body migration,MeSH descriptor XML,Disease
foreign-body reaction,MeSH descriptor XML,Disease
fournier gangrene,MeSH descriptor XML,Disease
foveomacular retinitis,MeSH descriptor XML,Disease
fowlpox,MeSH descriptor XML,Disease
fox-fordyce disease,MeSH descriptor XML,Disease
fracture dislocation,MeSH descriptor XML,Disease
"fractures, avulsion",MeSH descriptor XML,Disease
"fractures, bone",MeSH descriptor XML,Disease
"fractures, cartilage",MeSH descriptor XML,Disease
"fractures, closed",MeSH descriptor XML,Disease
"fractures, comminuted",MeSH descriptor XML,Disease
"fractures, compression",MeSH descriptor XML,Disease
"fractures, malunited",MeSH descriptor XML,Disease
"fractures, multiple",MeSH descriptor XML,Disease
"fractures, open",MeSH descriptor XML,Disease
"fractures, spontaneous",MeSH descriptor XML,Disease
"fractures, stress",MeSH descriptor XML,Disease
"fractures, ununited",MeSH descriptor XML,Disease
fragile x syndrome,MeSH descriptor XML,Disease
fraser syndrome,MeSH descriptor XML,Disease
frasier syndrome,MeSH descriptor XML,Disease
freemartinism,MeSH descriptor XML,Disease
friedreich ataxia,MeSH descriptor XML,Disease
frontal sinusitis,MeSH descriptor XML,Disease
frontotemporal dementia,MeSH descriptor XML,Disease
frontotemporal lobar degeneration,MeSH descriptor XML,Disease
frostbite,MeSH descriptor XML,Disease
fructose intolerance,MeSH descriptor XML,Disease
"fructose metabolism, inborn errors",MeSH descriptor XML,Disease
"fructose-1,6-diphosphatase deficiency",MeSH descriptor XML,Disease
fuchs' endothelial dystrophy,MeSH descriptor XML,Disease
fucosidosis,MeSH descriptor XML,Disease
fungemia,MeSH descriptor XML,Disease
funnel chest,MeSH descriptor XML,Disease
furcation defects,MeSH descriptor XML,Disease
furunculosis,MeSH descriptor XML,Disease
fusariosis,MeSH descriptor XML,Disease
fused kidney,MeSH descriptor XML,Disease
fused teeth,MeSH descriptor XML,Disease
fusobacteriaceae infections,MeSH descriptor XML,Disease
fusobacterium infections,MeSH descriptor XML,Disease
gait apraxia,MeSH descriptor XML,Disease
gait ataxia,MeSH descriptor XML,Disease
"gait disorders, neurologic",MeSH descriptor XML,Disease
galactorrhea,MeSH descriptor XML,Disease
galactosemias,MeSH descriptor XML,Disease
gallbladder diseases,MeSH descriptor XML,Disease
gallbladder neoplasms,MeSH descriptor XML,Disease
gallstones,MeSH descriptor XML,Disease
ganglioglioma,MeSH descriptor XML,Disease
ganglion cysts,MeSH descriptor XML,Disease
ganglioneuroblastoma,MeSH descriptor XML,Disease
ganglioneuroma,MeSH descriptor XML,Disease
gangliosidoses,MeSH descriptor XML,Disease
"gangliosidoses, gm2",MeSH descriptor XML,Disease
"gangliosidosis, gm1",MeSH descriptor XML,Disease
gardner syndrome,MeSH descriptor XML,Disease
gas gangrene,MeSH descriptor XML,Disease
gas poisoning,MeSH descriptor XML,Disease
gastric antral vascular ectasia,MeSH descriptor XML,Disease
gastric dilatation,MeSH descriptor XML,Disease
gastric fistula,MeSH descriptor XML,Disease
gastric outlet obstruction,MeSH descriptor XML,Disease
gastrinoma,MeSH descriptor XML,Disease
gastritis,MeSH descriptor XML,Disease
"gastritis, atrophic",MeSH descriptor XML,Disease
"gastritis, hypertrophic",MeSH descriptor XML,Disease
gastroenteritis,MeSH descriptor XML,Disease
"gastroenteritis, transmissible, of swine",MeSH descriptor XML,Disease
gastroesophageal reflux,MeSH descriptor XML,Disease
gastrointestinal diseases,MeSH descriptor XML,Disease
gastrointestinal hemorrhage,MeSH descriptor XML,Disease
gastrointestinal neoplasms,MeSH descriptor XML,Disease
gastrointestinal stromal tumors,MeSH descriptor XML,Disease
gastroparesis,MeSH descriptor XML,Disease
gastroschisis,MeSH descriptor XML,Disease
gata2 deficiency,MeSH descriptor XML,Disease
gaucher disease,MeSH descriptor XML,Disease
"genetic diseases, inborn",MeSH descriptor XML,Disease
"genetic diseases, x-linked",MeSH descriptor XML,Disease
"genetic diseases, y-linked",MeSH descriptor XML,Disease
genital diseases,MeSH descriptor XML,Disease
"genital diseases, female",MeSH descriptor XML,Disease
"genital diseases, male",MeSH descriptor XML,Disease
"genital neoplasms, female",MeSH descriptor XML,Disease
"genital neoplasms, male",MeSH descriptor XML,Disease
genu valgum,MeSH descriptor XML,Disease
genu varum,MeSH descriptor XML,Disease
geographic atrophy,MeSH descriptor XML,Disease
geotrichosis,MeSH descriptor XML,Disease
germinoma,MeSH descriptor XML,Disease
gerstmann syndrome,MeSH descriptor XML,Disease
gerstmann-straussler-scheinker disease,MeSH descriptor XML,Disease
gestational trophoblastic disease,MeSH descriptor XML,Disease
giant axonal neuropathy,MeSH descriptor XML,Disease
giant cell arteritis,MeSH descriptor XML,Disease
giant cell tumor of bone,MeSH descriptor XML,Disease
giant cell tumor of tendon sheath,MeSH descriptor XML,Disease
giant cell tumors,MeSH descriptor XML,Disease
giardiasis,MeSH descriptor XML,Disease
gigantism,MeSH descriptor XML,Disease
gilbert disease,MeSH descriptor XML,Disease
gingival diseases,MeSH descriptor XML,Disease
gingival hemorrhage,MeSH descriptor XML,Disease
gingival hyperplasia,MeSH descriptor XML,Disease
gingival hypertrophy,MeSH descriptor XML,Disease
gingival neoplasms,MeSH descriptor XML,Disease
gingival overgrowth,MeSH descriptor XML,Disease
gingival pocket,MeSH descriptor XML,Disease
gingival recession,MeSH descriptor XML,Disease
gingivitis,MeSH descriptor XML,Disease
"gingivitis, necrotizing ulcerative",MeSH descriptor XML,Disease
gitelman syndrome,MeSH descriptor XML,Disease
glanders,MeSH descriptor XML,Disease
glaucoma,MeSH descriptor XML,Disease
"glaucoma, angle-closure",MeSH descriptor XML,Disease
"glaucoma, neovascular",MeSH descriptor XML,Disease
"glaucoma, open-angle",MeSH descriptor XML,Disease
glioblastoma,MeSH descriptor XML,Disease
glioma,MeSH descriptor XML,Disease
"glioma, subependymal",MeSH descriptor XML,Disease
gliosarcoma,MeSH descriptor XML,Disease
glomerulonephritis,MeSH descriptor XML,Disease
"glomerulonephritis, iga",MeSH descriptor XML,Disease
"glomerulonephritis, membranoproliferative",MeSH descriptor XML,Disease
"glomerulonephritis, membranous",MeSH descriptor XML,Disease
"glomerulosclerosis, focal segmental",MeSH descriptor XML,Disease
glomus jugulare tumor,MeSH descriptor XML,Disease
glomus tumor,MeSH descriptor XML,Disease
glomus tympanicum tumor,MeSH descriptor XML,Disease
glossalgia,MeSH descriptor XML,Disease
glossitis,MeSH descriptor XML,Disease
"glossitis, benign migratory",MeSH descriptor XML,Disease
glossopharyngeal nerve diseases,MeSH descriptor XML,Disease
glossopharyngeal nerve injuries,MeSH descriptor XML,Disease
glossoptosis,MeSH descriptor XML,Disease
glucagonoma,MeSH descriptor XML,Disease
glucose intolerance,MeSH descriptor XML,Disease
glucose metabolism disorders,MeSH descriptor XML,Disease
glucosephosphate dehydrogenase deficiency,MeSH descriptor XML,Disease
glycogen storage disease,MeSH descriptor XML,Disease
glycogen storage disease type i,MeSH descriptor XML,Disease
glycogen storage disease type ii,MeSH descriptor XML,Disease
glycogen storage disease type iib,MeSH descriptor XML,Disease
glycogen storage disease type iii,MeSH descriptor XML,Disease
glycogen storage disease type iv,MeSH descriptor XML,Disease
glycogen storage disease type v,MeSH descriptor XML,Disease
glycogen storage disease type vi,MeSH descriptor XML,Disease
glycogen storage disease type vii,MeSH descriptor XML,Disease
glycogen storage disease type viii,MeSH descriptor XML,Disease
glycosuria,MeSH descriptor XML,Disease
"glycosuria, renal",MeSH descriptor XML,Disease
gnathostomiasis,MeSH descriptor XML,Disease
goat diseases,MeSH descriptor XML,Disease
goiter,MeSH descriptor XML,Disease
"goiter, endemic",MeSH descriptor XML,Disease
"goiter, nodular",MeSH descriptor XML,Disease
"goiter, substernal",MeSH descriptor XML,Disease
goldenhar syndrome,MeSH descriptor XML,Disease
gonadal disorders,MeSH descriptor XML,Disease
gonadal dysgenesis,MeSH descriptor XML,Disease
"gonadal dysgenesis, 46,xx",MeSH descriptor XML,Disease
"gonadal dysgenesis, 46,xy",MeSH descriptor XML,Disease
"gonadal dysgenesis, mixed",MeSH descriptor XML,Disease
gonadoblastoma,MeSH descriptor XML,Disease
gonorrhea,MeSH descriptor XML,Disease
gout,MeSH descriptor XML,Disease
graft vs host disease,MeSH descriptor XML,Disease
gram-negative bacterial infections,MeSH descriptor XML,Disease
gram-positive bacterial infections,MeSH descriptor XML,Disease
granular cell tumor,MeSH descriptor XML,Disease
granuloma,MeSH descriptor XML,Disease
granuloma annulare,MeSH descriptor XML,Disease
granuloma inguinale,MeSH descriptor XML,Disease
"granuloma, foreign-body",MeSH descriptor XML,Disease
"granuloma, giant cell",MeSH descriptor XML,Disease
"granuloma, laryngeal",MeSH descriptor XML,Disease
"granuloma, lethal midline",MeSH descriptor XML,Disease
"granuloma, respiratory tract",MeSH descriptor XML,Disease
granulomatosis with polyangiitis,MeSH descriptor XML,Disease
"granulomatosis, orofacial",MeSH descriptor XML,Disease
"granulomatous disease, chronic",MeSH descriptor XML,Disease
granulomatous mastitis,MeSH descriptor XML,Disease
granulosa cell tumor,MeSH descriptor XML,Disease
graves disease,MeSH descriptor XML,Disease
graves ophthalmopathy,MeSH descriptor XML,Disease
gray platelet syndrome,MeSH descriptor XML,Disease
growth hormone-secreting pituitary adenoma,MeSH descriptor XML,Disease
guillain-barre syndrome,MeSH descriptor XML,Disease
guttate psoriasis,MeSH descriptor XML,Disease
gynatresia,MeSH descriptor XML,Disease
gynecomastia,MeSH descriptor XML,Disease
gyrate atrophy,MeSH descriptor XML,Disease
haemonchiasis,MeSH descriptor XML,Disease
haemophilus infections,MeSH descriptor XML,Disease
hair diseases,MeSH descriptor XML,Disease
hajdu-cheney syndrome,MeSH descriptor XML,Disease
hallermann's syndrome,MeSH descriptor XML,Disease
hallucinations,MeSH descriptor XML,Disease
hallux limitus,MeSH descriptor XML,Disease
hallux rigidus,MeSH descriptor XML,Disease
hallux valgus,MeSH descriptor XML,Disease
hallux varus,MeSH descriptor XML,Disease
hamartoma,MeSH descriptor XML,Disease
"hamartoma syndrome, multiple",MeSH descriptor XML,Disease
hamman-rich syndrome,MeSH descriptor XML,Disease
hammer toe syndrome,MeSH descriptor XML,Disease
hand deformities,MeSH descriptor XML,Disease
"hand deformities, acquired",MeSH descriptor XML,Disease
"hand deformities, congenital",MeSH descriptor XML,Disease
hand dermatoses,MeSH descriptor XML,Disease
hand injuries,MeSH descriptor XML,Disease
"hand, foot and mouth disease",MeSH descriptor XML,Disease
hand-arm vibration syndrome,MeSH descriptor XML,Disease
hand-foot syndrome,MeSH descriptor XML,Disease
hantavirus infections,MeSH descriptor XML,Disease
hantavirus pulmonary syndrome,MeSH descriptor XML,Disease
hartnup disease,MeSH descriptor XML,Disease
hashimoto disease,MeSH descriptor XML,Disease
head and neck neoplasms,MeSH descriptor XML,Disease
"head injuries, closed",MeSH descriptor XML,Disease
"head injuries, penetrating",MeSH descriptor XML,Disease
headache disorders,MeSH descriptor XML,Disease
"headache disorders, primary",MeSH descriptor XML,Disease
"headache disorders, secondary",MeSH descriptor XML,Disease
healthcare-associated pneumonia,MeSH descriptor XML,Disease
hearing disorders,MeSH descriptor XML,Disease
hearing loss,MeSH descriptor XML,Disease
"hearing loss, bilateral",MeSH descriptor XML,Disease
"hearing loss, central",MeSH descriptor XML,Disease
"hearing loss, conductive",MeSH descriptor XML,Disease
"hearing loss, functional",MeSH descriptor XML,Disease
"hearing loss, hidden",MeSH descriptor XML,Disease
"hearing loss, high-frequency",MeSH descriptor XML,Disease
"hearing loss, mixed conductive-sensorineural",MeSH descriptor XML,Disease
"hearing loss, noise-induced",MeSH descriptor XML,Disease
"hearing loss, sensorineural",MeSH descriptor XML,Disease
"hearing loss, sudden",MeSH descriptor XML,Disease
"hearing loss, unilateral",MeSH descriptor XML,Disease
heart aneurysm,MeSH descriptor XML,Disease
heart arrest,MeSH descriptor XML,Disease
heart block,MeSH descriptor XML,Disease
"heart defects, congenital",MeSH descriptor XML,Disease
heart diseases,MeSH descriptor XML,Disease
heart failure,MeSH descriptor XML,Disease
"heart failure, diastolic",MeSH descriptor XML,Disease
"heart failure, systolic",MeSH descriptor XML,Disease
heart injuries,MeSH descriptor XML,Disease
heart neoplasms,MeSH descriptor XML,Disease
heart rupture,MeSH descriptor XML,Disease
"heart rupture, post-infarction",MeSH descriptor XML,Disease
heart septal defects,MeSH descriptor XML,Disease
"heart septal defects, atrial",MeSH descriptor XML,Disease
"heart septal defects, ventricular",MeSH descriptor XML,Disease
heart valve diseases,MeSH descriptor XML,Disease
heart valve prolapse,MeSH descriptor XML,Disease
heartwater disease,MeSH descriptor XML,Disease
heat exhaustion,MeSH descriptor XML,Disease
heat stress disorders,MeSH descriptor XML,Disease
heat stroke,MeSH descriptor XML,Disease
heavy chain disease,MeSH descriptor XML,Disease
heavy metal poisoning,MeSH descriptor XML,Disease
"heavy metal poisoning, nervous system",MeSH descriptor XML,Disease
heel spur,MeSH descriptor XML,Disease
helicobacter infections,MeSH descriptor XML,Disease
hellp syndrome,MeSH descriptor XML,Disease
helminthiasis,MeSH descriptor XML,Disease
"helminthiasis, animal",MeSH descriptor XML,Disease
hemangioblastoma,MeSH descriptor XML,Disease
hemangioendothelioma,MeSH descriptor XML,Disease
"hemangioendothelioma, epithelioid",MeSH descriptor XML,Disease
hemangioma,MeSH descriptor XML,Disease
"hemangioma, capillary",MeSH descriptor XML,Disease
"hemangioma, cavernous",MeSH descriptor XML,Disease
"hemangioma, cavernous, central nervous system",MeSH descriptor XML,Disease
hemangiopericytoma,MeSH descriptor XML,Disease
hemangiosarcoma,MeSH descriptor XML,Disease
hemarthrosis,MeSH descriptor XML,Disease
hematemesis,MeSH descriptor XML,Disease
hematocele,MeSH descriptor XML,Disease
hematocolpos,MeSH descriptor XML,Disease
hematologic diseases,MeSH descriptor XML,Disease
hematologic neoplasms,MeSH descriptor XML,Disease
"hematoma, epidural, cranial",MeSH descriptor XML,Disease
"hematoma, subdural",MeSH descriptor XML,Disease
"hematoma, subdural, acute",MeSH descriptor XML,Disease
"hematoma, subdural, chronic",MeSH descriptor XML,Disease
"hematoma, subdural, intracranial",MeSH descriptor XML,Disease
hematometra,MeSH descriptor XML,Disease
hematuria,MeSH descriptor XML,Disease
hemianopsia,MeSH descriptor XML,Disease
hemic and lymphatic diseases,MeSH descriptor XML,Disease
hemifacial spasm,MeSH descriptor XML,Disease
hemimegalencephaly,MeSH descriptor XML,Disease
hemiplegia,MeSH descriptor XML,Disease
hemochromatosis,MeSH descriptor XML,Disease
hemoglobin c disease,MeSH descriptor XML,Disease
hemoglobin sc disease,MeSH descriptor XML,Disease
hemoglobinopathies,MeSH descriptor XML,Disease
hemoglobinuria,MeSH descriptor XML,Disease
"hemoglobinuria, paroxysmal",MeSH descriptor XML,Disease
hemolytic-uremic syndrome,MeSH descriptor XML,Disease
hemoperitoneum,MeSH descriptor XML,Disease
hemophilia a,MeSH descriptor XML,Disease
hemophilia b,MeSH descriptor XML,Disease
hemopneumothorax,MeSH descriptor XML,Disease
hemoptysis,MeSH descriptor XML,Disease
hemorrhagic disorders,MeSH descriptor XML,Disease
hemorrhagic fever with renal syndrome,MeSH descriptor XML,Disease
"hemorrhagic fever, american",MeSH descriptor XML,Disease
"hemorrhagic fever, crimean",MeSH descriptor XML,Disease
"hemorrhagic fever, ebola",MeSH descriptor XML,Disease
"hemorrhagic fever, omsk",MeSH descriptor XML,Disease
"hemorrhagic fevers, viral",MeSH descriptor XML,Disease
hemorrhagic septicemia,MeSH descriptor XML,Disease
"hemorrhagic septicemia, viral",MeSH descriptor XML,Disease
hemorrhagic stroke,MeSH descriptor XML,Disease
"hemorrhagic syndrome, bovine",MeSH descriptor XML,Disease
hemorrhoids,MeSH descriptor XML,Disease
hemosiderosis,MeSH descriptor XML,Disease
"hemosiderosis, pulmonary",MeSH descriptor XML,Disease
hemospermia,MeSH descriptor XML,Disease
hemostatic disorders,MeSH descriptor XML,Disease
hemothorax,MeSH descriptor XML,Disease
henipavirus infections,MeSH descriptor XML,Disease
hepadnaviridae infections,MeSH descriptor XML,Disease
hepatic encephalopathy,MeSH descriptor XML,Disease
hepatic infarction,MeSH descriptor XML,Disease
hepatic insufficiency,MeSH descriptor XML,Disease
hepatic veno-occlusive disease,MeSH descriptor XML,Disease
hepatitis,MeSH descriptor XML,Disease
hepatitis a,MeSH descriptor XML,Disease
hepatitis b,MeSH descriptor XML,Disease
"hepatitis b, chronic",MeSH descriptor XML,Disease
hepatitis c,MeSH descriptor XML,Disease
"hepatitis c, chronic",MeSH descriptor XML,Disease
hepatitis d,MeSH descriptor XML,Disease
"hepatitis d, chronic",MeSH descriptor XML,Disease
hepatitis e,MeSH descriptor XML,Disease
"hepatitis, alcoholic",MeSH descriptor XML,Disease
"hepatitis, animal",MeSH descriptor XML,Disease
"hepatitis, autoimmune",MeSH descriptor XML,Disease
"hepatitis, chronic",MeSH descriptor XML,Disease
"hepatitis, infectious canine",MeSH descriptor XML,Disease
"hepatitis, viral, animal",MeSH descriptor XML,Disease
"hepatitis, viral, human",MeSH descriptor XML,Disease
hepatoblastoma,MeSH descriptor XML,Disease
hepatolenticular degeneration,MeSH descriptor XML,Disease
hepatomegaly,MeSH descriptor XML,Disease
hepatopulmonary syndrome,MeSH descriptor XML,Disease
hepatorenal syndrome,MeSH descriptor XML,Disease
hereditary angioedema type iii,MeSH descriptor XML,Disease
hereditary angioedema types i and ii,MeSH descriptor XML,Disease
hereditary autoinflammatory diseases,MeSH descriptor XML,Disease
hereditary breast and ovarian cancer syndrome,MeSH descriptor XML,Disease
hereditary central nervous system demyelinating diseases,MeSH descriptor XML,Disease
hereditary complement deficiency diseases,MeSH descriptor XML,Disease
hereditary sensory and autonomic neuropathies,MeSH descriptor XML,Disease
hereditary sensory and motor neuropathy,MeSH descriptor XML,Disease
"heredodegenerative disorders, nervous system",MeSH descriptor XML,Disease
hermanski-pudlak syndrome,MeSH descriptor XML,Disease
"hernia, diaphragmatic, traumatic",MeSH descriptor XML,Disease
"hernia, umbilical",MeSH descriptor XML,Disease
"hernias, diaphragmatic, congenital",MeSH descriptor XML,Disease
heroin dependence,MeSH descriptor XML,Disease
herpangina,MeSH descriptor XML,Disease
herpes genitalis,MeSH descriptor XML,Disease
herpes labialis,MeSH descriptor XML,Disease
herpes simplex,MeSH descriptor XML,Disease
herpes zoster,MeSH descriptor XML,Disease
herpes zoster ophthalmicus,MeSH descriptor XML,Disease
herpes zoster oticus,MeSH descriptor XML,Disease
herpesviridae infections,MeSH descriptor XML,Disease
heterotaxy syndrome,MeSH descriptor XML,Disease
hidradenitis,MeSH descriptor XML,Disease
hidradenitis suppurativa,MeSH descriptor XML,Disease
hidrocystoma,MeSH descriptor XML,Disease
high pressure neurological syndrome,MeSH descriptor XML,Disease
hip contracture,MeSH descriptor XML,Disease
hip dislocation,MeSH descriptor XML,Disease
"hip dislocation, congenital",MeSH descriptor XML,Disease
"hip dysplasia, canine",MeSH descriptor XML,Disease
hip fractures,MeSH descriptor XML,Disease
hip injuries,MeSH descriptor XML,Disease
hippocampal sclerosis,MeSH descriptor XML,Disease
hirschsprung disease,MeSH descriptor XML,Disease
hirsutism,MeSH descriptor XML,Disease
"histiocytic disorders, malignant",MeSH descriptor XML,Disease
histiocytic necrotizing lymphadenitis,MeSH descriptor XML,Disease
histiocytic sarcoma,MeSH descriptor XML,Disease
histiocytoma,MeSH descriptor XML,Disease
"histiocytoma, benign fibrous",MeSH descriptor XML,Disease
"histiocytoma, malignant fibrous",MeSH descriptor XML,Disease
histiocytosis,MeSH descriptor XML,Disease
"histiocytosis, langerhans-cell",MeSH descriptor XML,Disease
"histiocytosis, non-langerhans-cell",MeSH descriptor XML,Disease
"histiocytosis, sinus",MeSH descriptor XML,Disease
histoplasmosis,MeSH descriptor XML,Disease
hiv enteropathy,MeSH descriptor XML,Disease
hiv infections,MeSH descriptor XML,Disease
hiv seropositivity,MeSH descriptor XML,Disease
hiv wasting syndrome,MeSH descriptor XML,Disease
hiv-associated lipodystrophy syndrome,MeSH descriptor XML,Disease
hoarseness,MeSH descriptor XML,Disease
hodgkin disease,MeSH descriptor XML,Disease
hoffa fracture,MeSH descriptor XML,Disease
holocarboxylase synthetase deficiency,MeSH descriptor XML,Disease
holoprosencephaly,MeSH descriptor XML,Disease
homocystinuria,MeSH descriptor XML,Disease
homozygous familial hypercholesterolemia,MeSH descriptor XML,Disease
hookworm infections,MeSH descriptor XML,Disease
hordeolum,MeSH descriptor XML,Disease
horner syndrome,MeSH descriptor XML,Disease
horse diseases,MeSH descriptor XML,Disease
htlv-i infections,MeSH descriptor XML,Disease
htlv-ii infections,MeSH descriptor XML,Disease
humeral fractures,MeSH descriptor XML,Disease
"humeral fractures, distal",MeSH descriptor XML,Disease
huntington disease,MeSH descriptor XML,Disease
hutchinson's melanotic freckle,MeSH descriptor XML,Disease
hyaline fibromatosis syndrome,MeSH descriptor XML,Disease
hyaline membrane disease,MeSH descriptor XML,Disease
hyalohyphomycosis,MeSH descriptor XML,Disease
hydatidiform mole,MeSH descriptor XML,Disease
"hydatidiform mole, invasive",MeSH descriptor XML,Disease
hydranencephaly,MeSH descriptor XML,Disease
hydrarthrosis,MeSH descriptor XML,Disease
hydroa vacciniforme,MeSH descriptor XML,Disease
hydrocephalus,MeSH descriptor XML,Disease
"hydrocephalus, normal pressure",MeSH descriptor XML,Disease
hydrocolpos,MeSH descriptor XML,Disease
hydronephrosis,MeSH descriptor XML,Disease
hydrophthalmos,MeSH descriptor XML,Disease
hydropneumothorax,MeSH descriptor XML,Disease
hydrops fetalis,MeSH descriptor XML,Disease
hydrothorax,MeSH descriptor XML,Disease
hymenolepiasis,MeSH descriptor XML,Disease
hyper-igm immunodeficiency syndrome,MeSH descriptor XML,Disease
"hyper-igm immunodeficiency syndrome, type 1",MeSH descriptor XML,Disease
hyperacusis,MeSH descriptor XML,Disease
hyperaldosteronism,MeSH descriptor XML,Disease
hyperalgesia,MeSH descriptor XML,Disease
hyperandrogenism,MeSH descriptor XML,Disease
hyperargininemia,MeSH descriptor XML,Disease
"hyperbilirubinemia, hereditary",MeSH descriptor XML,Disease
"hyperbilirubinemia, neonatal",MeSH descriptor XML,Disease
hypercalcemia,MeSH descriptor XML,Disease
hypercementosis,MeSH descriptor XML,Disease
hypercholesterolemia,MeSH descriptor XML,Disease
hyperekplexia,MeSH descriptor XML,Disease
hyperemesis gravidarum,MeSH descriptor XML,Disease
hyperemia,MeSH descriptor XML,Disease
hypereosinophilic syndrome,MeSH descriptor XML,Disease
hyperesthesia,MeSH descriptor XML,Disease
hyperferritinemia,MeSH descriptor XML,Disease
hypergammaglobulinemia,MeSH descriptor XML,Disease
hyperglycemia,MeSH descriptor XML,Disease
hyperglycemic hyperosmolar nonketotic coma,MeSH descriptor XML,Disease
"hyperglycinemia, nonketotic",MeSH descriptor XML,Disease
hyperhidrosis,MeSH descriptor XML,Disease
hyperhomocysteinemia,MeSH descriptor XML,Disease
hyperinsulinism,MeSH descriptor XML,Disease
hyperkalemia,MeSH descriptor XML,Disease
"hyperkeratosis, epidermolytic",MeSH descriptor XML,Disease
hyperkinesis,MeSH descriptor XML,Disease
hyperlactatemia,MeSH descriptor XML,Disease
"hyperlipidemia, familial combined",MeSH descriptor XML,Disease
hyperlipidemias,MeSH descriptor XML,Disease
hyperlipoproteinemia type i,MeSH descriptor XML,Disease
hyperlipoproteinemia type ii,MeSH descriptor XML,Disease
hyperlipoproteinemia type iii,MeSH descriptor XML,Disease
hyperlipoproteinemia type iv,MeSH descriptor XML,Disease
hyperlipoproteinemia type v,MeSH descriptor XML,Disease
hyperlipoproteinemias,MeSH descriptor XML,Disease
hyperlysinemias,MeSH descriptor XML,Disease
hypernatremia,MeSH descriptor XML,Disease
hyperopia,MeSH descriptor XML,Disease
hyperostosis,MeSH descriptor XML,Disease
hyperostosis frontalis interna,MeSH descriptor XML,Disease
"hyperostosis, cortical, congenital",MeSH descriptor XML,Disease
"hyperostosis, diffuse idiopathic skeletal",MeSH descriptor XML,Disease
"hyperostosis, sternocostoclavicular",MeSH descriptor XML,Disease
hyperoxaluria,MeSH descriptor XML,Disease
"hyperoxaluria, primary",MeSH descriptor XML,Disease
hyperparathyroidism,MeSH descriptor XML,Disease
"hyperparathyroidism, primary",MeSH descriptor XML,Disease
"hyperparathyroidism, secondary",MeSH descriptor XML,Disease
hyperphosphatemia,MeSH descriptor XML,Disease
hyperpigmentation,MeSH descriptor XML,Disease
hyperpituitarism,MeSH descriptor XML,Disease
hyperprolactinemia,MeSH descriptor XML,Disease
hypersensitivity,MeSH descriptor XML,Disease
"hypersensitivity, delayed",MeSH descriptor XML,Disease
"hypersensitivity, immediate",MeSH descriptor XML,Disease
hypersplenism,MeSH descriptor XML,Disease
hypertelorism,MeSH descriptor XML,Disease
hypertension,MeSH descriptor XML,Disease
"hypertension, malignant",MeSH descriptor XML,Disease
"hypertension, portal",MeSH descriptor XML,Disease
"hypertension, pregnancy-induced",MeSH descriptor XML,Disease
"hypertension, pulmonary",MeSH descriptor XML,Disease
"hypertension, renal",MeSH descriptor XML,Disease
"hypertension, renovascular",MeSH descriptor XML,Disease
hypertensive crisis,MeSH descriptor XML,Disease
hypertensive encephalopathy,MeSH descriptor XML,Disease
hypertensive retinopathy,MeSH descriptor XML,Disease
hyperthermia,MeSH descriptor XML,Disease
hyperthyroidism,MeSH descriptor XML,Disease
hyperthyroxinemia,MeSH descriptor XML,Disease
"hyperthyroxinemia, familial dysalbuminemic",MeSH descriptor XML,Disease
hypertrichosis,MeSH descriptor XML,Disease
hypertriglyceridemia,MeSH descriptor XML,Disease
hypertriglyceridemic waist,MeSH descriptor XML,Disease
"hypertrophy, left ventricular",MeSH descriptor XML,Disease
"hypertrophy, right ventricular",MeSH descriptor XML,Disease
hyperventilation,MeSH descriptor XML,Disease
hypervitaminosis a,MeSH descriptor XML,Disease
hypesthesia,MeSH descriptor XML,Disease
hyphema,MeSH descriptor XML,Disease
"hypoadrenocorticism, familial",MeSH descriptor XML,Disease
hypoalbuminemia,MeSH descriptor XML,Disease
hypoaldosteronism,MeSH descriptor XML,Disease
hypoalphalipoproteinemias,MeSH descriptor XML,Disease
"hypobetalipoproteinemia, familial, apolipoprotein b",MeSH descriptor XML,Disease
hypobetalipoproteinemias,MeSH descriptor XML,Disease
hypocalcemia,MeSH descriptor XML,Disease
hypodermyiasis,MeSH descriptor XML,Disease
hypoglossal nerve diseases,MeSH descriptor XML,Disease
hypoglossal nerve injuries,MeSH descriptor XML,Disease
hypoglycemia,MeSH descriptor XML,Disease
hypogonadism,MeSH descriptor XML,Disease
hypohidrosis,MeSH descriptor XML,Disease
hypokalemia,MeSH descriptor XML,Disease
hypokalemic periodic paralysis,MeSH descriptor XML,Disease
hypokinesia,MeSH descriptor XML,Disease
hypolipoproteinemias,MeSH descriptor XML,Disease
hyponatremia,MeSH descriptor XML,Disease
hypoparathyroidism,MeSH descriptor XML,Disease
hypopharyngeal neoplasms,MeSH descriptor XML,Disease
hypophosphatasia,MeSH descriptor XML,Disease
hypophosphatemia,MeSH descriptor XML,Disease
"hypophosphatemia, familial",MeSH descriptor XML,Disease
hypophysitis,MeSH descriptor XML,Disease
hypopigmentation,MeSH descriptor XML,Disease
hypopituitarism,MeSH descriptor XML,Disease
hypoplastic left heart syndrome,MeSH descriptor XML,Disease
hypoproteinemia,MeSH descriptor XML,Disease
hypoprothrombinemias,MeSH descriptor XML,Disease
hypospadias,MeSH descriptor XML,Disease
hypotension,MeSH descriptor XML,Disease
"hypotension, orthostatic",MeSH descriptor XML,Disease
hypothalamic diseases,MeSH descriptor XML,Disease
hypothalamic neoplasms,MeSH descriptor XML,Disease
hypothyroidism,MeSH descriptor XML,Disease
hypotrichosis,MeSH descriptor XML,Disease
hypoventilation,MeSH descriptor XML,Disease
"hypoxia, brain",MeSH descriptor XML,Disease
"hypoxia-ischemia, brain",MeSH descriptor XML,Disease
"ichthyosiform erythroderma, congenital",MeSH descriptor XML,Disease
ichthyosis,MeSH descriptor XML,Disease
ichthyosis bullosa of siemens,MeSH descriptor XML,Disease
ichthyosis vulgaris,MeSH descriptor XML,Disease
"ichthyosis, lamellar",MeSH descriptor XML,Disease
"ichthyosis, x-linked",MeSH descriptor XML,Disease
idiopathic hypersomnia,MeSH descriptor XML,Disease
idiopathic interstitial pneumonias,MeSH descriptor XML,Disease
idiopathic noncirrhotic portal hypertension,MeSH descriptor XML,Disease
idiopathic pulmonary fibrosis,MeSH descriptor XML,Disease
iga deficiency,MeSH descriptor XML,Disease
iga vasculitis,MeSH descriptor XML,Disease
igg deficiency,MeSH descriptor XML,Disease
ileal diseases,MeSH descriptor XML,Disease
ileal neoplasms,MeSH descriptor XML,Disease
ileitis,MeSH descriptor XML,Disease
ileus,MeSH descriptor XML,Disease
iliac aneurysm,MeSH descriptor XML,Disease
iliotibial band syndrome,MeSH descriptor XML,Disease
illusions,MeSH descriptor XML,Disease
immersion foot,MeSH descriptor XML,Disease
immune complex diseases,MeSH descriptor XML,Disease
immune reconstitution inflammatory syndrome,MeSH descriptor XML,Disease
immune system diseases,MeSH descriptor XML,Disease
immunoblastic lymphadenopathy,MeSH descriptor XML,Disease
immunoglobulin g4-related disease,MeSH descriptor XML,Disease
immunoglobulin light-chain amyloidosis,MeSH descriptor XML,Disease
immunologic deficiency syndromes,MeSH descriptor XML,Disease
immunoproliferative disorders,MeSH descriptor XML,Disease
immunoproliferative small intestinal disease,MeSH descriptor XML,Disease
impetigo,MeSH descriptor XML,Disease
"impotence, vasculogenic",MeSH descriptor XML,Disease
imprinting disorders,MeSH descriptor XML,Disease
inappropriate adh syndrome,MeSH descriptor XML,Disease
incontinentia pigmenti,MeSH descriptor XML,Disease
inert gas narcosis,MeSH descriptor XML,Disease
infant nutrition disorders,MeSH descriptor XML,Disease
"infant, newborn, diseases",MeSH descriptor XML,Disease
"infant, premature, diseases",MeSH descriptor XML,Disease
"infarction, anterior cerebral artery",MeSH descriptor XML,Disease
"infarction, middle cerebral artery",MeSH descriptor XML,Disease
"infarction, posterior cerebral artery",MeSH descriptor XML,Disease
infections,MeSH descriptor XML,Disease
infectious bovine rhinotracheitis,MeSH descriptor XML,Disease
infectious encephalitis,MeSH descriptor XML,Disease
infectious mononucleosis,MeSH descriptor XML,Disease
inferior wall myocardial infarction,MeSH descriptor XML,Disease
infertility,MeSH descriptor XML,Disease
"infertility, female",MeSH descriptor XML,Disease
"infertility, male",MeSH descriptor XML,Disease
inflammatory bowel diseases,MeSH descriptor XML,Disease
inflammatory breast neoplasms,MeSH descriptor XML,Disease
influenza in birds,MeSH descriptor XML,Disease
"influenza, human",MeSH descriptor XML,Disease
infratentorial neoplasms,MeSH descriptor XML,Disease
inhalant abuse,MeSH descriptor XML,Disease
injection site reaction,MeSH descriptor XML,Disease
insect bites and stings,MeSH descriptor XML,Disease
"insomnia, fatal familial",MeSH descriptor XML,Disease
insulin coma,MeSH descriptor XML,Disease
insulin resistance,MeSH descriptor XML,Disease
insulinoma,MeSH descriptor XML,Disease
intellectual disability,MeSH descriptor XML,Disease
interatrial block,MeSH descriptor XML,Disease
intermittent claudication,MeSH descriptor XML,Disease
intertrigo,MeSH descriptor XML,Disease
intervertebral disc degeneration,MeSH descriptor XML,Disease
intervertebral disc displacement,MeSH descriptor XML,Disease
intestinal atresia,MeSH descriptor XML,Disease
intestinal diseases,MeSH descriptor XML,Disease
"intestinal diseases, parasitic",MeSH descriptor XML,Disease
intestinal failure,MeSH descriptor XML,Disease
intestinal fistula,MeSH descriptor XML,Disease
intestinal neoplasms,MeSH descriptor XML,Disease
intestinal obstruction,MeSH descriptor XML,Disease
intestinal perforation,MeSH descriptor XML,Disease
intestinal polyposis,MeSH descriptor XML,Disease
intestinal pseudo-obstruction,MeSH descriptor XML,Disease
intestinal volvulus,MeSH descriptor XML,Disease
intra-abdominal hypertension,MeSH descriptor XML,Disease
intra-articular fractures,MeSH descriptor XML,Disease
intraabdominal infections,MeSH descriptor XML,Disease
intracranial aneurysm,MeSH descriptor XML,Disease
intracranial arterial diseases,MeSH descriptor XML,Disease
intracranial arteriosclerosis,MeSH descriptor XML,Disease
intracranial arteriovenous malformations,MeSH descriptor XML,Disease
intracranial embolism,MeSH descriptor XML,Disease
intracranial embolism and thrombosis,MeSH descriptor XML,Disease
"intracranial hemorrhage, hypertensive",MeSH descriptor XML,Disease
"intracranial hemorrhage, traumatic",MeSH descriptor XML,Disease
intracranial hemorrhages,MeSH descriptor XML,Disease
intracranial hypertension,MeSH descriptor XML,Disease
intracranial hypotension,MeSH descriptor XML,Disease
intracranial thrombosis,MeSH descriptor XML,Disease
intraocular lymphoma,MeSH descriptor XML,Disease
intrauterine device migration,MeSH descriptor XML,Disease
intussusception,MeSH descriptor XML,Disease
invasive fungal infections,MeSH descriptor XML,Disease
invasive pulmonary aspergillosis,MeSH descriptor XML,Disease
iridocorneal endothelial syndrome,MeSH descriptor XML,Disease
iridocyclitis,MeSH descriptor XML,Disease
iris diseases,MeSH descriptor XML,Disease
iris neoplasms,MeSH descriptor XML,Disease
iritis,MeSH descriptor XML,Disease
iron deficiencies,MeSH descriptor XML,Disease
iron metabolism disorders,MeSH descriptor XML,Disease
iron overload,MeSH descriptor XML,Disease
irritable bowel syndrome,MeSH descriptor XML,Disease
isaacs syndrome,MeSH descriptor XML,Disease
"ischemic attack, transient",MeSH descriptor XML,Disease
ischemic contracture,MeSH descriptor XML,Disease
ischemic stroke,MeSH descriptor XML,Disease
isolated noncompaction of the ventricular myocardium,MeSH descriptor XML,Disease
isolated systolic hypertension,MeSH descriptor XML,Disease
isosporiasis,MeSH descriptor XML,Disease
jacobsen distal 11q deletion syndrome,MeSH descriptor XML,Disease
"jaundice, chronic idiopathic",MeSH descriptor XML,Disease
"jaundice, neonatal",MeSH descriptor XML,Disease
jaw abnormalities,MeSH descriptor XML,Disease
jaw cysts,MeSH descriptor XML,Disease
jaw diseases,MeSH descriptor XML,Disease
jaw fractures,MeSH descriptor XML,Disease
jaw neoplasms,MeSH descriptor XML,Disease
"jaw, edentulous",MeSH descriptor XML,Disease
"jaw, edentulous, partially",MeSH descriptor XML,Disease
jejunal diseases,MeSH descriptor XML,Disease
jejunal neoplasms,MeSH descriptor XML,Disease
jervell-lange nielsen syndrome,MeSH descriptor XML,Disease
jet lag syndrome,MeSH descriptor XML,Disease
job syndrome,MeSH descriptor XML,Disease
"joint deformities, acquired",MeSH descriptor XML,Disease
joint diseases,MeSH descriptor XML,Disease
joint dislocations,MeSH descriptor XML,Disease
joint instability,MeSH descriptor XML,Disease
joint loose bodies,MeSH descriptor XML,Disease
kallmann syndrome,MeSH descriptor XML,Disease
kaposi varicelliform eruption,MeSH descriptor XML,Disease
karoshi death,MeSH descriptor XML,Disease
kartagener syndrome,MeSH descriptor XML,Disease
kasabach-merritt syndrome,MeSH descriptor XML,Disease
kashin-beck disease,MeSH descriptor XML,Disease
kearns-sayre syndrome,MeSH descriptor XML,Disease
keloid,MeSH descriptor XML,Disease
keratitis,MeSH descriptor XML,Disease
"keratitis, dendritic",MeSH descriptor XML,Disease
"keratitis, herpetic",MeSH descriptor XML,Disease
keratoacanthoma,MeSH descriptor XML,Disease
keratoconjunctivitis,MeSH descriptor XML,Disease
keratoconjunctivitis sicca,MeSH descriptor XML,Disease
"keratoconjunctivitis, infectious",MeSH descriptor XML,Disease
keratoconus,MeSH descriptor XML,Disease
"keratoderma, palmoplantar",MeSH descriptor XML,Disease
"keratoderma, palmoplantar, diffuse",MeSH descriptor XML,Disease
"keratoderma, palmoplantar, epidermolytic",MeSH descriptor XML,Disease
keratosis,MeSH descriptor XML,Disease
"keratosis, actinic",MeSH descriptor XML,Disease
"keratosis, seborrheic",MeSH descriptor XML,Disease
kernicterus,MeSH descriptor XML,Disease
ketosis,MeSH descriptor XML,Disease
kidney calculi,MeSH descriptor XML,Disease
kidney cortex necrosis,MeSH descriptor XML,Disease
kidney diseases,MeSH descriptor XML,Disease
"kidney diseases, cystic",MeSH descriptor XML,Disease
"kidney failure, chronic",MeSH descriptor XML,Disease
kidney neoplasms,MeSH descriptor XML,Disease
kidney papillary necrosis,MeSH descriptor XML,Disease
"kidney tubular necrosis, acute",MeSH descriptor XML,Disease
kimura disease,MeSH descriptor XML,Disease
king's evil,MeSH descriptor XML,Disease
klatskin tumor,MeSH descriptor XML,Disease
klebsiella infections,MeSH descriptor XML,Disease
kleine-levin syndrome,MeSH descriptor XML,Disease
klinefelter syndrome,MeSH descriptor XML,Disease
klippel-feil syndrome,MeSH descriptor XML,Disease
klippel-trenaunay-weber syndrome,MeSH descriptor XML,Disease
kluver-bucy syndrome,MeSH descriptor XML,Disease
knee dislocation,MeSH descriptor XML,Disease
knee fractures,MeSH descriptor XML,Disease
knee injuries,MeSH descriptor XML,Disease
korsakoff syndrome,MeSH descriptor XML,Disease
kounis syndrome,MeSH descriptor XML,Disease
krukenberg tumor,MeSH descriptor XML,Disease
kuru,MeSH descriptor XML,Disease
kwashiorkor,MeSH descriptor XML,Disease
kyasanur forest disease,MeSH descriptor XML,Disease
kyphosis,MeSH descriptor XML,Disease
laboratory infection,MeSH descriptor XML,Disease
labyrinth diseases,MeSH descriptor XML,Disease
labyrinthitis,MeSH descriptor XML,Disease
lacerations,MeSH descriptor XML,Disease
lacrimal apparatus diseases,MeSH descriptor XML,Disease
lacrimal duct obstruction,MeSH descriptor XML,Disease
lactation disorders,MeSH descriptor XML,Disease
lactose intolerance,MeSH descriptor XML,Disease
lafora disease,MeSH descriptor XML,Disease
lagophthalmos,MeSH descriptor XML,Disease
lambert-eaton myasthenic syndrome,MeSH descriptor XML,Disease
"lameness, animal",MeSH descriptor XML,Disease
laminopathies,MeSH descriptor XML,Disease
landau-kleffner syndrome,MeSH descriptor XML,Disease
langer-giedion syndrome,MeSH descriptor XML,Disease
langerhans cell sarcoma,MeSH descriptor XML,Disease
language development disorders,MeSH descriptor XML,Disease
language disorders,MeSH descriptor XML,Disease
laron syndrome,MeSH descriptor XML,Disease
larva migrans,MeSH descriptor XML,Disease
"larva migrans, visceral",MeSH descriptor XML,Disease
laryngeal diseases,MeSH descriptor XML,Disease
laryngeal edema,MeSH descriptor XML,Disease
laryngeal neoplasms,MeSH descriptor XML,Disease
laryngeal nerve injuries,MeSH descriptor XML,Disease
laryngismus,MeSH descriptor XML,Disease
laryngitis,MeSH descriptor XML,Disease
laryngocele,MeSH descriptor XML,Disease
laryngomalacia,MeSH descriptor XML,Disease
laryngopharyngeal reflux,MeSH descriptor XML,Disease
laryngostenosis,MeSH descriptor XML,Disease
lassa fever,MeSH descriptor XML,Disease
latent autoimmune diabetes in adults,MeSH descriptor XML,Disease
latent infection,MeSH descriptor XML,Disease
latent tuberculosis,MeSH descriptor XML,Disease
lateral medullary syndrome,MeSH descriptor XML,Disease
lateral sinus thrombosis,MeSH descriptor XML,Disease
latex hypersensitivity,MeSH descriptor XML,Disease
lathyrism,MeSH descriptor XML,Disease
laurence-moon syndrome,MeSH descriptor XML,Disease
lead poisoning,MeSH descriptor XML,Disease
"lead poisoning, nervous system",MeSH descriptor XML,Disease
"lead poisoning, nervous system, adult",MeSH descriptor XML,Disease
"lead poisoning, nervous system, childhood",MeSH descriptor XML,Disease
learning disabilities,MeSH descriptor XML,Disease
leber congenital amaurosis,MeSH descriptor XML,Disease
lecithin cholesterol acyltransferase deficiency,MeSH descriptor XML,Disease
leg dermatoses,MeSH descriptor XML,Disease
leg injuries,MeSH descriptor XML,Disease
leg length inequality,MeSH descriptor XML,Disease
leg ulcer,MeSH descriptor XML,Disease
legg-calve-perthes disease,MeSH descriptor XML,Disease
legionellosis,MeSH descriptor XML,Disease
legionnaires' disease,MeSH descriptor XML,Disease
leigh disease,MeSH descriptor XML,Disease
leiomyoma,MeSH descriptor XML,Disease
"leiomyoma, epithelioid",MeSH descriptor XML,Disease
leiomyomatosis,MeSH descriptor XML,Disease
leiomyosarcoma,MeSH descriptor XML,Disease
leishmaniasis,MeSH descriptor XML,Disease
"leishmaniasis, cutaneous",MeSH descriptor XML,Disease
"leishmaniasis, diffuse cutaneous",MeSH descriptor XML,Disease
"leishmaniasis, mucocutaneous",MeSH descriptor XML,Disease
"leishmaniasis, visceral",MeSH descriptor XML,Disease
lemierre syndrome,MeSH descriptor XML,Disease
lennox gastaut syndrome,MeSH descriptor XML,Disease
lens diseases,MeSH descriptor XML,Disease
lens subluxation,MeSH descriptor XML,Disease
lentigo,MeSH descriptor XML,Disease
lentivirus infections,MeSH descriptor XML,Disease
leopard syndrome,MeSH descriptor XML,Disease
leprosy,MeSH descriptor XML,Disease
"leprosy, borderline",MeSH descriptor XML,Disease
"leprosy, lepromatous",MeSH descriptor XML,Disease
"leprosy, multibacillary",MeSH descriptor XML,Disease
"leprosy, paucibacillary",MeSH descriptor XML,Disease
"leprosy, tuberculoid",MeSH descriptor XML,Disease
leptospirosis,MeSH descriptor XML,Disease
leriche syndrome,MeSH descriptor XML,Disease
lesch-nyhan syndrome,MeSH descriptor XML,Disease
lethargy,MeSH descriptor XML,Disease
leukemia,MeSH descriptor XML,Disease
leukemia l1210,MeSH descriptor XML,Disease
leukemia l5178,MeSH descriptor XML,Disease
leukemia p388,MeSH descriptor XML,Disease
"leukemia, b-cell",MeSH descriptor XML,Disease
"leukemia, basophilic, acute",MeSH descriptor XML,Disease
"leukemia, biphenotypic, acute",MeSH descriptor XML,Disease
"leukemia, eosinophilic, acute",MeSH descriptor XML,Disease
"leukemia, erythroblastic, acute",MeSH descriptor XML,Disease
"leukemia, experimental",MeSH descriptor XML,Disease
"leukemia, feline",MeSH descriptor XML,Disease
"leukemia, hairy cell",MeSH descriptor XML,Disease
"leukemia, large granular lymphocytic",MeSH descriptor XML,Disease
"leukemia, lymphocytic, chronic, b-cell",MeSH descriptor XML,Disease
"leukemia, lymphoid",MeSH descriptor XML,Disease
"leukemia, mast-cell",MeSH descriptor XML,Disease
"leukemia, megakaryoblastic, acute",MeSH descriptor XML,Disease
"leukemia, monocytic, acute",MeSH descriptor XML,Disease
"leukemia, myelogenous, chronic, bcr-abl positive",MeSH descriptor XML,Disease
"leukemia, myeloid",MeSH descriptor XML,Disease
"leukemia, myeloid, accelerated phase",MeSH descriptor XML,Disease
"leukemia, myeloid, acute",MeSH descriptor XML,Disease
"leukemia, myeloid, chronic, atypical, bcr-abl negative",MeSH descriptor XML,Disease
"leukemia, myeloid, chronic-phase",MeSH descriptor XML,Disease
"leukemia, myelomonocytic, acute",MeSH descriptor XML,Disease
"leukemia, myelomonocytic, chronic",MeSH descriptor XML,Disease
"leukemia, myelomonocytic, juvenile",MeSH descriptor XML,Disease
"leukemia, neutrophilic, chronic",MeSH descriptor XML,Disease
"leukemia, plasma cell",MeSH descriptor XML,Disease
"leukemia, prolymphocytic",MeSH descriptor XML,Disease
"leukemia, prolymphocytic, b-cell",MeSH descriptor XML,Disease
"leukemia, prolymphocytic, t-cell",MeSH descriptor XML,Disease
"leukemia, promyelocytic, acute",MeSH descriptor XML,Disease
"leukemia, radiation-induced",MeSH descriptor XML,Disease
"leukemia, t-cell",MeSH descriptor XML,Disease
"leukemia-lymphoma, adult t-cell",MeSH descriptor XML,Disease
leukemic infiltration,MeSH descriptor XML,Disease
leukemoid reaction,MeSH descriptor XML,Disease
leukocyte disorders,MeSH descriptor XML,Disease
leukocyte-adhesion deficiency syndrome,MeSH descriptor XML,Disease
leukocytosis,MeSH descriptor XML,Disease
"leukodystrophy, globoid cell",MeSH descriptor XML,Disease
"leukodystrophy, metachromatic",MeSH descriptor XML,Disease
"leukoedema, oral",MeSH descriptor XML,Disease
"leukoencephalitis, acute hemorrhagic",MeSH descriptor XML,Disease
leukoencephalopathies,MeSH descriptor XML,Disease
"leukoencephalopathy, progressive multifocal",MeSH descriptor XML,Disease
"leukokeratosis, hereditary mucosal",MeSH descriptor XML,Disease
"leukomalacia, periventricular",MeSH descriptor XML,Disease
leukopenia,MeSH descriptor XML,Disease
leukoplakia,MeSH descriptor XML,Disease
"leukoplakia, hairy",MeSH descriptor XML,Disease
"leukoplakia, oral",MeSH descriptor XML,Disease
leukorrhea,MeSH descriptor XML,Disease
leukostasis,MeSH descriptor XML,Disease
levocardia,MeSH descriptor XML,Disease
lewy body disease,MeSH descriptor XML,Disease
leydig cell tumor,MeSH descriptor XML,Disease
li-fraumeni syndrome,MeSH descriptor XML,Disease
lice infestations,MeSH descriptor XML,Disease
lichen nitidus,MeSH descriptor XML,Disease
lichen planus,MeSH descriptor XML,Disease
"lichen planus, oral",MeSH descriptor XML,Disease
lichen sclerosus et atrophicus,MeSH descriptor XML,Disease
lichenoid eruptions,MeSH descriptor XML,Disease
liddle syndrome,MeSH descriptor XML,Disease
lightning injuries,MeSH descriptor XML,Disease
"limb deformities, congenital",MeSH descriptor XML,Disease
limbal stem cell deficiency,MeSH descriptor XML,Disease
limbic encephalitis,MeSH descriptor XML,Disease
linear iga bullous dermatosis,MeSH descriptor XML,Disease
lingual goiter,MeSH descriptor XML,Disease
lingual nerve injuries,MeSH descriptor XML,Disease
lingual thyroid,MeSH descriptor XML,Disease
linitis plastica,MeSH descriptor XML,Disease
lip diseases,MeSH descriptor XML,Disease
lip neoplasms,MeSH descriptor XML,Disease
lipedema,MeSH descriptor XML,Disease
lipid metabolism disorders,MeSH descriptor XML,Disease
"lipid metabolism, inborn errors",MeSH descriptor XML,Disease
lipidoses,MeSH descriptor XML,Disease
lipoblastoma,MeSH descriptor XML,Disease
lipodystrophy,MeSH descriptor XML,Disease
"lipodystrophy, congenital generalized",MeSH descriptor XML,Disease
"lipodystrophy, familial partial",MeSH descriptor XML,Disease
lipoid proteinosis of urbach and wiethe,MeSH descriptor XML,Disease
lipoma,MeSH descriptor XML,Disease
lipomatosis,MeSH descriptor XML,Disease
"lipomatosis, multiple symmetrical",MeSH descriptor XML,Disease
liposarcoma,MeSH descriptor XML,Disease
"liposarcoma, myxoid",MeSH descriptor XML,Disease
lissencephaly,MeSH descriptor XML,Disease
listeriosis,MeSH descriptor XML,Disease
livedo reticularis,MeSH descriptor XML,Disease
livedoid vasculopathy,MeSH descriptor XML,Disease
liver abscess,MeSH descriptor XML,Disease
"liver abscess, amebic",MeSH descriptor XML,Disease
"liver abscess, pyogenic",MeSH descriptor XML,Disease
liver cirrhosis,MeSH descriptor XML,Disease
"liver cirrhosis, alcoholic",MeSH descriptor XML,Disease
"liver cirrhosis, biliary",MeSH descriptor XML,Disease
"liver cirrhosis, experimental",MeSH descriptor XML,Disease
liver diseases,MeSH descriptor XML,Disease
"liver diseases, alcoholic",MeSH descriptor XML,Disease
"liver diseases, parasitic",MeSH descriptor XML,Disease
liver failure,MeSH descriptor XML,Disease
"liver failure, acute",MeSH descriptor XML,Disease
liver neoplasms,MeSH descriptor XML,Disease
"liver neoplasms, experimental",MeSH descriptor XML,Disease
lobomycosis,MeSH descriptor XML,Disease
locked-in syndrome,MeSH descriptor XML,Disease
loeys-dietz syndrome,MeSH descriptor XML,Disease
loiasis,MeSH descriptor XML,Disease
long qt syndrome,MeSH descriptor XML,Disease
loose anagen hair syndrome,MeSH descriptor XML,Disease
lordosis,MeSH descriptor XML,Disease
louping ill,MeSH descriptor XML,Disease
low anterior resection syndrome,MeSH descriptor XML,Disease
low tension glaucoma,MeSH descriptor XML,Disease
"lower extremity deformities, congenital",MeSH descriptor XML,Disease
lown-ganong-levine syndrome,MeSH descriptor XML,Disease
ludwig's angina,MeSH descriptor XML,Disease
lumpy skin disease,MeSH descriptor XML,Disease
lung abscess,MeSH descriptor XML,Disease
lung diseases,MeSH descriptor XML,Disease
"lung diseases, fungal",MeSH descriptor XML,Disease
"lung diseases, interstitial",MeSH descriptor XML,Disease
"lung diseases, obstructive",MeSH descriptor XML,Disease
"lung diseases, parasitic",MeSH descriptor XML,Disease
lung injury,MeSH descriptor XML,Disease
lung neoplasms,MeSH descriptor XML,Disease
"lung, hyperlucent",MeSH descriptor XML,Disease
"lupus erythematosus, cutaneous",MeSH descriptor XML,Disease
"lupus erythematosus, discoid",MeSH descriptor XML,Disease
"lupus erythematosus, systemic",MeSH descriptor XML,Disease
lupus nephritis,MeSH descriptor XML,Disease
"lupus vasculitis, central nervous system",MeSH descriptor XML,Disease
lupus vulgaris,MeSH descriptor XML,Disease
lutembacher syndrome,MeSH descriptor XML,Disease
luteoma,MeSH descriptor XML,Disease
lyme disease,MeSH descriptor XML,Disease
lyme neuroborreliosis,MeSH descriptor XML,Disease
lymphadenitis,MeSH descriptor XML,Disease
lymphadenopathy,MeSH descriptor XML,Disease
lymphangiectasis,MeSH descriptor XML,Disease
"lymphangiectasis, intestinal",MeSH descriptor XML,Disease
lymphangioleiomyomatosis,MeSH descriptor XML,Disease
lymphangioma,MeSH descriptor XML,Disease
"lymphangioma, cystic",MeSH descriptor XML,Disease
lymphangiomyoma,MeSH descriptor XML,Disease
lymphangiosarcoma,MeSH descriptor XML,Disease
lymphangitis,MeSH descriptor XML,Disease
lymphatic abnormalities,MeSH descriptor XML,Disease
lymphatic diseases,MeSH descriptor XML,Disease
lymphatic metastasis,MeSH descriptor XML,Disease
lymphedema,MeSH descriptor XML,Disease
lymphocele,MeSH descriptor XML,Disease
lymphocytic choriomeningitis,MeSH descriptor XML,Disease
lymphocytosis,MeSH descriptor XML,Disease
lymphogranuloma venereum,MeSH descriptor XML,Disease
"lymphohistiocytosis, hemophagocytic",MeSH descriptor XML,Disease
lymphoma,MeSH descriptor XML,Disease
"lymphoma, aids-related",MeSH descriptor XML,Disease
"lymphoma, b-cell",MeSH descriptor XML,Disease
"lymphoma, b-cell, marginal zone",MeSH descriptor XML,Disease
"lymphoma, extranodal nk-t-cell",MeSH descriptor XML,Disease
"lymphoma, follicular",MeSH descriptor XML,Disease
"lymphoma, large b-cell, diffuse",MeSH descriptor XML,Disease
"lymphoma, large-cell, anaplastic",MeSH descriptor XML,Disease
"lymphoma, large-cell, immunoblastic",MeSH descriptor XML,Disease
"lymphoma, mantle-cell",MeSH descriptor XML,Disease
"lymphoma, non-hodgkin",MeSH descriptor XML,Disease
"lymphoma, primary cutaneous anaplastic large cell",MeSH descriptor XML,Disease
"lymphoma, primary effusion",MeSH descriptor XML,Disease
"lymphoma, t-cell",MeSH descriptor XML,Disease
"lymphoma, t-cell, cutaneous",MeSH descriptor XML,Disease
"lymphoma, t-cell, peripheral",MeSH descriptor XML,Disease
lymphomatoid granulomatosis,MeSH descriptor XML,Disease
lymphomatoid papulosis,MeSH descriptor XML,Disease
lymphopenia,MeSH descriptor XML,Disease
lymphoproliferative disorders,MeSH descriptor XML,Disease
lynch syndrome ii,MeSH descriptor XML,Disease
lysosomal storage diseases,MeSH descriptor XML,Disease
"lysosomal storage diseases, nervous system",MeSH descriptor XML,Disease
machado-joseph disease,MeSH descriptor XML,Disease
macroglossia,MeSH descriptor XML,Disease
macrophage activation syndrome,MeSH descriptor XML,Disease
macrostomia,MeSH descriptor XML,Disease
macular degeneration,MeSH descriptor XML,Disease
macular edema,MeSH descriptor XML,Disease
magnesium deficiency,MeSH descriptor XML,Disease
malabsorption syndromes,MeSH descriptor XML,Disease
malaria,MeSH descriptor XML,Disease
"malaria, avian",MeSH descriptor XML,Disease
"malaria, cerebral",MeSH descriptor XML,Disease
"malaria, falciparum",MeSH descriptor XML,Disease
"malaria, vivax",MeSH descriptor XML,Disease
male urogenital diseases,MeSH descriptor XML,Disease
malformations of cortical development,MeSH descriptor XML,Disease
"malformations of cortical development, group i",MeSH descriptor XML,Disease
"malformations of cortical development, group ii",MeSH descriptor XML,Disease
"malformations of cortical development, group iii",MeSH descriptor XML,Disease
malignant atrophic papulosis,MeSH descriptor XML,Disease
malignant carcinoid syndrome,MeSH descriptor XML,Disease
malignant catarrh,MeSH descriptor XML,Disease
mallory-weiss syndrome,MeSH descriptor XML,Disease
malnutrition,MeSH descriptor XML,Disease
malocclusion,MeSH descriptor XML,Disease
"malocclusion, angle class i",MeSH descriptor XML,Disease
"malocclusion, angle class ii",MeSH descriptor XML,Disease
"malocclusion, angle class iii",MeSH descriptor XML,Disease
mammary analogue secretory carcinoma,MeSH descriptor XML,Disease
"mammary neoplasms, animal",MeSH descriptor XML,Disease
"mammary neoplasms, experimental",MeSH descriptor XML,Disease
mandibular diseases,MeSH descriptor XML,Disease
mandibular fractures,MeSH descriptor XML,Disease
mandibular injuries,MeSH descriptor XML,Disease
mandibular neoplasms,MeSH descriptor XML,Disease
mandibular nerve injuries,MeSH descriptor XML,Disease
mandibulofacial dysostosis,MeSH descriptor XML,Disease
manganese poisoning,MeSH descriptor XML,Disease
mania,MeSH descriptor XML,Disease
mannosidase deficiency diseases,MeSH descriptor XML,Disease
mansonelliasis,MeSH descriptor XML,Disease
maple syrup urine disease,MeSH descriptor XML,Disease
marburg virus disease,MeSH descriptor XML,Disease
marchiafava-bignami disease,MeSH descriptor XML,Disease
marek disease,MeSH descriptor XML,Disease
marfan syndrome,MeSH descriptor XML,Disease
marijuana abuse,MeSH descriptor XML,Disease
masked hypertension,MeSH descriptor XML,Disease
massive hepatic necrosis,MeSH descriptor XML,Disease
mast cell activation disorders,MeSH descriptor XML,Disease
mast cell activation syndrome,MeSH descriptor XML,Disease
mast-cell sarcoma,MeSH descriptor XML,Disease
mastitis,MeSH descriptor XML,Disease
"mastitis, bovine",MeSH descriptor XML,Disease
mastocytoma,MeSH descriptor XML,Disease
"mastocytoma, skin",MeSH descriptor XML,Disease
mastocytosis,MeSH descriptor XML,Disease
"mastocytosis, cutaneous",MeSH descriptor XML,Disease
"mastocytosis, systemic",MeSH descriptor XML,Disease
mastoiditis,MeSH descriptor XML,Disease
maxillary diseases,MeSH descriptor XML,Disease
maxillary fractures,MeSH descriptor XML,Disease
maxillary neoplasms,MeSH descriptor XML,Disease
maxillary sinus neoplasms,MeSH descriptor XML,Disease
maxillary sinusitis,MeSH descriptor XML,Disease
maxillofacial abnormalities,MeSH descriptor XML,Disease
maxillofacial injuries,MeSH descriptor XML,Disease
may-thurner syndrome,MeSH descriptor XML,Disease
measles,MeSH descriptor XML,Disease
meckel diverticulum,MeSH descriptor XML,Disease
meconium aspiration syndrome,MeSH descriptor XML,Disease
meconium ileus,MeSH descriptor XML,Disease
medial tibial stress syndrome,MeSH descriptor XML,Disease
median arcuate ligament syndrome,MeSH descriptor XML,Disease
median neuropathy,MeSH descriptor XML,Disease
mediastinal cyst,MeSH descriptor XML,Disease
mediastinal diseases,MeSH descriptor XML,Disease
mediastinal emphysema,MeSH descriptor XML,Disease
mediastinal neoplasms,MeSH descriptor XML,Disease
mediastinitis,MeSH descriptor XML,Disease
medullary sponge kidney,MeSH descriptor XML,Disease
medulloblastoma,MeSH descriptor XML,Disease
megacolon,MeSH descriptor XML,Disease
"megacolon, toxic",MeSH descriptor XML,Disease
megalencephaly,MeSH descriptor XML,Disease
meibomian gland dysfunction,MeSH descriptor XML,Disease
meibomitis,MeSH descriptor XML,Disease
meige syndrome,MeSH descriptor XML,Disease
meigs syndrome,MeSH descriptor XML,Disease
melanoma,MeSH descriptor XML,Disease
"melanoma, amelanotic",MeSH descriptor XML,Disease
"melanoma, cutaneous malignant",MeSH descriptor XML,Disease
"melanoma, experimental",MeSH descriptor XML,Disease
melanosis,MeSH descriptor XML,Disease
melas syndrome,MeSH descriptor XML,Disease
melena,MeSH descriptor XML,Disease
melioidosis,MeSH descriptor XML,Disease
melkersson-rosenthal syndrome,MeSH descriptor XML,Disease
melorheostosis,MeSH descriptor XML,Disease
memory disorders,MeSH descriptor XML,Disease
meniere disease,MeSH descriptor XML,Disease
meningeal carcinomatosis,MeSH descriptor XML,Disease
meningeal neoplasms,MeSH descriptor XML,Disease
meningioma,MeSH descriptor XML,Disease
meningism,MeSH descriptor XML,Disease
meningitis,MeSH descriptor XML,Disease
"meningitis, aseptic",MeSH descriptor XML,Disease
"meningitis, bacterial",MeSH descriptor XML,Disease
"meningitis, cryptococcal",MeSH descriptor XML,Disease
"meningitis, escherichia coli",MeSH descriptor XML,Disease
"meningitis, fungal",MeSH descriptor XML,Disease
"meningitis, haemophilus",MeSH descriptor XML,Disease
"meningitis, listeria",MeSH descriptor XML,Disease
"meningitis, meningococcal",MeSH descriptor XML,Disease
"meningitis, pneumococcal",MeSH descriptor XML,Disease
"meningitis, viral",MeSH descriptor XML,Disease
meningocele,MeSH descriptor XML,Disease
meningococcal infections,MeSH descriptor XML,Disease
meningoencephalitis,MeSH descriptor XML,Disease
meningomyelocele,MeSH descriptor XML,Disease
menkes kinky hair syndrome,MeSH descriptor XML,Disease
"menopause, premature",MeSH descriptor XML,Disease
menorrhagia,MeSH descriptor XML,Disease
mercury poisoning,MeSH descriptor XML,Disease
"mercury poisoning, nervous system",MeSH descriptor XML,Disease
merrf syndrome,MeSH descriptor XML,Disease
mesenchymoma,MeSH descriptor XML,Disease
mesenteric cyst,MeSH descriptor XML,Disease
mesenteric ischemia,MeSH descriptor XML,Disease
mesenteric lymphadenitis,MeSH descriptor XML,Disease
mesenteric vascular occlusion,MeSH descriptor XML,Disease
mesial movement of teeth,MeSH descriptor XML,Disease
mesomycetozoea infections,MeSH descriptor XML,Disease
mesonephroma,MeSH descriptor XML,Disease
mesothelioma,MeSH descriptor XML,Disease
"mesothelioma, cystic",MeSH descriptor XML,Disease
"mesothelioma, malignant",MeSH descriptor XML,Disease
metabolic diseases,MeSH descriptor XML,Disease
metabolic side effects of drugs and substances,MeSH descriptor XML,Disease
metabolic syndrome,MeSH descriptor XML,Disease
"metabolism, inborn errors",MeSH descriptor XML,Disease
"metal metabolism, inborn errors",MeSH descriptor XML,Disease
metatarsal valgus,MeSH descriptor XML,Disease
metatarsalgia,MeSH descriptor XML,Disease
metatarsus varus,MeSH descriptor XML,Disease
methemoglobinemia,MeSH descriptor XML,Disease
metrorrhagia,MeSH descriptor XML,Disease
mevalonate kinase deficiency,MeSH descriptor XML,Disease
microaneurysm,MeSH descriptor XML,Disease
microcephaly,MeSH descriptor XML,Disease
micrognathism,MeSH descriptor XML,Disease
microphthalmos,MeSH descriptor XML,Disease
microscopic polyangiitis,MeSH descriptor XML,Disease
microsporidiosis,MeSH descriptor XML,Disease
microstomia,MeSH descriptor XML,Disease
"microtrauma, physical",MeSH descriptor XML,Disease
microvascular angina,MeSH descriptor XML,Disease
middle lobe syndrome,MeSH descriptor XML,Disease
migraine disorders,MeSH descriptor XML,Disease
migraine with aura,MeSH descriptor XML,Disease
migraine without aura,MeSH descriptor XML,Disease
mikulicz' disease,MeSH descriptor XML,Disease
miliaria,MeSH descriptor XML,Disease
milk hypersensitivity,MeSH descriptor XML,Disease
milk sickness,MeSH descriptor XML,Disease
miller fisher syndrome,MeSH descriptor XML,Disease
"mineralocorticoid excess syndrome, apparent",MeSH descriptor XML,Disease
mink viral enteritis,MeSH descriptor XML,Disease
minoca,MeSH descriptor XML,Disease
miosis,MeSH descriptor XML,Disease
mirizzi syndrome,MeSH descriptor XML,Disease
mite infestations,MeSH descriptor XML,Disease
mitochondrial diseases,MeSH descriptor XML,Disease
mitochondrial encephalomyopathies,MeSH descriptor XML,Disease
mitochondrial myopathies,MeSH descriptor XML,Disease
mitral valve insufficiency,MeSH descriptor XML,Disease
mitral valve prolapse,MeSH descriptor XML,Disease
mitral valve stenosis,MeSH descriptor XML,Disease
mixed connective tissue disease,MeSH descriptor XML,Disease
mixed dementias,MeSH descriptor XML,Disease
"mixed tumor, malignant",MeSH descriptor XML,Disease
"mixed tumor, mesodermal",MeSH descriptor XML,Disease
"mixed tumor, mullerian",MeSH descriptor XML,Disease
mobius syndrome,MeSH descriptor XML,Disease
molar hypomineralization,MeSH descriptor XML,Disease
molluscum contagiosum,MeSH descriptor XML,Disease
monckeberg medial calcific sclerosis,MeSH descriptor XML,Disease
mongolian spot,MeSH descriptor XML,Disease
monieziasis,MeSH descriptor XML,Disease
monilethrix,MeSH descriptor XML,Disease
monkey diseases,MeSH descriptor XML,Disease
monoclonal gammopathy of undetermined significance,MeSH descriptor XML,Disease
mononegavirales infections,MeSH descriptor XML,Disease
mononeuropathies,MeSH descriptor XML,Disease
monteggia's fracture,MeSH descriptor XML,Disease
moraxellaceae infections,MeSH descriptor XML,Disease
morbillivirus infections,MeSH descriptor XML,Disease
morgellons disease,MeSH descriptor XML,Disease
morning sickness,MeSH descriptor XML,Disease
morphine dependence,MeSH descriptor XML,Disease
morton neuroma,MeSH descriptor XML,Disease
mosquito-borne diseases,MeSH descriptor XML,Disease
motor neuron disease,MeSH descriptor XML,Disease
mouth abnormalities,MeSH descriptor XML,Disease
mouth breathing,MeSH descriptor XML,Disease
mouth diseases,MeSH descriptor XML,Disease
mouth neoplasms,MeSH descriptor XML,Disease
"mouth, edentulous",MeSH descriptor XML,Disease
movement disorders,MeSH descriptor XML,Disease
moyamoya disease,MeSH descriptor XML,Disease
"mpox, monkeypox",MeSH descriptor XML,Disease
mptp poisoning,MeSH descriptor XML,Disease
mucinoses,MeSH descriptor XML,Disease
"mucinosis, follicular",MeSH descriptor XML,Disease
mucocele,MeSH descriptor XML,Disease
mucocutaneous lymph node syndrome,MeSH descriptor XML,Disease
mucoepidermoid tumor,MeSH descriptor XML,Disease
mucolipidoses,MeSH descriptor XML,Disease
mucopolysaccharidoses,MeSH descriptor XML,Disease
mucopolysaccharidosis i,MeSH descriptor XML,Disease
mucopolysaccharidosis ii,MeSH descriptor XML,Disease
mucopolysaccharidosis iii,MeSH descriptor XML,Disease
mucopolysaccharidosis iv,MeSH descriptor XML,Disease
mucopolysaccharidosis vi,MeSH descriptor XML,Disease
mucopolysaccharidosis vii,MeSH descriptor XML,Disease
mucormycosis,MeSH descriptor XML,Disease
mucositis,MeSH descriptor XML,Disease
muir-torre syndrome,MeSH descriptor XML,Disease
mulibrey nanism,MeSH descriptor XML,Disease
multicystic dysplastic kidney,MeSH descriptor XML,Disease
multifocal choroiditis,MeSH descriptor XML,Disease
multiple acyl coenzyme a dehydrogenase deficiency,MeSH descriptor XML,Disease
"multiple amputations, traumatic",MeSH descriptor XML,Disease
multiple carboxylase deficiency,MeSH descriptor XML,Disease
multiple chemical sensitivity,MeSH descriptor XML,Disease
multiple endocrine neoplasia,MeSH descriptor XML,Disease
multiple endocrine neoplasia type 1,MeSH descriptor XML,Disease
multiple endocrine neoplasia type 2a,MeSH descriptor XML,Disease
multiple endocrine neoplasia type 2b,MeSH descriptor XML,Disease
multiple myeloma,MeSH descriptor XML,Disease
multiple pulmonary nodules,MeSH descriptor XML,Disease
multiple sclerosis,MeSH descriptor XML,Disease
"multiple sclerosis, chronic progressive",MeSH descriptor XML,Disease
"multiple sclerosis, relapsing-remitting",MeSH descriptor XML,Disease
multiple sulfatase deficiency disease,MeSH descriptor XML,Disease
multiple system atrophy,MeSH descriptor XML,Disease
multiple trauma,MeSH descriptor XML,Disease
mumps,MeSH descriptor XML,Disease
murine acquired immunodeficiency syndrome,MeSH descriptor XML,Disease
muscle cramp,MeSH descriptor XML,Disease
muscle hypertonia,MeSH descriptor XML,Disease
muscle hypotonia,MeSH descriptor XML,Disease
muscle neoplasms,MeSH descriptor XML,Disease
muscle rigidity,MeSH descriptor XML,Disease
muscle spasticity,MeSH descriptor XML,Disease
muscle weakness,MeSH descriptor XML,Disease
muscular atrophy,MeSH descriptor XML,Disease
"muscular atrophy, spinal",MeSH descriptor XML,Disease
muscular diseases,MeSH descriptor XML,Disease
"muscular disorders, atrophic",MeSH descriptor XML,Disease
muscular dystrophies,MeSH descriptor XML,Disease
"muscular dystrophies, limb-girdle",MeSH descriptor XML,Disease
"muscular dystrophy, animal",MeSH descriptor XML,Disease
"muscular dystrophy, duchenne",MeSH descriptor XML,Disease
"muscular dystrophy, emery-dreifuss",MeSH descriptor XML,Disease
"muscular dystrophy, facioscapulohumeral",MeSH descriptor XML,Disease
"muscular dystrophy, oculopharyngeal",MeSH descriptor XML,Disease
musculoskeletal abnormalities,MeSH descriptor XML,Disease
musculoskeletal diseases,MeSH descriptor XML,Disease
musculoskeletal pain,MeSH descriptor XML,Disease
mushroom poisoning,MeSH descriptor XML,Disease
mutism,MeSH descriptor XML,Disease
myalgia,MeSH descriptor XML,Disease
myasthenia gravis,MeSH descriptor XML,Disease
"myasthenia gravis, autoimmune, experimental",MeSH descriptor XML,Disease
"myasthenia gravis, neonatal",MeSH descriptor XML,Disease
"myasthenic syndromes, congenital",MeSH descriptor XML,Disease
mycetoma,MeSH descriptor XML,Disease
mycobacterium avium-intracellulare infection,MeSH descriptor XML,Disease
mycobacterium infections,MeSH descriptor XML,Disease
"mycobacterium infections, nontuberculous",MeSH descriptor XML,Disease
mycoplasma infections,MeSH descriptor XML,Disease
mycoplasmatales infections,MeSH descriptor XML,Disease
mycoses,MeSH descriptor XML,Disease
mycosis fungoides,MeSH descriptor XML,Disease
mycotoxicosis,MeSH descriptor XML,Disease
mydriasis,MeSH descriptor XML,Disease
myelin oligodendrocyte glycoprotein antibody-associated disease,MeSH descriptor XML,Disease
"myelinolysis, central pontine",MeSH descriptor XML,Disease
myelitis,MeSH descriptor XML,Disease
"myelitis, transverse",MeSH descriptor XML,Disease
myelodysplastic syndromes,MeSH descriptor XML,Disease
myelodysplastic-myeloproliferative diseases,MeSH descriptor XML,Disease
myelolipoma,MeSH descriptor XML,Disease
myeloproliferative disorders,MeSH descriptor XML,Disease
myiasis,MeSH descriptor XML,Disease
myocardial bridging,MeSH descriptor XML,Disease
myocardial contusions,MeSH descriptor XML,Disease
myocardial infarction,MeSH descriptor XML,Disease
myocardial ischemia,MeSH descriptor XML,Disease
myocardial reperfusion injury,MeSH descriptor XML,Disease
myocardial stunning,MeSH descriptor XML,Disease
myocarditis,MeSH descriptor XML,Disease
myoclonic cerebellar dyssynergia,MeSH descriptor XML,Disease
"myoclonic epilepsies, progressive",MeSH descriptor XML,Disease
"myoclonic epilepsy, juvenile",MeSH descriptor XML,Disease
myoclonus,MeSH descriptor XML,Disease
myoepithelioma,MeSH descriptor XML,Disease
myofascial pain syndromes,MeSH descriptor XML,Disease
myofibroma,MeSH descriptor XML,Disease
myofibromatosis,MeSH descriptor XML,Disease
myoglobinuria,MeSH descriptor XML,Disease
myokymia,MeSH descriptor XML,Disease
myoma,MeSH descriptor XML,Disease
"myopathies, nemaline",MeSH descriptor XML,Disease
"myopathies, structural, congenital",MeSH descriptor XML,Disease
"myopathy, central core",MeSH descriptor XML,Disease
myopericytoma,MeSH descriptor XML,Disease
myopia,MeSH descriptor XML,Disease
"myopia, degenerative",MeSH descriptor XML,Disease
myosarcoma,MeSH descriptor XML,Disease
myositis,MeSH descriptor XML,Disease
myositis ossificans,MeSH descriptor XML,Disease
"myositis, inclusion body",MeSH descriptor XML,Disease
myotonia,MeSH descriptor XML,Disease
myotonia congenita,MeSH descriptor XML,Disease
myotonic disorders,MeSH descriptor XML,Disease
myotonic dystrophy,MeSH descriptor XML,Disease
myotoxicity,MeSH descriptor XML,Disease
myringosclerosis,MeSH descriptor XML,Disease
myxedema,MeSH descriptor XML,Disease
myxoma,MeSH descriptor XML,Disease
"myxomatosis, infectious",MeSH descriptor XML,Disease
myxosarcoma,MeSH descriptor XML,Disease
nail diseases,MeSH descriptor XML,Disease
nail-patella syndrome,MeSH descriptor XML,Disease
"nails, ingrown",MeSH descriptor XML,Disease
nairobi sheep disease,MeSH descriptor XML,Disease
narcolepsy,MeSH descriptor XML,Disease
narcotic-related disorders,MeSH descriptor XML,Disease
nasal obstruction,MeSH descriptor XML,Disease
nasal polyps,MeSH descriptor XML,Disease
nasal septal perforation,MeSH descriptor XML,Disease
nasopharyngeal carcinoma,MeSH descriptor XML,Disease
nasopharyngeal diseases,MeSH descriptor XML,Disease
nasopharyngeal neoplasms,MeSH descriptor XML,Disease
nasopharyngitis,MeSH descriptor XML,Disease
near drowning,MeSH descriptor XML,Disease
necatoriasis,MeSH descriptor XML,Disease
neck injuries,MeSH descriptor XML,Disease
necrobiosis lipoidica,MeSH descriptor XML,Disease
necrobiotic disorders,MeSH descriptor XML,Disease
necrobiotic xanthogranuloma,MeSH descriptor XML,Disease
necrolytic migratory erythema,MeSH descriptor XML,Disease
needlestick injuries,MeSH descriptor XML,Disease
neisseriaceae infections,MeSH descriptor XML,Disease
nelson syndrome,MeSH descriptor XML,Disease
nematode infections,MeSH descriptor XML,Disease
neonatal abstinence syndrome,MeSH descriptor XML,Disease
neonatal brachial plexus palsy,MeSH descriptor XML,Disease
neonatal sepsis,MeSH descriptor XML,Disease
neoplasm invasiveness,MeSH descriptor XML,Disease
neoplasm metastasis,MeSH descriptor XML,Disease
neoplasm micrometastasis,MeSH descriptor XML,Disease
"neoplasm recurrence, local",MeSH descriptor XML,Disease
"neoplasm regression, spontaneous",MeSH descriptor XML,Disease
neoplasm seeding,MeSH descriptor XML,Disease
"neoplasm, lymphatic tissue",MeSH descriptor XML,Disease
"neoplasm, residual",MeSH descriptor XML,Disease
neoplasms,MeSH descriptor XML,Disease
neoplasms by histologic type,MeSH descriptor XML,Disease
neoplasms by site,MeSH descriptor XML,Disease
"neoplasms, adipose tissue",MeSH descriptor XML,Disease
"neoplasms, adnexal and skin appendage",MeSH descriptor XML,Disease
"neoplasms, basal cell",MeSH descriptor XML,Disease
"neoplasms, bone tissue",MeSH descriptor XML,Disease
"neoplasms, complex and mixed",MeSH descriptor XML,Disease
"neoplasms, connective and soft tissue",MeSH descriptor XML,Disease
"neoplasms, connective tissue",MeSH descriptor XML,Disease
"neoplasms, cystic, mucinous, and serous",MeSH descriptor XML,Disease
"neoplasms, ductal, lobular, and medullary",MeSH descriptor XML,Disease
"neoplasms, experimental",MeSH descriptor XML,Disease
"neoplasms, fibroepithelial",MeSH descriptor XML,Disease
"neoplasms, fibrous tissue",MeSH descriptor XML,Disease
"neoplasms, germ cell and embryonal",MeSH descriptor XML,Disease
"neoplasms, glandular and epithelial",MeSH descriptor XML,Disease
"neoplasms, gonadal tissue",MeSH descriptor XML,Disease
"neoplasms, hormone-dependent",MeSH descriptor XML,Disease
"neoplasms, mesothelial",MeSH descriptor XML,Disease
"neoplasms, multiple primary",MeSH descriptor XML,Disease
"neoplasms, muscle tissue",MeSH descriptor XML,Disease
"neoplasms, nerve tissue",MeSH descriptor XML,Disease
"neoplasms, neuroepithelial",MeSH descriptor XML,Disease
"neoplasms, plasma cell",MeSH descriptor XML,Disease
"neoplasms, post-traumatic",MeSH descriptor XML,Disease
"neoplasms, radiation-induced",MeSH descriptor XML,Disease
"neoplasms, second primary",MeSH descriptor XML,Disease
"neoplasms, squamous cell",MeSH descriptor XML,Disease
"neoplasms, unknown primary",MeSH descriptor XML,Disease
"neoplasms, vascular tissue",MeSH descriptor XML,Disease
"neoplastic cells, circulating",MeSH descriptor XML,Disease
neoplastic processes,MeSH descriptor XML,Disease
"neoplastic syndromes, hereditary",MeSH descriptor XML,Disease
nephritis,MeSH descriptor XML,Disease
"nephritis, hereditary",MeSH descriptor XML,Disease
"nephritis, interstitial",MeSH descriptor XML,Disease
nephrocalcinosis,MeSH descriptor XML,Disease
nephrogenic fibrosing dermopathy,MeSH descriptor XML,Disease
nephrolithiasis,MeSH descriptor XML,Disease
"nephroma, mesoblastic",MeSH descriptor XML,Disease
nephrosclerosis,MeSH descriptor XML,Disease
nephrosis,MeSH descriptor XML,Disease
"nephrosis, lipoid",MeSH descriptor XML,Disease
nephrotic syndrome,MeSH descriptor XML,Disease
nerve compression syndromes,MeSH descriptor XML,Disease
nerve sheath neoplasms,MeSH descriptor XML,Disease
"nervous system autoimmune disease, experimental",MeSH descriptor XML,Disease
nervous system diseases,MeSH descriptor XML,Disease
nervous system malformations,MeSH descriptor XML,Disease
nervous system neoplasms,MeSH descriptor XML,Disease
nesidioblastosis,MeSH descriptor XML,Disease
netherton syndrome,MeSH descriptor XML,Disease
neural tube defects,MeSH descriptor XML,Disease
neuralgia,MeSH descriptor XML,Disease
"neuralgia, postherpetic",MeSH descriptor XML,Disease
neurilemmoma,MeSH descriptor XML,Disease
neuritis,MeSH descriptor XML,Disease
"neuritis, autoimmune, experimental",MeSH descriptor XML,Disease
neuroacanthocytosis,MeSH descriptor XML,Disease
neuroaspergillosis,MeSH descriptor XML,Disease
neuroaxonal dystrophies,MeSH descriptor XML,Disease
neurobehavioral manifestations,MeSH descriptor XML,Disease
neuroblastoma,MeSH descriptor XML,Disease
neurocutaneous syndromes,MeSH descriptor XML,Disease
neurocysticercosis,MeSH descriptor XML,Disease
neurocytoma,MeSH descriptor XML,Disease
neurodegenerative diseases,MeSH descriptor XML,Disease
neurodermatitis,MeSH descriptor XML,Disease
"neuroectodermal tumor, melanotic",MeSH descriptor XML,Disease
neuroectodermal tumors,MeSH descriptor XML,Disease
"neuroectodermal tumors, primitive",MeSH descriptor XML,Disease
"neuroectodermal tumors, primitive, peripheral",MeSH descriptor XML,Disease
neuroendocrine tumors,MeSH descriptor XML,Disease
neurofibroma,MeSH descriptor XML,Disease
"neurofibroma, plexiform",MeSH descriptor XML,Disease
neurofibromatoses,MeSH descriptor XML,Disease
neurofibromatosis 1,MeSH descriptor XML,Disease
neurofibromatosis 2,MeSH descriptor XML,Disease
neurofibrosarcoma,MeSH descriptor XML,Disease
neurogenic bowel,MeSH descriptor XML,Disease
neurogenic inflammation,MeSH descriptor XML,Disease
neuroinflammatory diseases,MeSH descriptor XML,Disease
neuroleptic malignant syndrome,MeSH descriptor XML,Disease
neurologic manifestations,MeSH descriptor XML,Disease
neurolymphomatosis,MeSH descriptor XML,Disease
neuroma,MeSH descriptor XML,Disease
"neuroma, acoustic",MeSH descriptor XML,Disease
neuromuscular diseases,MeSH descriptor XML,Disease
neuromuscular junction diseases,MeSH descriptor XML,Disease
neuromuscular manifestations,MeSH descriptor XML,Disease
neuromyelitis optica,MeSH descriptor XML,Disease
neuronal ceroid-lipofuscinoses,MeSH descriptor XML,Disease
neuroschistosomiasis,MeSH descriptor XML,Disease
neurosyphilis,MeSH descriptor XML,Disease
neurothekeoma,MeSH descriptor XML,Disease
neurotoxicity syndromes,MeSH descriptor XML,Disease
neutropenia,MeSH descriptor XML,Disease
nevi and melanomas,MeSH descriptor XML,Disease
nevus,MeSH descriptor XML,Disease
nevus of ota,MeSH descriptor XML,Disease
"nevus, blue",MeSH descriptor XML,Disease
"nevus, epithelioid and spindle cell",MeSH descriptor XML,Disease
"nevus, halo",MeSH descriptor XML,Disease
"nevus, intradermal",MeSH descriptor XML,Disease
"nevus, pigmented",MeSH descriptor XML,Disease
"nevus, sebaceous of jadassohn",MeSH descriptor XML,Disease
"nevus, spindle cell",MeSH descriptor XML,Disease
newcastle disease,MeSH descriptor XML,Disease
nicolau syndrome,MeSH descriptor XML,Disease
nidovirales infections,MeSH descriptor XML,Disease
"niemann-pick disease, type a",MeSH descriptor XML,Disease
"niemann-pick disease, type b",MeSH descriptor XML,Disease
"niemann-pick disease, type c",MeSH descriptor XML,Disease
niemann-pick diseases,MeSH descriptor XML,Disease
night blindness,MeSH descriptor XML,Disease
night terrors,MeSH descriptor XML,Disease
nijmegen breakage syndrome,MeSH descriptor XML,Disease
nocardia infections,MeSH descriptor XML,Disease
nocturnal enuresis,MeSH descriptor XML,Disease
nocturnal myoclonus syndrome,MeSH descriptor XML,Disease
nocturnal paroxysmal dystonia,MeSH descriptor XML,Disease
nodding syndrome,MeSH descriptor XML,Disease
noma,MeSH descriptor XML,Disease
non-alcoholic fatty liver disease,MeSH descriptor XML,Disease
non-erosive reflux disease,MeSH descriptor XML,Disease
non-filarial lymphedema,MeSH descriptor XML,Disease
non-muscle invasive bladder neoplasms,MeSH descriptor XML,Disease
non-radiographic axial spondyloarthritis,MeSH descriptor XML,Disease
non-st elevated myocardial infarction,MeSH descriptor XML,Disease
nonodontogenic cysts,MeSH descriptor XML,Disease
noonan syndrome,MeSH descriptor XML,Disease
"nose deformities, acquired",MeSH descriptor XML,Disease
nose diseases,MeSH descriptor XML,Disease
nose neoplasms,MeSH descriptor XML,Disease
nuchal cord,MeSH descriptor XML,Disease
nut and peanut hypersensitivity,MeSH descriptor XML,Disease
nut hypersensitivity,MeSH descriptor XML,Disease
nutrition disorders,MeSH descriptor XML,Disease
nutritional and metabolic diseases,MeSH descriptor XML,Disease
"nystagmus, congenital",MeSH descriptor XML,Disease
"nystagmus, pathologic",MeSH descriptor XML,Disease
obesity,MeSH descriptor XML,Disease
obesity hypoventilation syndrome,MeSH descriptor XML,Disease
"obesity, abdominal",MeSH descriptor XML,Disease
"obesity, metabolically benign",MeSH descriptor XML,Disease
"obesity, morbid",MeSH descriptor XML,Disease
obstetric labor complications,MeSH descriptor XML,Disease
"obstetric labor, premature",MeSH descriptor XML,Disease
occupational diseases,MeSH descriptor XML,Disease
occupational injuries,MeSH descriptor XML,Disease
occupational stress,MeSH descriptor XML,Disease
ocular hypertension,MeSH descriptor XML,Disease
ocular hypotension,MeSH descriptor XML,Disease
ocular motility disorders,MeSH descriptor XML,Disease
oculocerebrorenal syndrome,MeSH descriptor XML,Disease
oculomotor nerve diseases,MeSH descriptor XML,Disease
oculomotor nerve injuries,MeSH descriptor XML,Disease
odontodysplasia,MeSH descriptor XML,Disease
"odontogenic cyst, calcifying",MeSH descriptor XML,Disease
odontogenic cysts,MeSH descriptor XML,Disease
"odontogenic tumor, squamous",MeSH descriptor XML,Disease
odontogenic tumors,MeSH descriptor XML,Disease
odontoma,MeSH descriptor XML,Disease
oeis complex,MeSH descriptor XML,Disease
oesophagostomiasis,MeSH descriptor XML,Disease
olecranon fracture,MeSH descriptor XML,Disease
olfaction disorders,MeSH descriptor XML,Disease
olfactory nerve diseases,MeSH descriptor XML,Disease
olfactory nerve injuries,MeSH descriptor XML,Disease
oligodendroglioma,MeSH descriptor XML,Disease
oligohydramnios,MeSH descriptor XML,Disease
oligospermia,MeSH descriptor XML,Disease
oliguria,MeSH descriptor XML,Disease
olivary degeneration,MeSH descriptor XML,Disease
olivopontocerebellar atrophies,MeSH descriptor XML,Disease
onchocerciasis,MeSH descriptor XML,Disease
"onchocerciasis, ocular",MeSH descriptor XML,Disease
oncogene addiction,MeSH descriptor XML,Disease
onycholysis,MeSH descriptor XML,Disease
onychomycosis,MeSH descriptor XML,Disease
oophoritis,MeSH descriptor XML,Disease
open bite,MeSH descriptor XML,Disease
ophthalmia neonatorum,MeSH descriptor XML,Disease
"ophthalmia, sympathetic",MeSH descriptor XML,Disease
ophthalmoplegia,MeSH descriptor XML,Disease
"ophthalmoplegia, chronic progressive external",MeSH descriptor XML,Disease
ophthalmoplegic migraine,MeSH descriptor XML,Disease
opiate overdose,MeSH descriptor XML,Disease
opioid-induced constipation,MeSH descriptor XML,Disease
opioid-related disorders,MeSH descriptor XML,Disease
opisthorchiasis,MeSH descriptor XML,Disease
opium dependence,MeSH descriptor XML,Disease
opportunistic infections,MeSH descriptor XML,Disease
opsoclonus-myoclonus syndrome,MeSH descriptor XML,Disease
"optic atrophies, hereditary",MeSH descriptor XML,Disease
optic atrophy,MeSH descriptor XML,Disease
"optic atrophy, autosomal dominant",MeSH descriptor XML,Disease
"optic atrophy, hereditary, leber",MeSH descriptor XML,Disease
optic disk drusen,MeSH descriptor XML,Disease
optic nerve diseases,MeSH descriptor XML,Disease
optic nerve glioma,MeSH descriptor XML,Disease
optic nerve hypoplasia,MeSH descriptor XML,Disease
optic nerve injuries,MeSH descriptor XML,Disease
optic nerve neoplasms,MeSH descriptor XML,Disease
optic neuritis,MeSH descriptor XML,Disease
"optic neuropathy, ischemic",MeSH descriptor XML,Disease
oral allergy syndrome,MeSH descriptor XML,Disease
oral fistula,MeSH descriptor XML,Disease
oral hemorrhage,MeSH descriptor XML,Disease
oral manifestations,MeSH descriptor XML,Disease
oral submucous fibrosis,MeSH descriptor XML,Disease
oral ulcer,MeSH descriptor XML,Disease
orbital cellulitis,MeSH descriptor XML,Disease
orbital diseases,MeSH descriptor XML,Disease
orbital fractures,MeSH descriptor XML,Disease
orbital myositis,MeSH descriptor XML,Disease
orbital neoplasms,MeSH descriptor XML,Disease
orbital pseudotumor,MeSH descriptor XML,Disease
orchitis,MeSH descriptor XML,Disease
organizing pneumonia,MeSH descriptor XML,Disease
organophosphate poisoning,MeSH descriptor XML,Disease
ornithine carbamoyltransferase deficiency disease,MeSH descriptor XML,Disease
oroantral fistula,MeSH descriptor XML,Disease
orofaciodigital syndromes,MeSH descriptor XML,Disease
oropharyngeal neoplasms,MeSH descriptor XML,Disease
orthomyxoviridae infections,MeSH descriptor XML,Disease
orthostatic intolerance,MeSH descriptor XML,Disease
ossification of posterior longitudinal ligament,MeSH descriptor XML,Disease
osteitis,MeSH descriptor XML,Disease
osteitis deformans,MeSH descriptor XML,Disease
osteitis fibrosa cystica,MeSH descriptor XML,Disease
osteoarthritis,MeSH descriptor XML,Disease
"osteoarthritis, hip",MeSH descriptor XML,Disease
"osteoarthritis, knee",MeSH descriptor XML,Disease
"osteoarthritis, spine",MeSH descriptor XML,Disease
"osteoarthropathy, primary hypertrophic",MeSH descriptor XML,Disease
"osteoarthropathy, secondary hypertrophic",MeSH descriptor XML,Disease
osteoblastoma,MeSH descriptor XML,Disease
osteochondritis,MeSH descriptor XML,Disease
osteochondritis dissecans,MeSH descriptor XML,Disease
osteochondrodysplasias,MeSH descriptor XML,Disease
osteochondroma,MeSH descriptor XML,Disease
osteochondromatosis,MeSH descriptor XML,Disease
osteochondrosis,MeSH descriptor XML,Disease
osteogenesis imperfecta,MeSH descriptor XML,Disease
osteolysis,MeSH descriptor XML,Disease
"osteolysis, essential",MeSH descriptor XML,Disease
osteoma,MeSH descriptor XML,Disease
"osteoma, osteoid",MeSH descriptor XML,Disease
osteomalacia,MeSH descriptor XML,Disease
osteomyelitis,MeSH descriptor XML,Disease
osteonecrosis,MeSH descriptor XML,Disease
osteopetrosis,MeSH descriptor XML,Disease
osteophyte,MeSH descriptor XML,Disease
osteopoikilosis,MeSH descriptor XML,Disease
osteoporosis,MeSH descriptor XML,Disease
"osteoporosis, postmenopausal",MeSH descriptor XML,Disease
osteoporotic fractures,MeSH descriptor XML,Disease
osteoradionecrosis,MeSH descriptor XML,Disease
osteosarcoma,MeSH descriptor XML,Disease
"osteosarcoma, juxtacortical",MeSH descriptor XML,Disease
osteosclerosis,MeSH descriptor XML,Disease
ostertagiasis,MeSH descriptor XML,Disease
otitis,MeSH descriptor XML,Disease
otitis externa,MeSH descriptor XML,Disease
otitis media,MeSH descriptor XML,Disease
otitis media with effusion,MeSH descriptor XML,Disease
"otitis media, suppurative",MeSH descriptor XML,Disease
otomycosis,MeSH descriptor XML,Disease
otorhinolaryngologic diseases,MeSH descriptor XML,Disease
otorhinolaryngologic neoplasms,MeSH descriptor XML,Disease
otosclerosis,MeSH descriptor XML,Disease
ototoxicity,MeSH descriptor XML,Disease
out-of-hospital cardiac arrest,MeSH descriptor XML,Disease
ovarian cysts,MeSH descriptor XML,Disease
ovarian diseases,MeSH descriptor XML,Disease
ovarian hyperstimulation syndrome,MeSH descriptor XML,Disease
ovarian neoplasms,MeSH descriptor XML,Disease
ovarian torsion,MeSH descriptor XML,Disease
overbite,MeSH descriptor XML,Disease
overnutrition,MeSH descriptor XML,Disease
overweight,MeSH descriptor XML,Disease
ovotesticular disorders of sex development,MeSH descriptor XML,Disease
oxyuriasis,MeSH descriptor XML,Disease
oxyurida infections,MeSH descriptor XML,Disease
pachyonychia congenita,MeSH descriptor XML,Disease
"paget disease, extramammary",MeSH descriptor XML,Disease
"paget's disease, mammary",MeSH descriptor XML,Disease
pagetoid reticulosis,MeSH descriptor XML,Disease
"pain insensitivity, congenital",MeSH descriptor XML,Disease
palatal neoplasms,MeSH descriptor XML,Disease
pallister-hall syndrome,MeSH descriptor XML,Disease
pancoast syndrome,MeSH descriptor XML,Disease
pancreas divisum,MeSH descriptor XML,Disease
pancreatic cyst,MeSH descriptor XML,Disease
pancreatic diseases,MeSH descriptor XML,Disease
pancreatic fistula,MeSH descriptor XML,Disease
pancreatic intraductal neoplasms,MeSH descriptor XML,Disease
pancreatic neoplasms,MeSH descriptor XML,Disease
pancreatic pseudocyst,MeSH descriptor XML,Disease
pancreaticobiliary maljunction,MeSH descriptor XML,Disease
pancreatitis,MeSH descriptor XML,Disease
"pancreatitis, acute hemorrhagic",MeSH descriptor XML,Disease
"pancreatitis, acute necrotizing",MeSH descriptor XML,Disease
"pancreatitis, alcoholic",MeSH descriptor XML,Disease
"pancreatitis, chronic",MeSH descriptor XML,Disease
"pancreatitis, graft",MeSH descriptor XML,Disease
pancytopenia,MeSH descriptor XML,Disease
panniculitis,MeSH descriptor XML,Disease
"panniculitis, lupus erythematosus",MeSH descriptor XML,Disease
"panniculitis, nodular nonsuppurative",MeSH descriptor XML,Disease
"panniculitis, peritoneal",MeSH descriptor XML,Disease
panophthalmitis,MeSH descriptor XML,Disease
pantothenate kinase-associated neurodegeneration,MeSH descriptor XML,Disease
panuveitis,MeSH descriptor XML,Disease
papilledema,MeSH descriptor XML,Disease
papilloma,MeSH descriptor XML,Disease
"papilloma, choroid plexus",MeSH descriptor XML,Disease
"papilloma, intraductal",MeSH descriptor XML,Disease
"papilloma, inverted",MeSH descriptor XML,Disease
papillomavirus infections,MeSH descriptor XML,Disease
papillon-lefevre disease,MeSH descriptor XML,Disease
paracoccidioidomycosis,MeSH descriptor XML,Disease
paraganglioma,MeSH descriptor XML,Disease
"paraganglioma, extra-adrenal",MeSH descriptor XML,Disease
paragonimiasis,MeSH descriptor XML,Disease
parakeratosis,MeSH descriptor XML,Disease
"paralyses, familial periodic",MeSH descriptor XML,Disease
paralysis,MeSH descriptor XML,Disease
"paralysis, hyperkalemic periodic",MeSH descriptor XML,Disease
"paralysis, obstetric",MeSH descriptor XML,Disease
parametritis,MeSH descriptor XML,Disease
paramyxoviridae infections,MeSH descriptor XML,Disease
paranasal sinus diseases,MeSH descriptor XML,Disease
paranasal sinus neoplasms,MeSH descriptor XML,Disease
paraneoplastic cerebellar degeneration,MeSH descriptor XML,Disease
paraneoplastic endocrine syndromes,MeSH descriptor XML,Disease
paraneoplastic polyneuropathy,MeSH descriptor XML,Disease
paraneoplastic syndromes,MeSH descriptor XML,Disease
"paraneoplastic syndromes, nervous system",MeSH descriptor XML,Disease
"paraneoplastic syndromes, ocular",MeSH descriptor XML,Disease
paraparesis,MeSH descriptor XML,Disease
"paraparesis, spastic",MeSH descriptor XML,Disease
"paraparesis, tropical spastic",MeSH descriptor XML,Disease
paraphimosis,MeSH descriptor XML,Disease
paraplegia,MeSH descriptor XML,Disease
paraproteinemias,MeSH descriptor XML,Disease
parapsoriasis,MeSH descriptor XML,Disease
parasitemia,MeSH descriptor XML,Disease
parasitic diseases,MeSH descriptor XML,Disease
"parasitic diseases, animal",MeSH descriptor XML,Disease
parasomnias,MeSH descriptor XML,Disease
parasystole,MeSH descriptor XML,Disease
parathyroid diseases,MeSH descriptor XML,Disease
parathyroid neoplasms,MeSH descriptor XML,Disease
paratuberculosis,MeSH descriptor XML,Disease
paratyphoid fever,MeSH descriptor XML,Disease
paresis,MeSH descriptor XML,Disease
paresthesia,MeSH descriptor XML,Disease
parkinson disease,MeSH descriptor XML,Disease
"parkinson disease, postencephalitic",MeSH descriptor XML,Disease
"parkinson disease, secondary",MeSH descriptor XML,Disease
parkinsonian disorders,MeSH descriptor XML,Disease
paronychia,MeSH descriptor XML,Disease
parotid diseases,MeSH descriptor XML,Disease
parotid neoplasms,MeSH descriptor XML,Disease
parotitis,MeSH descriptor XML,Disease
parovarian cyst,MeSH descriptor XML,Disease
paroxysmal hemicrania,MeSH descriptor XML,Disease
pars planitis,MeSH descriptor XML,Disease
parturient paresis,MeSH descriptor XML,Disease
parvoviridae infections,MeSH descriptor XML,Disease
pasteurella infections,MeSH descriptor XML,Disease
pasteurellaceae infections,MeSH descriptor XML,Disease
"pasteurellosis, pneumonic",MeSH descriptor XML,Disease
patella fracture,MeSH descriptor XML,Disease
patellar dislocation,MeSH descriptor XML,Disease
patellofemoral pain syndrome,MeSH descriptor XML,Disease
"pathological conditions, signs and symptoms",MeSH descriptor XML,Disease
patient-ventilator asynchrony,MeSH descriptor XML,Disease
peanut hypersensitivity,MeSH descriptor XML,Disease
pectus carinatum,MeSH descriptor XML,Disease
pediatric obesity,MeSH descriptor XML,Disease
pelger-huet anomaly,MeSH descriptor XML,Disease
peliosis hepatis,MeSH descriptor XML,Disease
pelizaeus-merzbacher disease,MeSH descriptor XML,Disease
pellagra,MeSH descriptor XML,Disease
pelvic floor disorders,MeSH descriptor XML,Disease
pelvic infection,MeSH descriptor XML,Disease
pelvic inflammatory disease,MeSH descriptor XML,Disease
pelvic neoplasms,MeSH descriptor XML,Disease
pemphigoid gestationis,MeSH descriptor XML,Disease
"pemphigoid, benign mucous membrane",MeSH descriptor XML,Disease
"pemphigoid, bullous",MeSH descriptor XML,Disease
pemphigus,MeSH descriptor XML,Disease
"pemphigus, benign familial",MeSH descriptor XML,Disease
penetrating atherosclerotic ulcer,MeSH descriptor XML,Disease
penile diseases,MeSH descriptor XML,Disease
penile induration,MeSH descriptor XML,Disease
penile neoplasms,MeSH descriptor XML,Disease
pentalogy of cantrell,MeSH descriptor XML,Disease
peptic ulcer,MeSH descriptor XML,Disease
peptic ulcer hemorrhage,MeSH descriptor XML,Disease
peptic ulcer perforation,MeSH descriptor XML,Disease
perceptual disorders,MeSH descriptor XML,Disease
peri-implantitis,MeSH descriptor XML,Disease
periapical abscess,MeSH descriptor XML,Disease
periapical diseases,MeSH descriptor XML,Disease
periapical granuloma,MeSH descriptor XML,Disease
periapical periodontitis,MeSH descriptor XML,Disease
periarthritis,MeSH descriptor XML,Disease
pericardial effusion,MeSH descriptor XML,Disease
pericarditis,MeSH descriptor XML,Disease
"pericarditis, constrictive",MeSH descriptor XML,Disease
"pericarditis, tuberculous",MeSH descriptor XML,Disease
pericoronitis,MeSH descriptor XML,Disease
perimeningeal infections,MeSH descriptor XML,Disease
perinatal death,MeSH descriptor XML,Disease
perinephritis,MeSH descriptor XML,Disease
periodontal abscess,MeSH descriptor XML,Disease
periodontal atrophy,MeSH descriptor XML,Disease
periodontal attachment loss,MeSH descriptor XML,Disease
periodontal cyst,MeSH descriptor XML,Disease
periodontal diseases,MeSH descriptor XML,Disease
periodontal pocket,MeSH descriptor XML,Disease
periodontitis,MeSH descriptor XML,Disease
periostitis,MeSH descriptor XML,Disease
peripartum cardiomyopathy,MeSH descriptor XML,Disease
peripheral arterial disease,MeSH descriptor XML,Disease
peripheral nerve injuries,MeSH descriptor XML,Disease
peripheral nervous system diseases,MeSH descriptor XML,Disease
peripheral nervous system neoplasms,MeSH descriptor XML,Disease
peripheral vascular diseases,MeSH descriptor XML,Disease
periprosthetic fractures,MeSH descriptor XML,Disease
peritoneal diseases,MeSH descriptor XML,Disease
peritoneal fibrosis,MeSH descriptor XML,Disease
peritoneal neoplasms,MeSH descriptor XML,Disease
peritonitis,MeSH descriptor XML,Disease
"peritonitis, tuberculous",MeSH descriptor XML,Disease
peritonsillar abscess,MeSH descriptor XML,Disease
perivascular epithelioid cell neoplasms,MeSH descriptor XML,Disease
periventricular nodular heterotopia,MeSH descriptor XML,Disease
peroneal neuropathies,MeSH descriptor XML,Disease
peroxisomal disorders,MeSH descriptor XML,Disease
persian gulf syndrome,MeSH descriptor XML,Disease
persistent fetal circulation syndrome,MeSH descriptor XML,Disease
persistent hyperplastic primary vitreous,MeSH descriptor XML,Disease
persistent infection,MeSH descriptor XML,Disease
persistent left superior vena cava,MeSH descriptor XML,Disease
persistent vegetative state,MeSH descriptor XML,Disease
peste-des-petits-ruminants,MeSH descriptor XML,Disease
pestivirus infections,MeSH descriptor XML,Disease
petrositis,MeSH descriptor XML,Disease
peutz-jeghers syndrome,MeSH descriptor XML,Disease
phaeohyphomycosis,MeSH descriptor XML,Disease
phagocyte bactericidal dysfunction,MeSH descriptor XML,Disease
phantom limb,MeSH descriptor XML,Disease
pharyngeal diseases,MeSH descriptor XML,Disease
pharyngeal neoplasms,MeSH descriptor XML,Disease
pharyngitis,MeSH descriptor XML,Disease
phencyclidine abuse,MeSH descriptor XML,Disease
"phenylketonuria, maternal",MeSH descriptor XML,Disease
phenylketonurias,MeSH descriptor XML,Disease
pheochromocytoma,MeSH descriptor XML,Disease
phimosis,MeSH descriptor XML,Disease
phlebitis,MeSH descriptor XML,Disease
phlebotomus fever,MeSH descriptor XML,Disease
phosphorus metabolism disorders,MeSH descriptor XML,Disease
photophobia,MeSH descriptor XML,Disease
photosensitivity disorders,MeSH descriptor XML,Disease
phyllodes tumor,MeSH descriptor XML,Disease
pick disease of the brain,MeSH descriptor XML,Disease
picornaviridae infections,MeSH descriptor XML,Disease
piebaldism,MeSH descriptor XML,Disease
piedra,MeSH descriptor XML,Disease
pierre robin syndrome,MeSH descriptor XML,Disease
pigmentation disorders,MeSH descriptor XML,Disease
pilomatrixoma,MeSH descriptor XML,Disease
pilonidal sinus,MeSH descriptor XML,Disease
pinealoma,MeSH descriptor XML,Disease
pinguecula,MeSH descriptor XML,Disease
pinta,MeSH descriptor XML,Disease
piriformis muscle syndrome,MeSH descriptor XML,Disease
piscirickettsiaceae infections,MeSH descriptor XML,Disease
pituitary acth hypersecretion,MeSH descriptor XML,Disease
pituitary apoplexy,MeSH descriptor XML,Disease
pituitary diseases,MeSH descriptor XML,Disease
pituitary neoplasms,MeSH descriptor XML,Disease
pityriasis,MeSH descriptor XML,Disease
pityriasis lichenoides,MeSH descriptor XML,Disease
pityriasis rosea,MeSH descriptor XML,Disease
pityriasis rubra pilaris,MeSH descriptor XML,Disease
placenta accreta,MeSH descriptor XML,Disease
placenta diseases,MeSH descriptor XML,Disease
placenta previa,MeSH descriptor XML,Disease
"placenta, retained",MeSH descriptor XML,Disease
placental insufficiency,MeSH descriptor XML,Disease
plagiocephaly,MeSH descriptor XML,Disease
"plagiocephaly, nonsynostotic",MeSH descriptor XML,Disease
plague,MeSH descriptor XML,Disease
plant poisoning,MeSH descriptor XML,Disease
"plasma cell granuloma, pulmonary",MeSH descriptor XML,Disease
plasmablastic lymphoma,MeSH descriptor XML,Disease
plasmacytoma,MeSH descriptor XML,Disease
platelet storage pool deficiency,MeSH descriptor XML,Disease
platybasia,MeSH descriptor XML,Disease
platypnea orthodeoxia syndrome,MeSH descriptor XML,Disease
pleural diseases,MeSH descriptor XML,Disease
pleural effusion,MeSH descriptor XML,Disease
"pleural effusion, malignant",MeSH descriptor XML,Disease
pleural neoplasms,MeSH descriptor XML,Disease
pleurisy,MeSH descriptor XML,Disease
"pleurodynia, epidemic",MeSH descriptor XML,Disease
pleuropneumonia,MeSH descriptor XML,Disease
"pleuropneumonia, contagious",MeSH descriptor XML,Disease
plummer-vinson syndrome,MeSH descriptor XML,Disease
pneumatosis cystoides intestinalis,MeSH descriptor XML,Disease
pneumocephalus,MeSH descriptor XML,Disease
pneumococcal infections,MeSH descriptor XML,Disease
pneumoconiosis,MeSH descriptor XML,Disease
pneumocystis infections,MeSH descriptor XML,Disease
pneumonia,MeSH descriptor XML,Disease
"pneumonia of calves, enzootic",MeSH descriptor XML,Disease
"pneumonia of swine, mycoplasmal",MeSH descriptor XML,Disease
"pneumonia, aspiration",MeSH descriptor XML,Disease
"pneumonia, atypical interstitial, of cattle",MeSH descriptor XML,Disease
"pneumonia, bacterial",MeSH descriptor XML,Disease
"pneumonia, lipid",MeSH descriptor XML,Disease
"pneumonia, mycoplasma",MeSH descriptor XML,Disease
"pneumonia, necrotizing",MeSH descriptor XML,Disease
"pneumonia, pneumococcal",MeSH descriptor XML,Disease
"pneumonia, pneumocystis",MeSH descriptor XML,Disease
"pneumonia, progressive interstitial, of sheep",MeSH descriptor XML,Disease
"pneumonia, rickettsial",MeSH descriptor XML,Disease
"pneumonia, staphylococcal",MeSH descriptor XML,Disease
"pneumonia, ventilator-associated",MeSH descriptor XML,Disease
"pneumonia, viral",MeSH descriptor XML,Disease
pneumopericardium,MeSH descriptor XML,Disease
pneumoperitoneum,MeSH descriptor XML,Disease
pneumorrhachis,MeSH descriptor XML,Disease
pneumothorax,MeSH descriptor XML,Disease
pneumovirus infections,MeSH descriptor XML,Disease
poems syndrome,MeSH descriptor XML,Disease
poisoning,MeSH descriptor XML,Disease
poland syndrome,MeSH descriptor XML,Disease
poliomyelitis,MeSH descriptor XML,Disease
"poliomyelitis, bulbar",MeSH descriptor XML,Disease
polyarteritis nodosa,MeSH descriptor XML,Disease
"polychondritis, relapsing",MeSH descriptor XML,Disease
polycystic kidney diseases,MeSH descriptor XML,Disease
"polycystic kidney, autosomal dominant",MeSH descriptor XML,Disease
"polycystic kidney, autosomal recessive",MeSH descriptor XML,Disease
polycystic ovary syndrome,MeSH descriptor XML,Disease
polycythemia,MeSH descriptor XML,Disease
polycythemia vera,MeSH descriptor XML,Disease
polydactyly,MeSH descriptor XML,Disease
"polyendocrinopathies, autoimmune",MeSH descriptor XML,Disease
polyhydramnios,MeSH descriptor XML,Disease
polymicrogyria,MeSH descriptor XML,Disease
polymorphic catecholaminergic ventricular tachycardia,MeSH descriptor XML,Disease
polymyalgia rheumatica,MeSH descriptor XML,Disease
polymyositis,MeSH descriptor XML,Disease
polyneuropathies,MeSH descriptor XML,Disease
polyomavirus infections,MeSH descriptor XML,Disease
polypoidal choroidal vasculopathy,MeSH descriptor XML,Disease
polyradiculoneuropathy,MeSH descriptor XML,Disease
"polyradiculoneuropathy, chronic inflammatory demyelinating",MeSH descriptor XML,Disease
polyradiculopathy,MeSH descriptor XML,Disease
polyuria,MeSH descriptor XML,Disease
popliteal artery aneurysm,MeSH descriptor XML,Disease
popliteal artery entrapment syndrome,MeSH descriptor XML,Disease
popliteal cyst,MeSH descriptor XML,Disease
porcine postweaning multisystemic wasting syndrome,MeSH descriptor XML,Disease
porcine reproductive and respiratory syndrome,MeSH descriptor XML,Disease
porencephaly,MeSH descriptor XML,Disease
porokeratosis,MeSH descriptor XML,Disease
poroma,MeSH descriptor XML,Disease
porphyria cutanea tarda,MeSH descriptor XML,Disease
"porphyria, acute intermittent",MeSH descriptor XML,Disease
"porphyria, erythropoietic",MeSH descriptor XML,Disease
"porphyria, hepatoerythropoietic",MeSH descriptor XML,Disease
"porphyria, variegate",MeSH descriptor XML,Disease
porphyrias,MeSH descriptor XML,Disease
"porphyrias, hepatic",MeSH descriptor XML,Disease
port-wine stain,MeSH descriptor XML,Disease
"positive-pressure respiration, intrinsic",MeSH descriptor XML,Disease
post-acute covid-19 syndrome,MeSH descriptor XML,Disease
post-cardiac arrest syndrome,MeSH descriptor XML,Disease
post-concussion syndrome,MeSH descriptor XML,Disease
post-dural puncture headache,MeSH descriptor XML,Disease
post-exercise hypotension,MeSH descriptor XML,Disease
post-lyme disease syndrome,MeSH descriptor XML,Disease
post-traumatic headache,MeSH descriptor XML,Disease
postcholecystectomy syndrome,MeSH descriptor XML,Disease
"posterior capsular rupture, ocular",MeSH descriptor XML,Disease
posterior cervical sympathetic syndrome,MeSH descriptor XML,Disease
posterior leukoencephalopathy syndrome,MeSH descriptor XML,Disease
posterior tibial tendon dysfunction,MeSH descriptor XML,Disease
postgastrectomy syndromes,MeSH descriptor XML,Disease
postpartum hemorrhage,MeSH descriptor XML,Disease
postpartum thyroiditis,MeSH descriptor XML,Disease
postpericardiotomy syndrome,MeSH descriptor XML,Disease
postphlebitic syndrome,MeSH descriptor XML,Disease
postpoliomyelitis syndrome,MeSH descriptor XML,Disease
postthrombotic syndrome,MeSH descriptor XML,Disease
postural orthostatic tachycardia syndrome,MeSH descriptor XML,Disease
potassium deficiency,MeSH descriptor XML,Disease
pott puffy tumor,MeSH descriptor XML,Disease
pouchitis,MeSH descriptor XML,Disease
poult enteritis mortality syndrome,MeSH descriptor XML,Disease
poultry diseases,MeSH descriptor XML,Disease
poxviridae infections,MeSH descriptor XML,Disease
prader-willi syndrome,MeSH descriptor XML,Disease
pre-eclampsia,MeSH descriptor XML,Disease
pre-excitation syndromes,MeSH descriptor XML,Disease
"pre-excitation, mahaim-type",MeSH descriptor XML,Disease
precancerous conditions,MeSH descriptor XML,Disease
preconception injuries,MeSH descriptor XML,Disease
precursor b-cell lymphoblastic leukemia-lymphoma,MeSH descriptor XML,Disease
precursor cell lymphoblastic leukemia-lymphoma,MeSH descriptor XML,Disease
precursor t-cell lymphoblastic leukemia-lymphoma,MeSH descriptor XML,Disease
prediabetic state,MeSH descriptor XML,Disease
pregnancy complications,MeSH descriptor XML,Disease
"pregnancy complications, cardiovascular",MeSH descriptor XML,Disease
"pregnancy complications, hematologic",MeSH descriptor XML,Disease
"pregnancy complications, infectious",MeSH descriptor XML,Disease
"pregnancy complications, neoplastic",MeSH descriptor XML,Disease
"pregnancy complications, parasitic",MeSH descriptor XML,Disease
pregnancy in diabetics,MeSH descriptor XML,Disease
pregnancy in obesity,MeSH descriptor XML,Disease
"pregnancy, abdominal",MeSH descriptor XML,Disease
"pregnancy, angular",MeSH descriptor XML,Disease
"pregnancy, cornual",MeSH descriptor XML,Disease
"pregnancy, ectopic",MeSH descriptor XML,Disease
"pregnancy, heterotopic",MeSH descriptor XML,Disease
"pregnancy, interstitial",MeSH descriptor XML,Disease
"pregnancy, ovarian",MeSH descriptor XML,Disease
"pregnancy, prolonged",MeSH descriptor XML,Disease
"pregnancy, tubal",MeSH descriptor XML,Disease
prehypertension,MeSH descriptor XML,Disease
preleukemia,MeSH descriptor XML,Disease
premature birth,MeSH descriptor XML,Disease
premature ejaculation,MeSH descriptor XML,Disease
prenatal exposure delayed effects,MeSH descriptor XML,Disease
prenatal injuries,MeSH descriptor XML,Disease
presbycusis,MeSH descriptor XML,Disease
presbyopia,MeSH descriptor XML,Disease
prescription drug misuse,MeSH descriptor XML,Disease
prescription drug overuse,MeSH descriptor XML,Disease
pressure ulcer,MeSH descriptor XML,Disease
priapism,MeSH descriptor XML,Disease
primary dysautonomias,MeSH descriptor XML,Disease
primary graft dysfunction,MeSH descriptor XML,Disease
primary immunodeficiency diseases,MeSH descriptor XML,Disease
primary myelofibrosis,MeSH descriptor XML,Disease
primary ovarian insufficiency,MeSH descriptor XML,Disease
primary progressive nonfluent aphasia,MeSH descriptor XML,Disease
primate diseases,MeSH descriptor XML,Disease
prion diseases,MeSH descriptor XML,Disease
proctitis,MeSH descriptor XML,Disease
proctocolitis,MeSH descriptor XML,Disease
progeria,MeSH descriptor XML,Disease
prognathism,MeSH descriptor XML,Disease
prolactinoma,MeSH descriptor XML,Disease
prolidase deficiency,MeSH descriptor XML,Disease
propionic acidemia,MeSH descriptor XML,Disease
propofol infusion syndrome,MeSH descriptor XML,Disease
prosopagnosia,MeSH descriptor XML,Disease
prostatic diseases,MeSH descriptor XML,Disease
prostatic hyperplasia,MeSH descriptor XML,Disease
prostatic intraepithelial neoplasia,MeSH descriptor XML,Disease
prostatic neoplasms,MeSH descriptor XML,Disease
"prostatic neoplasms, castration-resistant",MeSH descriptor XML,Disease
prostatitis,MeSH descriptor XML,Disease
prosthesis-related infections,MeSH descriptor XML,Disease
protein c deficiency,MeSH descriptor XML,Disease
protein deficiency,MeSH descriptor XML,Disease
protein s deficiency,MeSH descriptor XML,Disease
protein-energy malnutrition,MeSH descriptor XML,Disease
protein-losing enteropathies,MeSH descriptor XML,Disease
proteinuria,MeSH descriptor XML,Disease
proteostasis deficiencies,MeSH descriptor XML,Disease
proteus infections,MeSH descriptor XML,Disease
proteus syndrome,MeSH descriptor XML,Disease
"protoporphyria, erythropoietic",MeSH descriptor XML,Disease
protozoan infections,MeSH descriptor XML,Disease
"protozoan infections, animal",MeSH descriptor XML,Disease
proximal femoral fractures,MeSH descriptor XML,Disease
prune belly syndrome,MeSH descriptor XML,Disease
prurigo,MeSH descriptor XML,Disease
pruritus,MeSH descriptor XML,Disease
pruritus ani,MeSH descriptor XML,Disease
pruritus vulvae,MeSH descriptor XML,Disease
pseudarthrosis,MeSH descriptor XML,Disease
pseudobulbar palsy,MeSH descriptor XML,Disease
pseudohypoaldosteronism,MeSH descriptor XML,Disease
pseudohypoparathyroidism,MeSH descriptor XML,Disease
pseudolymphoma,MeSH descriptor XML,Disease
pseudomonas infections,MeSH descriptor XML,Disease
pseudomyxoma peritonei,MeSH descriptor XML,Disease
pseudopseudohypoparathyroidism,MeSH descriptor XML,Disease
pseudorabies,MeSH descriptor XML,Disease
pseudotumor cerebri,MeSH descriptor XML,Disease
pseudoxanthoma elasticum,MeSH descriptor XML,Disease
psittacosis,MeSH descriptor XML,Disease
psoas abscess,MeSH descriptor XML,Disease
psoriasis,MeSH descriptor XML,Disease
psychogenic nonepileptic seizures,MeSH descriptor XML,Disease
psychomotor agitation,MeSH descriptor XML,Disease
psychomotor disorders,MeSH descriptor XML,Disease
"psychoses, alcoholic",MeSH descriptor XML,Disease
"psychoses, substance-induced",MeSH descriptor XML,Disease
pterygium,MeSH descriptor XML,Disease
"puberty, delayed",MeSH descriptor XML,Disease
"puberty, precocious",MeSH descriptor XML,Disease
pubic symphysis diastasis,MeSH descriptor XML,Disease
pudendal neuralgia,MeSH descriptor XML,Disease
puerperal disorders,MeSH descriptor XML,Disease
puerperal infection,MeSH descriptor XML,Disease
"pulmonary adenomatosis, ovine",MeSH descriptor XML,Disease
pulmonary alveolar proteinosis,MeSH descriptor XML,Disease
pulmonary arterial hypertension,MeSH descriptor XML,Disease
pulmonary aspergillosis,MeSH descriptor XML,Disease
pulmonary atelectasis,MeSH descriptor XML,Disease
pulmonary atresia,MeSH descriptor XML,Disease
pulmonary blastoma,MeSH descriptor XML,Disease
"pulmonary disease, chronic obstructive",MeSH descriptor XML,Disease
pulmonary edema,MeSH descriptor XML,Disease
pulmonary embolism,MeSH descriptor XML,Disease
pulmonary emphysema,MeSH descriptor XML,Disease
pulmonary eosinophilia,MeSH descriptor XML,Disease
pulmonary fibrosis,MeSH descriptor XML,Disease
pulmonary heart disease,MeSH descriptor XML,Disease
pulmonary infarction,MeSH descriptor XML,Disease
pulmonary sclerosing hemangioma,MeSH descriptor XML,Disease
pulmonary subvalvular stenosis,MeSH descriptor XML,Disease
pulmonary valve insufficiency,MeSH descriptor XML,Disease
pulmonary valve stenosis,MeSH descriptor XML,Disease
pulmonary veno-occlusive disease,MeSH descriptor XML,Disease
pulpitis,MeSH descriptor XML,Disease
pupil disorders,MeSH descriptor XML,Disease
pure autonomic failure,MeSH descriptor XML,Disease
"purine-pyrimidine metabolism, inborn errors",MeSH descriptor XML,Disease
purpura,MeSH descriptor XML,Disease
purpura fulminans,MeSH descriptor XML,Disease
"purpura, hyperglobulinemic",MeSH descriptor XML,Disease
"purpura, thrombocytopenic",MeSH descriptor XML,Disease
"purpura, thrombocytopenic, idiopathic",MeSH descriptor XML,Disease
"purpura, thrombotic thrombocytopenic",MeSH descriptor XML,Disease
putaminal hemorrhage,MeSH descriptor XML,Disease
pycnodysostosis,MeSH descriptor XML,Disease
pyelectasis,MeSH descriptor XML,Disease
pyelitis,MeSH descriptor XML,Disease
pyelocystitis,MeSH descriptor XML,Disease
pyelonephritis,MeSH descriptor XML,Disease
"pyelonephritis, xanthogranulomatous",MeSH descriptor XML,Disease
pyloric stenosis,MeSH descriptor XML,Disease
"pyloric stenosis, hypertrophic",MeSH descriptor XML,Disease
pyoderma,MeSH descriptor XML,Disease
pyoderma gangrenosum,MeSH descriptor XML,Disease
pyometra,MeSH descriptor XML,Disease
pyomyositis,MeSH descriptor XML,Disease
pyonephrosis,MeSH descriptor XML,Disease
pyruvate carboxylase deficiency disease,MeSH descriptor XML,Disease
pyruvate dehydrogenase complex deficiency disease,MeSH descriptor XML,Disease
"pyruvate metabolism, inborn errors",MeSH descriptor XML,Disease
pythiosis,MeSH descriptor XML,Disease
pyuria,MeSH descriptor XML,Disease
q fever,MeSH descriptor XML,Disease
quadricuspid aortic valve,MeSH descriptor XML,Disease
quadriplegia,MeSH descriptor XML,Disease
rabies,MeSH descriptor XML,Disease
radial head and neck fractures,MeSH descriptor XML,Disease
radial neuropathy,MeSH descriptor XML,Disease
radiation fibrosis syndrome,MeSH descriptor XML,Disease
radiation injuries,MeSH descriptor XML,Disease
"radiation injuries, experimental",MeSH descriptor XML,Disease
radiation pneumonitis,MeSH descriptor XML,Disease
radicular cyst,MeSH descriptor XML,Disease
radiculopathy,MeSH descriptor XML,Disease
radiodermatitis,MeSH descriptor XML,Disease
radius fractures,MeSH descriptor XML,Disease
ranula,MeSH descriptor XML,Disease
rat-bite fever,MeSH descriptor XML,Disease
raynaud disease,MeSH descriptor XML,Disease
rectal diseases,MeSH descriptor XML,Disease
rectal fistula,MeSH descriptor XML,Disease
rectal neoplasms,MeSH descriptor XML,Disease
rectal prolapse,MeSH descriptor XML,Disease
rectocele,MeSH descriptor XML,Disease
rectovaginal fistula,MeSH descriptor XML,Disease
recurrent laryngeal nerve injuries,MeSH descriptor XML,Disease
"red-cell aplasia, pure",MeSH descriptor XML,Disease
refeeding syndrome,MeSH descriptor XML,Disease
reflex sympathetic dystrophy,MeSH descriptor XML,Disease
"reflex, abnormal",MeSH descriptor XML,Disease
refractive errors,MeSH descriptor XML,Disease
refsum disease,MeSH descriptor XML,Disease
"refsum disease, infantile",MeSH descriptor XML,Disease
reinjuries,MeSH descriptor XML,Disease
relapsing fever,MeSH descriptor XML,Disease
rem sleep behavior disorder,MeSH descriptor XML,Disease
rem sleep parasomnias,MeSH descriptor XML,Disease
renal aminoacidurias,MeSH descriptor XML,Disease
renal artery obstruction,MeSH descriptor XML,Disease
renal insufficiency,MeSH descriptor XML,Disease
"renal insufficiency, chronic",MeSH descriptor XML,Disease
renal nutcracker syndrome,MeSH descriptor XML,Disease
"renal tubular transport, inborn errors",MeSH descriptor XML,Disease
reoviridae infections,MeSH descriptor XML,Disease
reperfusion injury,MeSH descriptor XML,Disease
reproductive tract infections,MeSH descriptor XML,Disease
respiration disorders,MeSH descriptor XML,Disease
respiratory aspiration,MeSH descriptor XML,Disease
respiratory aspiration of gastric contents,MeSH descriptor XML,Disease
respiratory distress syndrome,MeSH descriptor XML,Disease
"respiratory distress syndrome, newborn",MeSH descriptor XML,Disease
respiratory hypersensitivity,MeSH descriptor XML,Disease
respiratory insufficiency,MeSH descriptor XML,Disease
respiratory paralysis,MeSH descriptor XML,Disease
respiratory syncytial virus infections,MeSH descriptor XML,Disease
respiratory system abnormalities,MeSH descriptor XML,Disease
respiratory tract diseases,MeSH descriptor XML,Disease
respiratory tract fistula,MeSH descriptor XML,Disease
respiratory tract infections,MeSH descriptor XML,Disease
respiratory tract neoplasms,MeSH descriptor XML,Disease
respirovirus infections,MeSH descriptor XML,Disease
restless legs syndrome,MeSH descriptor XML,Disease
"reticuloendotheliosis, avian",MeSH descriptor XML,Disease
retinal arterial macroaneurysm,MeSH descriptor XML,Disease
retinal artery occlusion,MeSH descriptor XML,Disease
retinal degeneration,MeSH descriptor XML,Disease
retinal detachment,MeSH descriptor XML,Disease
retinal diseases,MeSH descriptor XML,Disease
retinal drusen,MeSH descriptor XML,Disease
retinal dysplasia,MeSH descriptor XML,Disease
retinal dystrophies,MeSH descriptor XML,Disease
retinal hemorrhage,MeSH descriptor XML,Disease
"retinal necrosis syndrome, acute",MeSH descriptor XML,Disease
retinal neoplasms,MeSH descriptor XML,Disease
retinal neovascularization,MeSH descriptor XML,Disease
retinal perforations,MeSH descriptor XML,Disease
retinal telangiectasis,MeSH descriptor XML,Disease
retinal vasculitis,MeSH descriptor XML,Disease
retinal vein occlusion,MeSH descriptor XML,Disease
retinitis,MeSH descriptor XML,Disease
retinitis pigmentosa,MeSH descriptor XML,Disease
retinoblastoma,MeSH descriptor XML,Disease
retinopathy of prematurity,MeSH descriptor XML,Disease
retinoschisis,MeSH descriptor XML,Disease
retrobulbar hemorrhage,MeSH descriptor XML,Disease
retrocaval ureter,MeSH descriptor XML,Disease
retrocochlear diseases,MeSH descriptor XML,Disease
retrognathia,MeSH descriptor XML,Disease
retrograde ejaculation,MeSH descriptor XML,Disease
retroperitoneal neoplasms,MeSH descriptor XML,Disease
retropharyngeal abscess,MeSH descriptor XML,Disease
retropneumoperitoneum,MeSH descriptor XML,Disease
retroviridae infections,MeSH descriptor XML,Disease
rett syndrome,MeSH descriptor XML,Disease
reye syndrome,MeSH descriptor XML,Disease
rhabditida infections,MeSH descriptor XML,Disease
rhabdoid tumor,MeSH descriptor XML,Disease
rhabdomyolysis,MeSH descriptor XML,Disease
rhabdomyoma,MeSH descriptor XML,Disease
rhabdomyosarcoma,MeSH descriptor XML,Disease
"rhabdomyosarcoma, alveolar",MeSH descriptor XML,Disease
"rhabdomyosarcoma, embryonal",MeSH descriptor XML,Disease
rhabdoviridae infections,MeSH descriptor XML,Disease
rheumatic diseases,MeSH descriptor XML,Disease
rheumatic fever,MeSH descriptor XML,Disease
rheumatic heart disease,MeSH descriptor XML,Disease
rheumatic nodule,MeSH descriptor XML,Disease
rheumatoid nodule,MeSH descriptor XML,Disease
rheumatoid vasculitis,MeSH descriptor XML,Disease
rhinitis,MeSH descriptor XML,Disease
"rhinitis, allergic",MeSH descriptor XML,Disease
"rhinitis, allergic, perennial",MeSH descriptor XML,Disease
"rhinitis, allergic, seasonal",MeSH descriptor XML,Disease
"rhinitis, atrophic",MeSH descriptor XML,Disease
"rhinitis, vasomotor",MeSH descriptor XML,Disease
rhinophyma,MeSH descriptor XML,Disease
rhinoscleroma,MeSH descriptor XML,Disease
rhinosinusitis,MeSH descriptor XML,Disease
rhinosporidiosis,MeSH descriptor XML,Disease
rib fractures,MeSH descriptor XML,Disease
riboflavin deficiency,MeSH descriptor XML,Disease
rickets,MeSH descriptor XML,Disease
"rickets, hypophosphatemic",MeSH descriptor XML,Disease
rickettsia infections,MeSH descriptor XML,Disease
rickettsiaceae infections,MeSH descriptor XML,Disease
rift valley fever,MeSH descriptor XML,Disease
rinderpest,MeSH descriptor XML,Disease
rna virus infections,MeSH descriptor XML,Disease
rocky mountain spotted fever,MeSH descriptor XML,Disease
rodent diseases,MeSH descriptor XML,Disease
romano-ward syndrome,MeSH descriptor XML,Disease
root caries,MeSH descriptor XML,Disease
root resorption,MeSH descriptor XML,Disease
rosacea,MeSH descriptor XML,Disease
roseolovirus infections,MeSH descriptor XML,Disease
ross river virus infection,MeSH descriptor XML,Disease
rotator cuff injuries,MeSH descriptor XML,Disease
rotator cuff tear arthropathy,MeSH descriptor XML,Disease
rotavirus infections,MeSH descriptor XML,Disease
rothmund-thomson syndrome,MeSH descriptor XML,Disease
rubella,MeSH descriptor XML,Disease
"rubella syndrome, congenital",MeSH descriptor XML,Disease
rubinstein-taybi syndrome,MeSH descriptor XML,Disease
rubivirus infections,MeSH descriptor XML,Disease
rubulavirus infections,MeSH descriptor XML,Disease
rumination syndrome,MeSH descriptor XML,Disease
rupture,MeSH descriptor XML,Disease
sacroiliitis,MeSH descriptor XML,Disease
sagittal sinus thrombosis,MeSH descriptor XML,Disease
salivary calculi,MeSH descriptor XML,Disease
salivary duct calculi,MeSH descriptor XML,Disease
salivary gland calculi,MeSH descriptor XML,Disease
salivary gland diseases,MeSH descriptor XML,Disease
salivary gland fistula,MeSH descriptor XML,Disease
salivary gland neoplasms,MeSH descriptor XML,Disease
salmonella food poisoning,MeSH descriptor XML,Disease
salmonella infections,MeSH descriptor XML,Disease
"salmonella infections, animal",MeSH descriptor XML,Disease
salpingitis,MeSH descriptor XML,Disease
salter-harris fractures,MeSH descriptor XML,Disease
sandhoff disease,MeSH descriptor XML,Disease
sarcocystosis,MeSH descriptor XML,Disease
sarcoglycanopathies,MeSH descriptor XML,Disease
sarcoidosis,MeSH descriptor XML,Disease
"sarcoidosis, pulmonary",MeSH descriptor XML,Disease
sarcoma,MeSH descriptor XML,Disease
sarcoma 180,MeSH descriptor XML,Disease
sarcoma 37,MeSH descriptor XML,Disease
"sarcoma, alveolar soft part",MeSH descriptor XML,Disease
"sarcoma, avian",MeSH descriptor XML,Disease
"sarcoma, clear cell",MeSH descriptor XML,Disease
"sarcoma, endometrial stromal",MeSH descriptor XML,Disease
"sarcoma, ewing",MeSH descriptor XML,Disease
"sarcoma, experimental",MeSH descriptor XML,Disease
"sarcoma, kaposi",MeSH descriptor XML,Disease
"sarcoma, myeloid",MeSH descriptor XML,Disease
"sarcoma, small cell",MeSH descriptor XML,Disease
"sarcoma, synovial",MeSH descriptor XML,Disease
"sarcoma, yoshida",MeSH descriptor XML,Disease
sarcopenia,MeSH descriptor XML,Disease
scabies,MeSH descriptor XML,Disease
scalp dermatoses,MeSH descriptor XML,Disease
scarlet fever,MeSH descriptor XML,Disease
scheuermann disease,MeSH descriptor XML,Disease
schistosomiasis,MeSH descriptor XML,Disease
schistosomiasis haematobia,MeSH descriptor XML,Disease
schistosomiasis japonica,MeSH descriptor XML,Disease
schistosomiasis mansoni,MeSH descriptor XML,Disease
schizencephaly,MeSH descriptor XML,Disease
schnitzler syndrome,MeSH descriptor XML,Disease
sciatic neuropathy,MeSH descriptor XML,Disease
sciatica,MeSH descriptor XML,Disease
scimitar syndrome,MeSH descriptor XML,Disease
scleral diseases,MeSH descriptor XML,Disease
scleredema adultorum,MeSH descriptor XML,Disease
sclerema neonatorum,MeSH descriptor XML,Disease
scleritis,MeSH descriptor XML,Disease
"scleroderma, diffuse",MeSH descriptor XML,Disease
"scleroderma, limited",MeSH descriptor XML,Disease
"scleroderma, localized",MeSH descriptor XML,Disease
"scleroderma, systemic",MeSH descriptor XML,Disease
scleromyxedema,MeSH descriptor XML,Disease
scoliosis,MeSH descriptor XML,Disease
scorpion stings,MeSH descriptor XML,Disease
scotoma,MeSH descriptor XML,Disease
scrapie,MeSH descriptor XML,Disease
screw worm infection,MeSH descriptor XML,Disease
scrub typhus,MeSH descriptor XML,Disease
scurvy,MeSH descriptor XML,Disease
sea-blue histiocyte syndrome,MeSH descriptor XML,Disease
sebaceous gland diseases,MeSH descriptor XML,Disease
sebaceous gland neoplasms,MeSH descriptor XML,Disease
secernentea infections,MeSH descriptor XML,Disease
seizures,MeSH descriptor XML,Disease
"seizures, febrile",MeSH descriptor XML,Disease
self mutilation,MeSH descriptor XML,Disease
semicircular canal dehiscence,MeSH descriptor XML,Disease
seminoma,MeSH descriptor XML,Disease
sensation disorders,MeSH descriptor XML,Disease
sepsis,MeSH descriptor XML,Disease
sepsis-associated encephalopathy,MeSH descriptor XML,Disease
septate uterus,MeSH descriptor XML,Disease
septo-optic dysplasia,MeSH descriptor XML,Disease
serotonin syndrome,MeSH descriptor XML,Disease
serratia infections,MeSH descriptor XML,Disease
sertoli cell tumor,MeSH descriptor XML,Disease
sertoli cell-only syndrome,MeSH descriptor XML,Disease
sertoli-leydig cell tumor,MeSH descriptor XML,Disease
serum sickness,MeSH descriptor XML,Disease
setariasis,MeSH descriptor XML,Disease
severe acute malnutrition,MeSH descriptor XML,Disease
severe acute respiratory syndrome,MeSH descriptor XML,Disease
severe combined immunodeficiency,MeSH descriptor XML,Disease
severe dengue,MeSH descriptor XML,Disease
severe fever with thrombocytopenia syndrome,MeSH descriptor XML,Disease
sex chromosome disorders,MeSH descriptor XML,Disease
sex chromosome disorders of sex development,MeSH descriptor XML,Disease
sex cord-gonadal stromal tumors,MeSH descriptor XML,Disease
"sexual dysfunction, physiological",MeSH descriptor XML,Disease
sexual infantilism,MeSH descriptor XML,Disease
sexually transmitted diseases,MeSH descriptor XML,Disease
"sexually transmitted diseases, bacterial",MeSH descriptor XML,Disease
"sexually transmitted diseases, viral",MeSH descriptor XML,Disease
sezary syndrome,MeSH descriptor XML,Disease
shaken baby syndrome,MeSH descriptor XML,Disease
sheep diseases,MeSH descriptor XML,Disease
shellfish hypersensitivity,MeSH descriptor XML,Disease
shellfish poisoning,MeSH descriptor XML,Disease
"shock, cardiogenic",MeSH descriptor XML,Disease
"shock, septic",MeSH descriptor XML,Disease
"shock, traumatic",MeSH descriptor XML,Disease
short bowel syndrome,MeSH descriptor XML,Disease
short rib-polydactyly syndrome,MeSH descriptor XML,Disease
shoulder dislocation,MeSH descriptor XML,Disease
shoulder dystocia,MeSH descriptor XML,Disease
shoulder fractures,MeSH descriptor XML,Disease
shoulder impingement syndrome,MeSH descriptor XML,Disease
shoulder injuries,MeSH descriptor XML,Disease
shoulder pain,MeSH descriptor XML,Disease
shwachman-diamond syndrome,MeSH descriptor XML,Disease
shwartzman phenomenon,MeSH descriptor XML,Disease
shy-drager syndrome,MeSH descriptor XML,Disease
sialadenitis,MeSH descriptor XML,Disease
sialic acid storage disease,MeSH descriptor XML,Disease
"sialometaplasia, necrotizing",MeSH descriptor XML,Disease
sialorrhea,MeSH descriptor XML,Disease
sick building syndrome,MeSH descriptor XML,Disease
sick sinus syndrome,MeSH descriptor XML,Disease
sickle cell trait,MeSH descriptor XML,Disease
siderosis,MeSH descriptor XML,Disease
sigmoid diseases,MeSH descriptor XML,Disease
sigmoid neoplasms,MeSH descriptor XML,Disease
silicosis,MeSH descriptor XML,Disease
silicotuberculosis,MeSH descriptor XML,Disease
silo filler's disease,MeSH descriptor XML,Disease
silver-russell syndrome,MeSH descriptor XML,Disease
simian acquired immunodeficiency syndrome,MeSH descriptor XML,Disease
single umbilical artery,MeSH descriptor XML,Disease
sinistral portal hypertension,MeSH descriptor XML,Disease
sinoatrial block,MeSH descriptor XML,Disease
"sinus arrest, cardiac",MeSH descriptor XML,Disease
sinus pericranii,MeSH descriptor XML,Disease
"sinus thrombosis, intracranial",MeSH descriptor XML,Disease
sinusitis,MeSH descriptor XML,Disease
sister mary joseph's nodule,MeSH descriptor XML,Disease
situs inversus,MeSH descriptor XML,Disease
sjogren's syndrome,MeSH descriptor XML,Disease
sjogren-larsson syndrome,MeSH descriptor XML,Disease
skin abnormalities,MeSH descriptor XML,Disease
skin and connective tissue diseases,MeSH descriptor XML,Disease
skin diseases,MeSH descriptor XML,Disease
"skin diseases, bacterial",MeSH descriptor XML,Disease
"skin diseases, eczematous",MeSH descriptor XML,Disease
"skin diseases, genetic",MeSH descriptor XML,Disease
"skin diseases, infectious",MeSH descriptor XML,Disease
"skin diseases, metabolic",MeSH descriptor XML,Disease
"skin diseases, papulosquamous",MeSH descriptor XML,Disease
"skin diseases, parasitic",MeSH descriptor XML,Disease
"skin diseases, vascular",MeSH descriptor XML,Disease
"skin diseases, vesiculobullous",MeSH descriptor XML,Disease
"skin diseases, viral",MeSH descriptor XML,Disease
skin neoplasms,MeSH descriptor XML,Disease
skin ulcer,MeSH descriptor XML,Disease
skull base neoplasms,MeSH descriptor XML,Disease
"skull fracture, basilar",MeSH descriptor XML,Disease
"skull fracture, depressed",MeSH descriptor XML,Disease
skull fractures,MeSH descriptor XML,Disease
skull neoplasms,MeSH descriptor XML,Disease
sleep apnea syndromes,MeSH descriptor XML,Disease
"sleep apnea, central",MeSH descriptor XML,Disease
"sleep apnea, obstructive",MeSH descriptor XML,Disease
sleep arousal disorders,MeSH descriptor XML,Disease
sleep bruxism,MeSH descriptor XML,Disease
sleep deprivation,MeSH descriptor XML,Disease
"sleep disorders, circadian rhythm",MeSH descriptor XML,Disease
"sleep disorders, intrinsic",MeSH descriptor XML,Disease
sleep initiation and maintenance disorders,MeSH descriptor XML,Disease
sleep paralysis,MeSH descriptor XML,Disease
sleep wake disorders,MeSH descriptor XML,Disease
sleep-wake transition disorders,MeSH descriptor XML,Disease
slipped capital femoral epiphyses,MeSH descriptor XML,Disease
slow virus diseases,MeSH descriptor XML,Disease
small cell lung carcinoma,MeSH descriptor XML,Disease
small fiber neuropathy,MeSH descriptor XML,Disease
smallpox,MeSH descriptor XML,Disease
smear layer,MeSH descriptor XML,Disease
smith-lemli-opitz syndrome,MeSH descriptor XML,Disease
smith-magenis syndrome,MeSH descriptor XML,Disease
smoke inhalation injury,MeSH descriptor XML,Disease
smoldering multiple myeloma,MeSH descriptor XML,Disease
smooth muscle tumor,MeSH descriptor XML,Disease
snake bites,MeSH descriptor XML,Disease
sneddon syndrome,MeSH descriptor XML,Disease
soft tissue infections,MeSH descriptor XML,Disease
soft tissue injuries,MeSH descriptor XML,Disease
soft tissue neoplasms,MeSH descriptor XML,Disease
"solitary fibrous tumor, pleural",MeSH descriptor XML,Disease
solitary fibrous tumors,MeSH descriptor XML,Disease
solitary kidney,MeSH descriptor XML,Disease
solitary pulmonary nodule,MeSH descriptor XML,Disease
somatosensory disorders,MeSH descriptor XML,Disease
somatostatinoma,MeSH descriptor XML,Disease
somnambulism,MeSH descriptor XML,Disease
sotos syndrome,MeSH descriptor XML,Disease
sparganosis,MeSH descriptor XML,Disease
spasm,MeSH descriptor XML,Disease
"spasms, infantile",MeSH descriptor XML,Disease
"spastic paraplegia, hereditary",MeSH descriptor XML,Disease
specific language disorder,MeSH descriptor XML,Disease
specific learning disorder,MeSH descriptor XML,Disease
speech disorders,MeSH descriptor XML,Disease
spermatic cord torsion,MeSH descriptor XML,Disease
spermatocele,MeSH descriptor XML,Disease
sphenoid sinusitis,MeSH descriptor XML,Disease
"spherocytosis, hereditary",MeSH descriptor XML,Disease
sphincter of oddi dysfunction,MeSH descriptor XML,Disease
sphingolipidoses,MeSH descriptor XML,Disease
spider bites,MeSH descriptor XML,Disease
spina bifida cystica,MeSH descriptor XML,Disease
spina bifida occulta,MeSH descriptor XML,Disease
spinal cord compression,MeSH descriptor XML,Disease
spinal cord diseases,MeSH descriptor XML,Disease
spinal cord injuries,MeSH descriptor XML,Disease
spinal cord ischemia,MeSH descriptor XML,Disease
spinal cord neoplasms,MeSH descriptor XML,Disease
spinal cord vascular diseases,MeSH descriptor XML,Disease
spinal curvatures,MeSH descriptor XML,Disease
spinal diseases,MeSH descriptor XML,Disease
spinal dysraphism,MeSH descriptor XML,Disease
spinal fractures,MeSH descriptor XML,Disease
spinal injuries,MeSH descriptor XML,Disease
spinal muscular atrophies of childhood,MeSH descriptor XML,Disease
spinal neoplasms,MeSH descriptor XML,Disease
spinal osteochondrosis,MeSH descriptor XML,Disease
spinal osteophytosis,MeSH descriptor XML,Disease
spinal stenosis,MeSH descriptor XML,Disease
spinocerebellar ataxias,MeSH descriptor XML,Disease
spinocerebellar degenerations,MeSH descriptor XML,Disease
spirochaetales infections,MeSH descriptor XML,Disease
spirurida infections,MeSH descriptor XML,Disease
splenic diseases,MeSH descriptor XML,Disease
splenic infarction,MeSH descriptor XML,Disease
splenic neoplasms,MeSH descriptor XML,Disease
splenic rupture,MeSH descriptor XML,Disease
splenosis,MeSH descriptor XML,Disease
spondylarthritis,MeSH descriptor XML,Disease
spondylarthropathies,MeSH descriptor XML,Disease
spondylitis,MeSH descriptor XML,Disease
"spondylitis, ankylosing",MeSH descriptor XML,Disease
spondylolisthesis,MeSH descriptor XML,Disease
spondylolysis,MeSH descriptor XML,Disease
spondylosis,MeSH descriptor XML,Disease
sporotrichosis,MeSH descriptor XML,Disease
spotted fever group rickettsiosis,MeSH descriptor XML,Disease
sprains and strains,MeSH descriptor XML,Disease
"sprue, tropical",MeSH descriptor XML,Disease
squamous cell carcinoma of head and neck,MeSH descriptor XML,Disease
squamous intraepithelial lesions of the cervix,MeSH descriptor XML,Disease
st elevation myocardial infarction,MeSH descriptor XML,Disease
staghorn calculi,MeSH descriptor XML,Disease
staphylococcal food poisoning,MeSH descriptor XML,Disease
staphylococcal infections,MeSH descriptor XML,Disease
staphylococcal scalded skin syndrome,MeSH descriptor XML,Disease
staphylococcal skin infections,MeSH descriptor XML,Disease
stargardt disease,MeSH descriptor XML,Disease
starvation,MeSH descriptor XML,Disease
status asthmaticus,MeSH descriptor XML,Disease
status epilepticus,MeSH descriptor XML,Disease
steatitis,MeSH descriptor XML,Disease
steatocystoma multiplex,MeSH descriptor XML,Disease
steatorrhea,MeSH descriptor XML,Disease
"stenosis, pulmonary artery",MeSH descriptor XML,Disease
"stenosis, pulmonary vein",MeSH descriptor XML,Disease
"steroid metabolism, inborn errors",MeSH descriptor XML,Disease
stevens-johnson syndrome,MeSH descriptor XML,Disease
stiff-person syndrome,MeSH descriptor XML,Disease
"still's disease, adult-onset",MeSH descriptor XML,Disease
stillbirth,MeSH descriptor XML,Disease
stomach diseases,MeSH descriptor XML,Disease
stomach neoplasms,MeSH descriptor XML,Disease
stomach rupture,MeSH descriptor XML,Disease
stomach ulcer,MeSH descriptor XML,Disease
stomach volvulus,MeSH descriptor XML,Disease
stomatitis,MeSH descriptor XML,Disease
"stomatitis, aphthous",MeSH descriptor XML,Disease
"stomatitis, denture",MeSH descriptor XML,Disease
"stomatitis, herpetic",MeSH descriptor XML,Disease
stomatognathic diseases,MeSH descriptor XML,Disease
stomatognathic system abnormalities,MeSH descriptor XML,Disease
strabismus,MeSH descriptor XML,Disease
streptococcal infections,MeSH descriptor XML,Disease
striatonigral degeneration,MeSH descriptor XML,Disease
stroke,MeSH descriptor XML,Disease
"stroke, lacunar",MeSH descriptor XML,Disease
"strongyle infections, equine",MeSH descriptor XML,Disease
strongylida infections,MeSH descriptor XML,Disease
strongyloidiasis,MeSH descriptor XML,Disease
struma ovarii,MeSH descriptor XML,Disease
stupor,MeSH descriptor XML,Disease
sturge-weber syndrome,MeSH descriptor XML,Disease
stuttering,MeSH descriptor XML,Disease
subacute combined degeneration,MeSH descriptor XML,Disease
subacute sclerosing panencephalitis,MeSH descriptor XML,Disease
subarachnoid hemorrhage,MeSH descriptor XML,Disease
"subarachnoid hemorrhage, traumatic",MeSH descriptor XML,Disease
subclavian steal syndrome,MeSH descriptor XML,Disease
subdural effusion,MeSH descriptor XML,Disease
sublingual gland neoplasms,MeSH descriptor XML,Disease
submandibular gland diseases,MeSH descriptor XML,Disease
submandibular gland neoplasms,MeSH descriptor XML,Disease
subphrenic abscess,MeSH descriptor XML,Disease
"substance abuse, intravenous",MeSH descriptor XML,Disease
"substance abuse, oral",MeSH descriptor XML,Disease
substance withdrawal syndrome,MeSH descriptor XML,Disease
substance-related disorders,MeSH descriptor XML,Disease
sudden unexpected death in epilepsy,MeSH descriptor XML,Disease
sulfatidosis,MeSH descriptor XML,Disease
sulfhemoglobinemia,MeSH descriptor XML,Disease
sunburn,MeSH descriptor XML,Disease
sunct syndrome,MeSH descriptor XML,Disease
sunstroke,MeSH descriptor XML,Disease
superinfection,MeSH descriptor XML,Disease
superior mesenteric artery syndrome,MeSH descriptor XML,Disease
superior vena cava syndrome,MeSH descriptor XML,Disease
suppuration,MeSH descriptor XML,Disease
supraglottitis,MeSH descriptor XML,Disease
"supranuclear palsy, progressive",MeSH descriptor XML,Disease
supratentorial neoplasms,MeSH descriptor XML,Disease
surgical wound,MeSH descriptor XML,Disease
surgical wound infection,MeSH descriptor XML,Disease
susac syndrome,MeSH descriptor XML,Disease
swayback,MeSH descriptor XML,Disease
sweat gland diseases,MeSH descriptor XML,Disease
sweat gland neoplasms,MeSH descriptor XML,Disease
"sweating, gustatory",MeSH descriptor XML,Disease
sweet syndrome,MeSH descriptor XML,Disease
swine diseases,MeSH descriptor XML,Disease
swine erysipelas,MeSH descriptor XML,Disease
swine vesicular disease,MeSH descriptor XML,Disease
syncope,MeSH descriptor XML,Disease
"syncope, vasovagal",MeSH descriptor XML,Disease
syndactyly,MeSH descriptor XML,Disease
synesthesia,MeSH descriptor XML,Disease
synkinesis,MeSH descriptor XML,Disease
synostosis,MeSH descriptor XML,Disease
synovial cyst,MeSH descriptor XML,Disease
synovitis,MeSH descriptor XML,Disease
"synovitis, pigmented villonodular",MeSH descriptor XML,Disease
synucleinopathies,MeSH descriptor XML,Disease
syphilis,MeSH descriptor XML,Disease
"syphilis, cardiovascular",MeSH descriptor XML,Disease
"syphilis, congenital",MeSH descriptor XML,Disease
"syphilis, cutaneous",MeSH descriptor XML,Disease
"syphilis, latent",MeSH descriptor XML,Disease
syringoma,MeSH descriptor XML,Disease
syringomyelia,MeSH descriptor XML,Disease
systemic vasculitis,MeSH descriptor XML,Disease
"t-lymphocytopenia, idiopathic cd4-positive",MeSH descriptor XML,Disease
tabes dorsalis,MeSH descriptor XML,Disease
tachycardia,MeSH descriptor XML,Disease
"tachycardia, atrioventricular nodal reentry",MeSH descriptor XML,Disease
"tachycardia, ectopic atrial",MeSH descriptor XML,Disease
"tachycardia, ectopic junctional",MeSH descriptor XML,Disease
"tachycardia, paroxysmal",MeSH descriptor XML,Disease
"tachycardia, reciprocating",MeSH descriptor XML,Disease
"tachycardia, sinoatrial nodal reentry",MeSH descriptor XML,Disease
"tachycardia, sinus",MeSH descriptor XML,Disease
"tachycardia, supraventricular",MeSH descriptor XML,Disease
"tachycardia, ventricular",MeSH descriptor XML,Disease
tachypnea,MeSH descriptor XML,Disease
taeniasis,MeSH descriptor XML,Disease
takayasu arteritis,MeSH descriptor XML,Disease
takotsubo cardiomyopathy,MeSH descriptor XML,Disease
talipes,MeSH descriptor XML,Disease
talipes cavus,MeSH descriptor XML,Disease
tangier disease,MeSH descriptor XML,Disease
tardive dyskinesia,MeSH descriptor XML,Disease
tarlov cysts,MeSH descriptor XML,Disease
tarsal coalition,MeSH descriptor XML,Disease
tarsal tunnel syndrome,MeSH descriptor XML,Disease
taste disorders,MeSH descriptor XML,Disease
tauopathies,MeSH descriptor XML,Disease
tay-sachs disease,MeSH descriptor XML,Disease
"tay-sachs disease, ab variant",MeSH descriptor XML,Disease
tdp-43 proteinopathies,MeSH descriptor XML,Disease
"telangiectasia, hereditary hemorrhagic",MeSH descriptor XML,Disease
telangiectasis,MeSH descriptor XML,Disease
temporomandibular joint disorders,MeSH descriptor XML,Disease
temporomandibular joint dysfunction syndrome,MeSH descriptor XML,Disease
tendinopathy,MeSH descriptor XML,Disease
tendon entrapment,MeSH descriptor XML,Disease
tendon injuries,MeSH descriptor XML,Disease
tennis elbow,MeSH descriptor XML,Disease
tenosynovitis,MeSH descriptor XML,Disease
tension-type headache,MeSH descriptor XML,Disease
teratocarcinoma,MeSH descriptor XML,Disease
teratoma,MeSH descriptor XML,Disease
teratozoospermia,MeSH descriptor XML,Disease
testicular diseases,MeSH descriptor XML,Disease
testicular hydrocele,MeSH descriptor XML,Disease
testicular neoplasms,MeSH descriptor XML,Disease
tetanus,MeSH descriptor XML,Disease
tetany,MeSH descriptor XML,Disease
tetralogy of fallot,MeSH descriptor XML,Disease
thalamic diseases,MeSH descriptor XML,Disease
thalassemia,MeSH descriptor XML,Disease
thanatophoric dysplasia,MeSH descriptor XML,Disease
thecoma,MeSH descriptor XML,Disease
theileriasis,MeSH descriptor XML,Disease
thiamine deficiency,MeSH descriptor XML,Disease
thoracic diseases,MeSH descriptor XML,Disease
thoracic injuries,MeSH descriptor XML,Disease
thoracic neoplasms,MeSH descriptor XML,Disease
thoracic outlet syndrome,MeSH descriptor XML,Disease
thrombasthenia,MeSH descriptor XML,Disease
thromboangiitis obliterans,MeSH descriptor XML,Disease
"thrombocythemia, essential",MeSH descriptor XML,Disease
thrombocytopenia,MeSH descriptor XML,Disease
"thrombocytopenia, neonatal alloimmune",MeSH descriptor XML,Disease
thrombocytosis,MeSH descriptor XML,Disease
thromboembolism,MeSH descriptor XML,Disease
thromboinflammation,MeSH descriptor XML,Disease
thrombophilia,MeSH descriptor XML,Disease
thrombophlebitis,MeSH descriptor XML,Disease
thrombosis,MeSH descriptor XML,Disease
thrombotic microangiopathies,MeSH descriptor XML,Disease
thrombotic stroke,MeSH descriptor XML,Disease
thymoma,MeSH descriptor XML,Disease
thymus hyperplasia,MeSH descriptor XML,Disease
thymus neoplasms,MeSH descriptor XML,Disease
thyroglossal cyst,MeSH descriptor XML,Disease
"thyroid cancer, papillary",MeSH descriptor XML,Disease
"thyroid carcinoma, anaplastic",MeSH descriptor XML,Disease
thyroid crisis,MeSH descriptor XML,Disease
thyroid diseases,MeSH descriptor XML,Disease
thyroid dysgenesis,MeSH descriptor XML,Disease
thyroid hormone resistance syndrome,MeSH descriptor XML,Disease
thyroid neoplasms,MeSH descriptor XML,Disease
thyroid nodule,MeSH descriptor XML,Disease
thyroiditis,MeSH descriptor XML,Disease
"thyroiditis, autoimmune",MeSH descriptor XML,Disease
"thyroiditis, subacute",MeSH descriptor XML,Disease
"thyroiditis, suppurative",MeSH descriptor XML,Disease
thyrotoxicosis,MeSH descriptor XML,Disease
tibial fractures,MeSH descriptor XML,Disease
tibial meniscus injuries,MeSH descriptor XML,Disease
tibial neuropathy,MeSH descriptor XML,Disease
tibial plateau fractures,MeSH descriptor XML,Disease
tic disorders,MeSH descriptor XML,Disease
tick bites,MeSH descriptor XML,Disease
tick infestations,MeSH descriptor XML,Disease
tick paralysis,MeSH descriptor XML,Disease
tick toxicoses,MeSH descriptor XML,Disease
tick-borne diseases,MeSH descriptor XML,Disease
tics,MeSH descriptor XML,Disease
tietze's syndrome,MeSH descriptor XML,Disease
tinea,MeSH descriptor XML,Disease
tinea capitis,MeSH descriptor XML,Disease
tinea cruris,MeSH descriptor XML,Disease
tinea favosa,MeSH descriptor XML,Disease
tinea pedis,MeSH descriptor XML,Disease
tinea versicolor,MeSH descriptor XML,Disease
tinnitus,MeSH descriptor XML,Disease
tobacco use disorder,MeSH descriptor XML,Disease
togaviridae infections,MeSH descriptor XML,Disease
tolosa-hunt syndrome,MeSH descriptor XML,Disease
tongue diseases,MeSH descriptor XML,Disease
tongue neoplasms,MeSH descriptor XML,Disease
"tongue, fissured",MeSH descriptor XML,Disease
"tongue, hairy",MeSH descriptor XML,Disease
tonic pupil,MeSH descriptor XML,Disease
tonsillar neoplasms,MeSH descriptor XML,Disease
tonsillitis,MeSH descriptor XML,Disease
tooth abnormalities,MeSH descriptor XML,Disease
tooth abrasion,MeSH descriptor XML,Disease
tooth ankylosis,MeSH descriptor XML,Disease
tooth attrition,MeSH descriptor XML,Disease
tooth avulsion,MeSH descriptor XML,Disease
tooth demineralization,MeSH descriptor XML,Disease
tooth discoloration,MeSH descriptor XML,Disease
tooth diseases,MeSH descriptor XML,Disease
tooth erosion,MeSH descriptor XML,Disease
"tooth eruption, ectopic",MeSH descriptor XML,Disease
tooth fractures,MeSH descriptor XML,Disease
tooth injuries,MeSH descriptor XML,Disease
tooth loss,MeSH descriptor XML,Disease
tooth migration,MeSH descriptor XML,Disease
tooth mobility,MeSH descriptor XML,Disease
tooth resorption,MeSH descriptor XML,Disease
tooth wear,MeSH descriptor XML,Disease
"tooth, impacted",MeSH descriptor XML,Disease
"tooth, nonvital",MeSH descriptor XML,Disease
"tooth, supernumerary",MeSH descriptor XML,Disease
"tooth, unerupted",MeSH descriptor XML,Disease
toothache,MeSH descriptor XML,Disease
torovirus infections,MeSH descriptor XML,Disease
torsades de pointes,MeSH descriptor XML,Disease
tourette syndrome,MeSH descriptor XML,Disease
toxascariasis,MeSH descriptor XML,Disease
toxemia,MeSH descriptor XML,Disease
toxic optic neuropathy,MeSH descriptor XML,Disease
toxocariasis,MeSH descriptor XML,Disease
toxoplasmosis,MeSH descriptor XML,Disease
"toxoplasmosis, animal",MeSH descriptor XML,Disease
"toxoplasmosis, cerebral",MeSH descriptor XML,Disease
"toxoplasmosis, congenital",MeSH descriptor XML,Disease
"toxoplasmosis, ocular",MeSH descriptor XML,Disease
tracheal diseases,MeSH descriptor XML,Disease
tracheal neoplasms,MeSH descriptor XML,Disease
tracheal stenosis,MeSH descriptor XML,Disease
tracheitis,MeSH descriptor XML,Disease
tracheobronchomalacia,MeSH descriptor XML,Disease
tracheobronchomegaly,MeSH descriptor XML,Disease
tracheoesophageal fistula,MeSH descriptor XML,Disease
tracheomalacia,MeSH descriptor XML,Disease
trachoma,MeSH descriptor XML,Disease
transfusion reaction,MeSH descriptor XML,Disease
transfusion-related acute lung injury,MeSH descriptor XML,Disease
transient tachypnea of the newborn,MeSH descriptor XML,Disease
transposition of great vessels,MeSH descriptor XML,Disease
"trauma, nervous system",MeSH descriptor XML,Disease
trematode infections,MeSH descriptor XML,Disease
tremor,MeSH descriptor XML,Disease
trench fever,MeSH descriptor XML,Disease
treponemal infections,MeSH descriptor XML,Disease
trichiasis,MeSH descriptor XML,Disease
trichinellosis,MeSH descriptor XML,Disease
trichomonas infections,MeSH descriptor XML,Disease
trichomonas vaginitis,MeSH descriptor XML,Disease
trichosporonosis,MeSH descriptor XML,Disease
trichostrongyloidiasis,MeSH descriptor XML,Disease
trichostrongylosis,MeSH descriptor XML,Disease
trichothiodystrophy syndromes,MeSH descriptor XML,Disease
trichuriasis,MeSH descriptor XML,Disease
tricuspid atresia,MeSH descriptor XML,Disease
tricuspid valve insufficiency,MeSH descriptor XML,Disease
tricuspid valve prolapse,MeSH descriptor XML,Disease
tricuspid valve stenosis,MeSH descriptor XML,Disease
trigeminal autonomic cephalalgias,MeSH descriptor XML,Disease
trigeminal nerve diseases,MeSH descriptor XML,Disease
trigeminal nerve injuries,MeSH descriptor XML,Disease
trigeminal neuralgia,MeSH descriptor XML,Disease
trigger finger disorder,MeSH descriptor XML,Disease
trilogy of fallot,MeSH descriptor XML,Disease
triple negative breast neoplasms,MeSH descriptor XML,Disease
trismus,MeSH descriptor XML,Disease
trisomy 13 syndrome,MeSH descriptor XML,Disease
trisomy 18 syndrome,MeSH descriptor XML,Disease
trochlear nerve diseases,MeSH descriptor XML,Disease
trochlear nerve injuries,MeSH descriptor XML,Disease
trombiculiasis,MeSH descriptor XML,Disease
trophoblastic neoplasms,MeSH descriptor XML,Disease
"trophoblastic tumor, placental site",MeSH descriptor XML,Disease
"truncus arteriosus, persistent",MeSH descriptor XML,Disease
trypanosomiasis,MeSH descriptor XML,Disease
"trypanosomiasis, african",MeSH descriptor XML,Disease
"trypanosomiasis, bovine",MeSH descriptor XML,Disease
tuberculoma,MeSH descriptor XML,Disease
"tuberculoma, intracranial",MeSH descriptor XML,Disease
tuberculosis,MeSH descriptor XML,Disease
"tuberculosis, avian",MeSH descriptor XML,Disease
"tuberculosis, bovine",MeSH descriptor XML,Disease
"tuberculosis, cardiovascular",MeSH descriptor XML,Disease
"tuberculosis, central nervous system",MeSH descriptor XML,Disease
"tuberculosis, cutaneous",MeSH descriptor XML,Disease
"tuberculosis, endocrine",MeSH descriptor XML,Disease
"tuberculosis, extrapulmonary",MeSH descriptor XML,Disease
"tuberculosis, female genital",MeSH descriptor XML,Disease
"tuberculosis, gastrointestinal",MeSH descriptor XML,Disease
"tuberculosis, hepatic",MeSH descriptor XML,Disease
"tuberculosis, laryngeal",MeSH descriptor XML,Disease
"tuberculosis, lymph node",MeSH descriptor XML,Disease
"tuberculosis, male genital",MeSH descriptor XML,Disease
"tuberculosis, meningeal",MeSH descriptor XML,Disease
"tuberculosis, miliary",MeSH descriptor XML,Disease
"tuberculosis, multidrug-resistant",MeSH descriptor XML,Disease
"tuberculosis, ocular",MeSH descriptor XML,Disease
"tuberculosis, oral",MeSH descriptor XML,Disease
"tuberculosis, osteoarticular",MeSH descriptor XML,Disease
"tuberculosis, pleural",MeSH descriptor XML,Disease
"tuberculosis, pulmonary",MeSH descriptor XML,Disease
"tuberculosis, renal",MeSH descriptor XML,Disease
"tuberculosis, spinal",MeSH descriptor XML,Disease
"tuberculosis, splenic",MeSH descriptor XML,Disease
"tuberculosis, urogenital",MeSH descriptor XML,Disease
tuberous sclerosis,MeSH descriptor XML,Disease
tubular sweat gland adenomas,MeSH descriptor XML,Disease
tularemia,MeSH descriptor XML,Disease
tumor lysis syndrome,MeSH descriptor XML,Disease
tumor virus infections,MeSH descriptor XML,Disease
tungiasis,MeSH descriptor XML,Disease
turner syndrome,MeSH descriptor XML,Disease
"twins, conjoined",MeSH descriptor XML,Disease
tympanic membrane perforation,MeSH descriptor XML,Disease
tympanosclerosis,MeSH descriptor XML,Disease
typhlitis,MeSH descriptor XML,Disease
typhoid fever,MeSH descriptor XML,Disease
"typhus, endemic flea-borne",MeSH descriptor XML,Disease
"typhus, epidemic louse-borne",MeSH descriptor XML,Disease
tyrosinemias,MeSH descriptor XML,Disease
ulna fractures,MeSH descriptor XML,Disease
ulnar nerve compression syndromes,MeSH descriptor XML,Disease
ulnar neuropathies,MeSH descriptor XML,Disease
unconsciousness,MeSH descriptor XML,Disease
undifferentiated connective tissue diseases,MeSH descriptor XML,Disease
unilateral breast neoplasms,MeSH descriptor XML,Disease
univentricular heart,MeSH descriptor XML,Disease
unverricht-lundborg syndrome,MeSH descriptor XML,Disease
upper extremity deep vein thrombosis,MeSH descriptor XML,Disease
"upper extremity deformities, congenital",MeSH descriptor XML,Disease
urachal cyst,MeSH descriptor XML,Disease
"urea cycle disorders, inborn",MeSH descriptor XML,Disease
ureaplasma infections,MeSH descriptor XML,Disease
uremia,MeSH descriptor XML,Disease
ureteral calculi,MeSH descriptor XML,Disease
ureteral diseases,MeSH descriptor XML,Disease
ureteral neoplasms,MeSH descriptor XML,Disease
ureteral obstruction,MeSH descriptor XML,Disease
ureterocele,MeSH descriptor XML,Disease
ureterolithiasis,MeSH descriptor XML,Disease
urethral diseases,MeSH descriptor XML,Disease
urethral neoplasms,MeSH descriptor XML,Disease
urethral obstruction,MeSH descriptor XML,Disease
urethral stricture,MeSH descriptor XML,Disease
urethritis,MeSH descriptor XML,Disease
urinary bladder calculi,MeSH descriptor XML,Disease
urinary bladder diseases,MeSH descriptor XML,Disease
urinary bladder fistula,MeSH descriptor XML,Disease
urinary bladder neck obstruction,MeSH descriptor XML,Disease
urinary bladder neoplasms,MeSH descriptor XML,Disease
"urinary bladder, neurogenic",MeSH descriptor XML,Disease
"urinary bladder, overactive",MeSH descriptor XML,Disease
"urinary bladder, underactive",MeSH descriptor XML,Disease
urinary calculi,MeSH descriptor XML,Disease
urinary fistula,MeSH descriptor XML,Disease
urinary incontinence,MeSH descriptor XML,Disease
"urinary incontinence, stress",MeSH descriptor XML,Disease
"urinary incontinence, urge",MeSH descriptor XML,Disease
urinary retention,MeSH descriptor XML,Disease
urinary tract infections,MeSH descriptor XML,Disease
urination disorders,MeSH descriptor XML,Disease
urogenital abnormalities,MeSH descriptor XML,Disease
urogenital diseases,MeSH descriptor XML,Disease
urogenital neoplasms,MeSH descriptor XML,Disease
urolithiasis,MeSH descriptor XML,Disease
urologic diseases,MeSH descriptor XML,Disease
urologic neoplasms,MeSH descriptor XML,Disease
urticaria,MeSH descriptor XML,Disease
urticaria pigmentosa,MeSH descriptor XML,Disease
"urticaria, solar",MeSH descriptor XML,Disease
usher syndromes,MeSH descriptor XML,Disease
uterine cervical diseases,MeSH descriptor XML,Disease
uterine cervical dysplasia,MeSH descriptor XML,Disease
uterine cervical erosion,MeSH descriptor XML,Disease
uterine cervical incompetence,MeSH descriptor XML,Disease
uterine cervical neoplasms,MeSH descriptor XML,Disease
uterine cervicitis,MeSH descriptor XML,Disease
uterine didelphys,MeSH descriptor XML,Disease
uterine diseases,MeSH descriptor XML,Disease
uterine duplication anomalies,MeSH descriptor XML,Disease
uterine hemorrhage,MeSH descriptor XML,Disease
uterine inertia,MeSH descriptor XML,Disease
uterine inversion,MeSH descriptor XML,Disease
uterine neoplasms,MeSH descriptor XML,Disease
uterine perforation,MeSH descriptor XML,Disease
uterine prolapse,MeSH descriptor XML,Disease
uterine retroversion,MeSH descriptor XML,Disease
uterine rupture,MeSH descriptor XML,Disease
uveal diseases,MeSH descriptor XML,Disease
uveal effusion syndrome,MeSH descriptor XML,Disease
uveal melanoma,MeSH descriptor XML,Disease
uveal neoplasms,MeSH descriptor XML,Disease
uveitis,MeSH descriptor XML,Disease
"uveitis, anterior",MeSH descriptor XML,Disease
"uveitis, intermediate",MeSH descriptor XML,Disease
"uveitis, posterior",MeSH descriptor XML,Disease
"uveitis, suppurative",MeSH descriptor XML,Disease
uveomeningoencephalitic syndrome,MeSH descriptor XML,Disease
uveoparotid fever,MeSH descriptor XML,Disease
vaccine-preventable diseases,MeSH descriptor XML,Disease
vaccinia,MeSH descriptor XML,Disease
vaginal discharge,MeSH descriptor XML,Disease
vaginal diseases,MeSH descriptor XML,Disease
vaginal fistula,MeSH descriptor XML,Disease
vaginal neoplasms,MeSH descriptor XML,Disease
vaginismus,MeSH descriptor XML,Disease
vaginitis,MeSH descriptor XML,Disease
"vaginosis, bacterial",MeSH descriptor XML,Disease
vagus nerve diseases,MeSH descriptor XML,Disease
vagus nerve injuries,MeSH descriptor XML,Disease
varicella zoster virus infection,MeSH descriptor XML,Disease
varicocele,MeSH descriptor XML,Disease
varicose ulcer,MeSH descriptor XML,Disease
varicose veins,MeSH descriptor XML,Disease
vasa previa,MeSH descriptor XML,Disease
vascular calcification,MeSH descriptor XML,Disease
vascular depression,MeSH descriptor XML,Disease
vascular diseases,MeSH descriptor XML,Disease
vascular fistula,MeSH descriptor XML,Disease
vascular headaches,MeSH descriptor XML,Disease
vascular malformations,MeSH descriptor XML,Disease
vascular neoplasms,MeSH descriptor XML,Disease
vascular ring,MeSH descriptor XML,Disease
vascular system injuries,MeSH descriptor XML,Disease
vasculitis,MeSH descriptor XML,Disease
"vasculitis, central nervous system",MeSH descriptor XML,Disease
"vasculitis, leukocytoclastic, cutaneous",MeSH descriptor XML,Disease
vaso-occlusive crises,MeSH descriptor XML,Disease
vasoplegia,MeSH descriptor XML,Disease
"vasospasm, intracranial",MeSH descriptor XML,Disease
vector borne diseases,MeSH descriptor XML,Disease
vein of galen malformations,MeSH descriptor XML,Disease
velopharyngeal insufficiency,MeSH descriptor XML,Disease
"venereal tumors, veterinary",MeSH descriptor XML,Disease
venom hypersensitivity,MeSH descriptor XML,Disease
venous insufficiency,MeSH descriptor XML,Disease
venous thromboembolism,MeSH descriptor XML,Disease
venous thrombosis,MeSH descriptor XML,Disease
ventilator-induced lung injury,MeSH descriptor XML,Disease
ventricular dysfunction,MeSH descriptor XML,Disease
"ventricular dysfunction, left",MeSH descriptor XML,Disease
"ventricular dysfunction, right",MeSH descriptor XML,Disease
ventricular fibrillation,MeSH descriptor XML,Disease
ventricular flutter,MeSH descriptor XML,Disease
ventricular outflow obstruction,MeSH descriptor XML,Disease
"ventricular outflow obstruction, left",MeSH descriptor XML,Disease
"ventricular outflow obstruction, right",MeSH descriptor XML,Disease
ventricular premature complexes,MeSH descriptor XML,Disease
ventricular septal rupture,MeSH descriptor XML,Disease
vertebral artery dissection,MeSH descriptor XML,Disease
vertebrobasilar insufficiency,MeSH descriptor XML,Disease
vertigo,MeSH descriptor XML,Disease
vesico-ureteral reflux,MeSH descriptor XML,Disease
vesicovaginal fistula,MeSH descriptor XML,Disease
vesicular exanthema of swine,MeSH descriptor XML,Disease
vesicular stomatitis,MeSH descriptor XML,Disease
vestibular diseases,MeSH descriptor XML,Disease
vestibular neuronitis,MeSH descriptor XML,Disease
vestibulocochlear nerve diseases,MeSH descriptor XML,Disease
vestibulocochlear nerve injuries,MeSH descriptor XML,Disease
vibrio infections,MeSH descriptor XML,Disease
vipoma,MeSH descriptor XML,Disease
viral zoonoses,MeSH descriptor XML,Disease
viremia,MeSH descriptor XML,Disease
virus diseases,MeSH descriptor XML,Disease
visceral prolapse,MeSH descriptor XML,Disease
vision disorders,MeSH descriptor XML,Disease
"vision, low",MeSH descriptor XML,Disease
visna,MeSH descriptor XML,Disease
vitamin a deficiency,MeSH descriptor XML,Disease
vitamin b 12 deficiency,MeSH descriptor XML,Disease
vitamin b 6 deficiency,MeSH descriptor XML,Disease
vitamin b deficiency,MeSH descriptor XML,Disease
vitamin d deficiency,MeSH descriptor XML,Disease
vitamin e deficiency,MeSH descriptor XML,Disease
vitamin k deficiency,MeSH descriptor XML,Disease
vitamin k deficiency bleeding,MeSH descriptor XML,Disease
vitelliform macular dystrophy,MeSH descriptor XML,Disease
vitiligo,MeSH descriptor XML,Disease
"vitreoretinopathy, proliferative",MeSH descriptor XML,Disease
vitreous detachment,MeSH descriptor XML,Disease
vitreous hemorrhage,MeSH descriptor XML,Disease
vocal cord dysfunction,MeSH descriptor XML,Disease
vocal cord paralysis,MeSH descriptor XML,Disease
voice disorders,MeSH descriptor XML,Disease
von hippel-lindau disease,MeSH descriptor XML,Disease
"von willebrand disease, type 1",MeSH descriptor XML,Disease
"von willebrand disease, type 2",MeSH descriptor XML,Disease
"von willebrand disease, type 3",MeSH descriptor XML,Disease
von willebrand diseases,MeSH descriptor XML,Disease
vulvar diseases,MeSH descriptor XML,Disease
vulvar lichen sclerosus,MeSH descriptor XML,Disease
vulvar neoplasms,MeSH descriptor XML,Disease
vulvar vestibulitis,MeSH descriptor XML,Disease
vulvitis,MeSH descriptor XML,Disease
vulvodynia,MeSH descriptor XML,Disease
vulvovaginitis,MeSH descriptor XML,Disease
waardenburg syndrome,MeSH descriptor XML,Disease
wagr syndrome,MeSH descriptor XML,Disease
waldenstrom macroglobulinemia,MeSH descriptor XML,Disease
walker-warburg syndrome,MeSH descriptor XML,Disease
wandering spleen,MeSH descriptor XML,Disease
war-related injuries,MeSH descriptor XML,Disease
"warburg effect, oncologic",MeSH descriptor XML,Disease
warts,MeSH descriptor XML,Disease
"wasting disease, chronic",MeSH descriptor XML,Disease
wasting syndrome,MeSH descriptor XML,Disease
water intoxication,MeSH descriptor XML,Disease
water-electrolyte imbalance,MeSH descriptor XML,Disease
waterborne diseases,MeSH descriptor XML,Disease
waterhouse-friderichsen syndrome,MeSH descriptor XML,Disease
weil disease,MeSH descriptor XML,Disease
weill-marchesani syndrome,MeSH descriptor XML,Disease
werner syndrome,MeSH descriptor XML,Disease
wernicke encephalopathy,MeSH descriptor XML,Disease
west nile fever,MeSH descriptor XML,Disease
wet macular degeneration,MeSH descriptor XML,Disease
wheat hypersensitivity,MeSH descriptor XML,Disease
whiplash injuries,MeSH descriptor XML,Disease
whipple disease,MeSH descriptor XML,Disease
white coat hypertension,MeSH descriptor XML,Disease
white dot syndromes,MeSH descriptor XML,Disease
white heifer disease,MeSH descriptor XML,Disease
white muscle disease,MeSH descriptor XML,Disease
whooping cough,MeSH descriptor XML,Disease
williams syndrome,MeSH descriptor XML,Disease
wilms tumor,MeSH descriptor XML,Disease
wiskott-aldrich syndrome,MeSH descriptor XML,Disease
wissler's syndrome,MeSH descriptor XML,Disease
wolf-hirschhorn syndrome,MeSH descriptor XML,Disease
wolff-parkinson-white syndrome,MeSH descriptor XML,Disease
wolfram syndrome,MeSH descriptor XML,Disease
wolman disease,MeSH descriptor XML,Disease
wound infection,MeSH descriptor XML,Disease
wounds and injuries,MeSH descriptor XML,Disease
"wounds, gunshot",MeSH descriptor XML,Disease
"wounds, nonpenetrating",MeSH descriptor XML,Disease
"wounds, penetrating",MeSH descriptor XML,Disease
"wounds, stab",MeSH descriptor XML,Disease
wrist fractures,MeSH descriptor XML,Disease
wrist injuries,MeSH descriptor XML,Disease
x-linked combined immunodeficiency diseases,MeSH descriptor XML,Disease
x-linked emery-dreifuss muscular dystrophy,MeSH descriptor XML,Disease
x-linked intellectual disability,MeSH descriptor XML,Disease
"xanthogranuloma, juvenile",MeSH descriptor XML,Disease
xanthomatosis,MeSH descriptor XML,Disease
"xanthomatosis, cerebrotendinous",MeSH descriptor XML,Disease
xeroderma pigmentosum,MeSH descriptor XML,Disease
xerophthalmia,MeSH descriptor XML,Disease
xerostomia,MeSH descriptor XML,Disease
yaws,MeSH descriptor XML,Disease
yellow fever,MeSH descriptor XML,Disease
yellow nail syndrome,MeSH descriptor XML,Disease
yersinia infections,MeSH descriptor XML,Disease
yersinia pseudotuberculosis infections,MeSH descriptor XML,Disease
zellweger syndrome,MeSH descriptor XML,Disease
zenker diverticulum,MeSH descriptor XML,Disease
zika virus infection,MeSH descriptor XML,Disease
zollinger-ellison syndrome,MeSH descriptor XML,Disease
zoonoses,MeSH descriptor XML,Disease
zoster sine herpete,MeSH descriptor XML,Disease
zygomatic fractures,MeSH descriptor XML,Disease
zygomycosis,MeSH descriptor XML,Disease
