source_id,target_id,relation,attributes,case_id,sentence_number,sentence
P:PMC5137649_01,S:abdominal_pain,PRESENTS_WITH,duration=3-day history; laterality=right,PMC5137649_01,1,A 44-year-old woman presented with a 3-day history of right flank and lower quadrant abdominal pain associated with nausea and constipation
P:PMC5137649_01,S:nausea,PRESENTS_WITH,duration=3-day history; laterality=right,PMC5137649_01,1,A 44-year-old woman presented with a 3-day history of right flank and lower quadrant abdominal pain associated with nausea and constipation
P:PMC5137649_01,S:constipation,PRESENTS_WITH,duration=3-day history; laterality=right,PMC5137649_01,1,A 44-year-old woman presented with a 3-day history of right flank and lower quadrant abdominal pain associated with nausea and constipation
P:PMC5137649_01,E:tomography,UNDERWENT_EXAM,size=6cm,PMC5137649_01,3,"She underwent contrast enhanced computed tomography, demonstrating a 6cm cystic lesion between the stomach and body/tail of the pancreas (Fig 1)"
P:PMC5137649_01,A:stomach,LOCATED_IN,size=6cm,PMC5137649_01,3,"She underwent contrast enhanced computed tomography, demonstrating a 6cm cystic lesion between the stomach and body/tail of the pancreas (Fig 1)"
P:PMC5137649_01,A:tail,LOCATED_IN,size=6cm,PMC5137649_01,3,"She underwent contrast enhanced computed tomography, demonstrating a 6cm cystic lesion between the stomach and body/tail of the pancreas (Fig 1)"
P:PMC5137649_01,A:pancreas,LOCATED_IN,size=6cm,PMC5137649_01,3,"She underwent contrast enhanced computed tomography, demonstrating a 6cm cystic lesion between the stomach and body/tail of the pancreas (Fig 1)"
P:PMC5137649_01,A:stomach,LOCATED_IN,size=6cm x 9cm,PMC5137649_01,4,"She subsequently underwent EUS-FNA, which revealed normal pancreatic echotexture and a cyst measuring 6cm x 9cm that was free of internal septations or associated masses (Fig 2) but compressed the stomach"
P:PMC5137649_01,E:diagnosis,UNDERWENT_EXAM,dosage=6iu; value=476.5ng/ml; value=6iu/ml,PMC5137649_01,5,"FNA of the cyst demonstrated no evidence of malignancy but did show the presence of extracellular mucin as well as a carcinoembryonic antigen (CEA) level of 12,476.5ng/ml and a carbohydrate antigen (CA) 19-9 level of 6iu/ml, suggesting the diagnosis of a mucinous pancreatic cystic neoplasm"
P:PMC5137649_01,Pr:pancreatectomy,UNDERWENT_EXAM,aspect=distal,PMC5137649_01,7,A laparoscopic distal pancreatectomy was planned
P:PMC5137649_01,A:stomach,LOCATED_IN,aspect=posterior,PMC5137649_01,8,"At the time of the laparoscopic exploration, entrance to the lesser sac was first obtained and, on mobilising the posterior wall of the stomach, the lesion was noted to be tightly adherent to both the stomach and pancreas"
P:PMC5137649_01,A:pancreas,LOCATED_IN,aspect=posterior,PMC5137649_01,8,"At the time of the laparoscopic exploration, entrance to the lesser sac was first obtained and, on mobilising the posterior wall of the stomach, the lesion was noted to be tightly adherent to both the stomach and pancreas"
P:PMC5137649_01,A:pancreas,LOCATED_IN,,PMC5137649_01,9,The pancreas was mobilised free of the cyst and it was evident that the lesion originated from the stomach
P:PMC5137649_01,A:stomach,LOCATED_IN,,PMC5137649_01,9,The pancreas was mobilised free of the cyst and it was evident that the lesion originated from the stomach
P:PMC5137649_01,E:endoscopy,UNDERWENT_EXAM,,PMC5137649_01,10,Intraoperative endoscopy was performed and no mucosal abnormalities of the stomach were noted
P:PMC5137649_01,A:stomach,LOCATED_IN,aspect=posterior,PMC5137649_01,12,The stomach was fully mobilised and the gastric duplication cyst was noted to be arising from the posterior wall
P:PMC5137649_01,A:stomach,LOCATED_IN,aspect=posterior,PMC5137649_01,13,It was dissected off the coeliac vessels and an enbloc resection of the cyst along with a portion of the posterior wall of the stomach with a surgical stapler was performed
P:PMC5137649_01,A:stomach,LOCATED_IN,aspect=posterior,PMC5137649_01,14,Repeat oesophagogastroduodenoscopy revealed the presence of an intact staple line on the posterior stomach wall and no evidence of bleeding or leak
P:PMC5137649_01,S:pain,PRESENTS_WITH,,PMC5137649_01,18,"On follow-up, she had complete resolution of her pain and nausea, and a return to regular bowel function and activity."
P:PMC5137649_01,S:nausea,PRESENTS_WITH,,PMC5137649_01,18,"On follow-up, she had complete resolution of her pain and nausea, and a return to regular bowel function and activity."
P:PMC9387390_01,S:diarrhea,PRESENTS_WITH,,PMC9387390_01,1,A 57-year-old man with no significant past medical or surgical history initially presented with postprandial abdominal fullness and diarrhea
P:PMC9387390_01,E:tomography,UNDERWENT_EXAM,,PMC9387390_01,2,Computed tomography (CT) imaging showed nonspecific mesenteric edema
P:PMC9387390_01,S:edema,PRESENTS_WITH,,PMC9387390_01,2,Computed tomography (CT) imaging showed nonspecific mesenteric edema
P:PMC9387390_01,E:barium_enema,UNDERWENT_EXAM,,PMC9387390_01,3,An upper gastrointestinal (UGI) contrast study and barium enema were unremarkable
P:PMC9387390_01,A:abdomen,LOCATED_IN,aspect=superior,PMC9387390_01,4,"Approximately three months later, a repeat CT of the abdomen demonstrated a central mesenteric mass abutting the pancreas, encasing the superior mesenteric vessels, causing extrinsic narrowing of the second portion of the duodenum"
P:PMC9387390_01,A:pancreas,LOCATED_IN,aspect=superior,PMC9387390_01,4,"Approximately three months later, a repeat CT of the abdomen demonstrated a central mesenteric mass abutting the pancreas, encasing the superior mesenteric vessels, causing extrinsic narrowing of the second portion of the duodenum"
P:PMC9387390_01,A:duodenum,LOCATED_IN,aspect=superior,PMC9387390_01,4,"Approximately three months later, a repeat CT of the abdomen demonstrated a central mesenteric mass abutting the pancreas, encasing the superior mesenteric vessels, causing extrinsic narrowing of the second portion of the duodenum"
P:PMC9387390_01,E:biopsy,UNDERWENT_EXAM,,PMC9387390_01,5,"The patient underwent CT guided biopsy of the mass; this was consistent with invasive moderately to poorly differentiated adenocarcinoma, thought to have arisen from the upper gastrointestinal tract and/or pancreaticobiliary tract"
P:PMC9387390_01,D:adenocarcinoma,LOCATED_IN,,PMC9387390_01,5,"The patient underwent CT guided biopsy of the mass; this was consistent with invasive moderately to poorly differentiated adenocarcinoma, thought to have arisen from the upper gastrointestinal tract and/or pancreaticobiliary tract"
P:PMC9387390_01,A:upper_gastrointestinal_tract,LOCATED_IN,,PMC9387390_01,5,"The patient underwent CT guided biopsy of the mass; this was consistent with invasive moderately to poorly differentiated adenocarcinoma, thought to have arisen from the upper gastrointestinal tract and/or pancreaticobiliary tract"
P:PMC9387390_01,R:disease,MENTIONS,,PMC9387390_01,6,"Given his locally advanced disease, he was nonoperable and started on chemotherapy"
P:PMC9387390_01,S:nausea,PRESENTS_WITH,,PMC9387390_01,7,"Approximately 11 months after the initiation of chemotherapy, he presented to the hospital with nausea, emesis, and abdominal distention"
P:PMC9387390_01,R:anastomotic_leak,UNDERWENT_EXAM,,PMC9387390_01,10,This was complicated by an anastomotic leak on postoperative day (POD) 7 and he underwent relaparoscopy
P:PMC9387390_01,A:duodenum,LOCATED_IN,aspect=proximal,PMC9387390_01,13,There was slow emptying of contrast into the duodenum and proximal jejunum
P:PMC9387390_01,A:jejunum,LOCATED_IN,aspect=proximal,PMC9387390_01,13,There was slow emptying of contrast into the duodenum and proximal jejunum
P:PMC9387390_01,A:stomach,LOCATED_IN,timeline=POD 14; aspect=proximal,PMC9387390_01,14,"A follow-up CT on POD 14 (7 days after the second operation) revealed distension of the stomach and proximal small intestine, with otherwise improved findings"
P:PMC9387390_01,Pr:drainage,UNDERWENT_EXAM,,PMC9387390_01,15,His nasogastric (NG) tube was replaced with subsequent drainage of > 3 liters of fluid
P:PMC9387390_01,A:stomach,LOCATED_IN,,PMC9387390_01,17,Bilious fluid was noted in the stomach
P:PMC9387390_01,A:jejunum,LOCATED_IN,aspect=proximal,PMC9387390_01,20,The jejunal limb was unable to be placed through the surgically created GJ; it was placed post pyloric into the proximal jejunum
P:PMC9387390_01,Pr:gastrostomy,UNDERWENT_EXAM,,PMC9387390_01,22,The patient had two subsequent readmissions for high gastrostomy tube output
P:PMC9387390_01,Pr:drainage,UNDERWENT_EXAM,,PMC9387390_01,23,A UGI study revealed preferential drainage of contrast into the duodenum; no contrast was seen traversing the GJ
P:PMC9387390_01,A:duodenum,LOCATED_IN,,PMC9387390_01,23,A UGI study revealed preferential drainage of contrast into the duodenum; no contrast was seen traversing the GJ
P:PMC9387390_01,Pr:decompression,UNDERWENT_EXAM,,PMC9387390_01,24,"Given our concerns about the location of the jejunal extension, we proceeded with endoscopic placement of a nasojejunal (NJ) tube into the efferent limb of the GJ to allow for complete gastric decompression"
P:PMC9387390_01,A:jejunum,LOCATED_IN,aspect=proximal,PMC9387390_01,25,EGD (Figure 2) demonstrated a widely patient afferent limb; push enteroscopy showed the jejunal limb of the gastrojejunal tube in the proximal jejunum
P:PMC9387390_01,Pr:decompression,UNDERWENT_EXAM,,PMC9387390_01,28,The patient was discharged with gastric decompression and NJ feeds
P:PMC9387390_01,E:endoscopy,UNDERWENT_EXAM,,PMC9387390_01,29,"He required replacement of this NJ tube multiple times, and due to the findings noted on endoscopy, we considered stent placement into the efferent limb in an attempt to encourage preferential drainage"
P:PMC9387390_01,Pr:drainage,UNDERWENT_EXAM,,PMC9387390_01,29,"He required replacement of this NJ tube multiple times, and due to the findings noted on endoscopy, we considered stent placement into the efferent limb in an attempt to encourage preferential drainage"
P:PMC9387390_01,Pr:hospice_care,UNDERWENT_EXAM,,PMC9387390_01,36,He was subsequently ultimately transitioned to hospice care.
P:PMC3437073_01,A:abdomen,LOCATED_IN,laterality=left,PMC3437073_01,1,A 55-year-old male presented with a gradually increasing mass on the left lateral lower chest and upper abdomen over a period of one year
P:PMC3437073_01,A:skin,LOCATED_IN,size=7 cm; laterality=left,PMC3437073_01,3,"On examination, a lobulated subcutaneous mass measuring about 7 cm in diameter, soft to cystic in consistency, immobile and attached to the skin which was tense and slightly red, tender but not warm, not pulsating, and with no bruit was found on the left lower chest and upper abdomen laterally"
P:PMC3437073_01,A:spleen,LOCATED_IN,size=8 cm,PMC3437073_01,4,The spleen was enlarged 8 cm below the costal margin
P:PMC3437073_01,A:abdomen,LOCATED_IN,,PMC3437073_01,8,Ultrasound of the abdomen indicated an enlarged spleen with areas of calcification
P:PMC3437073_01,A:spleen,LOCATED_IN,,PMC3437073_01,8,Ultrasound of the abdomen indicated an enlarged spleen with areas of calcification
P:PMC3437073_01,A:abdomen,LOCATED_IN,,PMC3437073_01,9,CT scan of the abdomen revealed a splenic abscess communicating with another subcutaneous abscess through the lower chest wall (Figure 2)
P:PMC3437073_01,D:abscess,DIAGNOSED_WITH,,PMC3437073_01,9,CT scan of the abdomen revealed a splenic abscess communicating with another subcutaneous abscess through the lower chest wall (Figure 2)
P:PMC3437073_01,Pr:anesthesia,UNDERWENT_EXAM,,PMC3437073_01,11,"Under general anesthesia, the subcutaneous abscess was incised and drained, and splenectomy was performed simultaneously"
P:PMC3437073_01,D:abscess,DIAGNOSED_WITH,,PMC3437073_01,11,"Under general anesthesia, the subcutaneous abscess was incised and drained, and splenectomy was performed simultaneously"
P:PMC3437073_01,Pr:splenectomy,UNDERWENT_EXAM,,PMC3437073_01,11,"Under general anesthesia, the subcutaneous abscess was incised and drained, and splenectomy was performed simultaneously"
P:PMC3437073_01,A:spleen,LOCATED_IN,,PMC3437073_01,12,"The spleen was found to be enlarged, fibrotic, and adherent to the lower chest wall"
P:PMC3437073_01,D:abscess,LOCATED_IN,,PMC3437073_01,13,There was an abscess cavity within the spleen communicating with the subcutaneous abscess through a small tract in the lower chest wall below the insertion of the diaphragm
P:PMC3437073_01,A:spleen,LOCATED_IN,,PMC3437073_01,13,There was an abscess cavity within the spleen communicating with the subcutaneous abscess through a small tract in the lower chest wall below the insertion of the diaphragm
P:PMC3437073_01,A:diaphragm,LOCATED_IN,,PMC3437073_01,13,There was an abscess cavity within the spleen communicating with the subcutaneous abscess through a small tract in the lower chest wall below the insertion of the diaphragm
P:PMC3437073_01,A:spleen,LOCATED_IN,,PMC3437073_01,15,"Histopathology of the spleen revealed the characteristic tuberculoid granuloma with epithelioid cells, Langhans' multinucleated giant cells, and caseation necrosis (Figure 3)"
P:PMC3437073_01,D:granuloma,DIAGNOSED_WITH,,PMC3437073_01,15,"Histopathology of the spleen revealed the characteristic tuberculoid granuloma with epithelioid cells, Langhans' multinucleated giant cells, and caseation necrosis (Figure 3)"
P:PMC3437073_01,A:epithelioid_cells,LOCATED_IN,,PMC3437073_01,15,"Histopathology of the spleen revealed the characteristic tuberculoid granuloma with epithelioid cells, Langhans' multinucleated giant cells, and caseation necrosis (Figure 3)"
P:PMC3437073_01,A:giant_cells,LOCATED_IN,,PMC3437073_01,15,"Histopathology of the spleen revealed the characteristic tuberculoid granuloma with epithelioid cells, Langhans' multinucleated giant cells, and caseation necrosis (Figure 3)"
P:PMC3437073_01,R:necrosis,MENTIONS,,PMC3437073_01,15,"Histopathology of the spleen revealed the characteristic tuberculoid granuloma with epithelioid cells, Langhans' multinucleated giant cells, and caseation necrosis (Figure 3)"
P:PMC3437073_01,M:isoniazid,TAKES,dosage=300 mg; dosage=600 mg; dosage=500 mg,PMC3437073_01,17,"The patient was started on Isoniazid (INH) 300 mg OD, Rifampin 600 mg OD, Ethambutol 600 mg OD and Pyrazinamide 500 mg OD for 5 weeks, then maintained on the former two drugs"
P:PMC3437073_01,M:rifampin,TAKES,dosage=300 mg; dosage=600 mg; dosage=500 mg,PMC3437073_01,17,"The patient was started on Isoniazid (INH) 300 mg OD, Rifampin 600 mg OD, Ethambutol 600 mg OD and Pyrazinamide 500 mg OD for 5 weeks, then maintained on the former two drugs"
P:PMC3437073_01,M:ethambutol,TAKES,dosage=300 mg; dosage=600 mg; dosage=500 mg,PMC3437073_01,17,"The patient was started on Isoniazid (INH) 300 mg OD, Rifampin 600 mg OD, Ethambutol 600 mg OD and Pyrazinamide 500 mg OD for 5 weeks, then maintained on the former two drugs"
P:PMC3437073_01,M:pyrazinamide,TAKES,dosage=300 mg; dosage=600 mg; dosage=500 mg,PMC3437073_01,17,"The patient was started on Isoniazid (INH) 300 mg OD, Rifampin 600 mg OD, Ethambutol 600 mg OD and Pyrazinamide 500 mg OD for 5 weeks, then maintained on the former two drugs"
P:PMC7102447_01,D:hypertension,HAS_HISTORY,size=33 mm,PMC7102447_01,1,"A 65-year-old male with a past medical history significant for hypertension, asthma, and minimally invasive bioprosthetic mitral valve replacement with a 33 mm mosaic mitral porcine valve one year prior presented with severe respiratory distress requiring emergent intubation"
P:PMC7102447_01,D:asthma,HAS_HISTORY,size=33 mm,PMC7102447_01,1,"A 65-year-old male with a past medical history significant for hypertension, asthma, and minimally invasive bioprosthetic mitral valve replacement with a 33 mm mosaic mitral porcine valve one year prior presented with severe respiratory distress requiring emergent intubation"
P:PMC7102447_01,A:mitral_valve,LOCATED_IN,size=33 mm,PMC7102447_01,1,"A 65-year-old male with a past medical history significant for hypertension, asthma, and minimally invasive bioprosthetic mitral valve replacement with a 33 mm mosaic mitral porcine valve one year prior presented with severe respiratory distress requiring emergent intubation"
P:PMC7102447_01,E:intubation,UNDERWENT_EXAM,size=33 mm,PMC7102447_01,1,"A 65-year-old male with a past medical history significant for hypertension, asthma, and minimally invasive bioprosthetic mitral valve replacement with a 33 mm mosaic mitral porcine valve one year prior presented with severe respiratory distress requiring emergent intubation"
P:PMC7102447_01,D:bundle_branch_block,DIAGNOSED_WITH,laterality=left; laterality=right; aspect=anterior,PMC7102447_01,2,"Initial electrocardiogram (EKG) revealed sinus rhythm with left anterior fascicular block, right bundle branch block, and evidence of left atrial enlargement"
P:PMC7102447_01,E:tomography,UNDERWENT_EXAM,,PMC7102447_01,5,"Following transfer to the intensive care unit, the patient was started immediately on heparin infusion for suspicion of acute coronary syndrome (ACS); computed tomography angiogram (CTA) of the chest revealed moderate patchy ground-glass and nodular airspace opacities with interstitial edema and cardiomegaly"
P:PMC7102447_01,S:edema,PRESENTS_WITH,,PMC7102447_01,5,"Following transfer to the intensive care unit, the patient was started immediately on heparin infusion for suspicion of acute coronary syndrome (ACS); computed tomography angiogram (CTA) of the chest revealed moderate patchy ground-glass and nodular airspace opacities with interstitial edema and cardiomegaly"
P:PMC7102447_01,D:cardiomegaly,DIAGNOSED_WITH,,PMC7102447_01,5,"Following transfer to the intensive care unit, the patient was started immediately on heparin infusion for suspicion of acute coronary syndrome (ACS); computed tomography angiogram (CTA) of the chest revealed moderate patchy ground-glass and nodular airspace opacities with interstitial edema and cardiomegaly"
P:PMC7102447_01,D:thrombosis,DIAGNOSED_WITH,,PMC7102447_01,6,Transesophageal echocardiogram (TEE) was performed showing an acute thrombosis of the bioprosthetic mitral valve with severe mitral stenosis and regurgitation exhibiting a mean gradient of 20.1 mmHg and valve area of 0.68 cm2 (Figure 1)
P:PMC7102447_01,A:mitral_valve,LOCATED_IN,,PMC7102447_01,6,Transesophageal echocardiogram (TEE) was performed showing an acute thrombosis of the bioprosthetic mitral valve with severe mitral stenosis and regurgitation exhibiting a mean gradient of 20.1 mmHg and valve area of 0.68 cm2 (Figure 1)
P:PMC7102447_01,A:mitral_valve,LOCATED_IN,,PMC7102447_01,7,"Of note, the patient had already completed 6 months of anticoagulation following his bioprosthetic mitral valve replacement and was no longer on anticoagulation"
P:PMC7102447_01,A:mitral_valve,LOCATED_IN,size=33 mm,PMC7102447_01,8,He was also found to have near complete leaflet immobility and subsequently underwent emergent redo mitral valve surgery utilizing a 33 mm St
P:PMC7102447_01,D:thrombosis,DIAGNOSED_WITH,,PMC7102447_01,10,The valve was noted to have a massive amount of material on the ventricular side of each cusp (Figures 2 and 3) with pathology findings consistent with thrombosis
P:PMC7102447_01,A:mitral_valve,LOCATED_IN,,PMC7102447_01,11,"Following valve replacement, intraoperative TEE showed that the mitral valve mean gradient had improved to 4 mmHg"
P:PMC7102447_01,M:warfarin,TAKES,,PMC7102447_01,12,"The procedure was well-tolerated, and the patient was successfully extubated and transitioned to warfarin for anticoagulation"
P:PMC6354154_01,E:body_mass_index,UNDERWENT_EXAM,,PMC6354154_01,6,General examination and body mass index were normal
P:PMC6354154_01,A:blood,LOCATED_IN,,PMC6354154_01,7,"Analytically she had normal blood count and hormonal assay [FSH, LH, TSH, free T4, testosterone, and dehydroepiandrosterone (DHEA)]"
P:PMC6354154_01,M:testosterone,TAKES,,PMC6354154_01,7,"Analytically she had normal blood count and hormonal assay [FSH, LH, TSH, free T4, testosterone, and dehydroepiandrosterone (DHEA)]"
P:PMC6354154_01,M:dehydroepiandrosterone,TAKES,,PMC6354154_01,7,"Analytically she had normal blood count and hormonal assay [FSH, LH, TSH, free T4, testosterone, and dehydroepiandrosterone (DHEA)]"
P:PMC6354154_01,E:ultrasonography,UNDERWENT_EXAM,laterality=right,PMC6354154_01,8,A transvaginal ultrasonography was performed revealing a normed uterus and ovaries slightly enlarged and polycystic with a small echogenic mass in the right ovary of 15 millimeters
P:PMC6354154_01,A:uterus,LOCATED_IN,laterality=right,PMC6354154_01,8,A transvaginal ultrasonography was performed revealing a normed uterus and ovaries slightly enlarged and polycystic with a small echogenic mass in the right ovary of 15 millimeters
P:PMC6354154_01,A:ovary,LOCATED_IN,laterality=right,PMC6354154_01,8,A transvaginal ultrasonography was performed revealing a normed uterus and ovaries slightly enlarged and polycystic with a small echogenic mass in the right ovary of 15 millimeters
P:PMC6354154_01,E:hysterosalpingography,UNDERWENT_EXAM,,PMC6354154_01,9,The hysterosalpingography was normal
P:PMC6354154_01,E:laparoscopy,UNDERWENT_EXAM,,PMC6354154_01,11,She was proposed for a diagnostic laparoscopy and ovarian drilling
P:PMC6354154_01,A:ovary,LOCATED_IN,laterality=right,PMC6354154_01,12,"In the surgery, both ovaries were polycystic and a yellowish nodular solid and hardened formation of about two centimeters, vascular and friable to touch, was observed in the right ovary"
P:PMC6354154_01,A:cells,LOCATED_IN,,PMC6354154_01,17,"Microscopically, the ovarian parenchyma was almost entirely occupied by a tumor lesion, represented by large polyhedral cells with small nuclei and vacuolated eosinophilic cytoplasm, without mitosis and nuclear atypia"
P:PMC6354154_01,A:cytoplasm,LOCATED_IN,,PMC6354154_01,17,"Microscopically, the ovarian parenchyma was almost entirely occupied by a tumor lesion, represented by large polyhedral cells with small nuclei and vacuolated eosinophilic cytoplasm, without mitosis and nuclear atypia"
P:PMC6354154_01,R:hemorrhage,MENTIONS,,PMC6354154_01,18,Hemorrhage and necrotic areas were absent (Figure 1)
P:PMC6354154_01,Pr:postoperative_period,UNDERWENT_EXAM,,PMC6354154_01,21,"In the postoperative period, the woman is followed up with serial measurements of serum testosterone levels and transvaginal ultrasound"
P:PMC6354154_01,A:serum,LOCATED_IN,,PMC6354154_01,21,"In the postoperative period, the woman is followed up with serial measurements of serum testosterone levels and transvaginal ultrasound"
P:PMC6354154_01,M:testosterone,TAKES,,PMC6354154_01,21,"In the postoperative period, the woman is followed up with serial measurements of serum testosterone levels and transvaginal ultrasound"
P:PMC4782471_01,A:ductus_arteriosus,LOCATED_IN,,PMC4782471_01,3,She also had a small patent ductus arteriosus which was scheduled for intervention at a later date
P:PMC4782471_01,Pr:anesthesia,UNDERWENT_EXAM,,PMC4782471_01,4,"The patient underwent device closure using a 10 x 6 ""PFM NiT-Occlud"" device under general anesthesia following procedural guidelines"
P:PMC4782471_01,S:fever,PRESENTS_WITH,,PMC4782471_01,8,"Ten days later, the patient developed a persistent fever of up to 40 C which failed to respond to a 1-week course of co-amoxyclav"
P:PMC4782471_01,E:heart_rate,UNDERWENT_EXAM,size=60 mm,PMC4782471_01,10,"The temperature was 39 C, heart rate was 140/m, respiratory rate was 30/min, and blood pressure was 100/60 mm Hg on admission"
P:PMC4782471_01,E:respiratory_rate,UNDERWENT_EXAM,size=60 mm,PMC4782471_01,10,"The temperature was 39 C, heart rate was 140/m, respiratory rate was 30/min, and blood pressure was 100/60 mm Hg on admission"
P:PMC4782471_01,E:blood_pressure,UNDERWENT_EXAM,size=60 mm,PMC4782471_01,10,"The temperature was 39 C, heart rate was 140/m, respiratory rate was 30/min, and blood pressure was 100/60 mm Hg on admission"
P:PMC4782471_01,E:blood_cell_count,UNDERWENT_EXAM,dosage=91 mg; dosage=6 g; size=120 mm; value=91 mg/dl,PMC4782471_01,12,"Laboratory investigations showed an elevated erythrocyte sedimentation rate of 120 mm/h, C-reactive protein of 91 mg/dl, a white blood cell count of 28,000/mm3 and normal platelet count as well as hemoglobin of 6 g% for which she received blood transfusion"
P:PMC4782471_01,E:platelet_count,UNDERWENT_EXAM,dosage=91 mg; dosage=6 g; size=120 mm; value=91 mg/dl,PMC4782471_01,12,"Laboratory investigations showed an elevated erythrocyte sedimentation rate of 120 mm/h, C-reactive protein of 91 mg/dl, a white blood cell count of 28,000/mm3 and normal platelet count as well as hemoglobin of 6 g% for which she received blood transfusion"
P:PMC4782471_01,Pr:blood_transfusion,UNDERWENT_EXAM,dosage=91 mg; dosage=6 g; size=120 mm; value=91 mg/dl,PMC4782471_01,12,"Laboratory investigations showed an elevated erythrocyte sedimentation rate of 120 mm/h, C-reactive protein of 91 mg/dl, a white blood cell count of 28,000/mm3 and normal platelet count as well as hemoglobin of 6 g% for which she received blood transfusion"
P:PMC4782471_01,A:blood,LOCATED_IN,,PMC4782471_01,13,"Three sets of blood cultures were taken, and all grew Pseudomonas aeuroginosa"
P:PMC4782471_01,E:echocardiography,UNDERWENT_EXAM,size=5 mm x 6 mm,PMC4782471_01,14,"Echocardiography revealed vegetation of 5 mm x 6 mm attached to the tricuspid valve, a flail tricuspid valve, and severe tricuspid regurgitation"
P:PMC4782471_01,A:tricuspid_valve,LOCATED_IN,size=5 mm x 6 mm,PMC4782471_01,14,"Echocardiography revealed vegetation of 5 mm x 6 mm attached to the tricuspid valve, a flail tricuspid valve, and severe tricuspid regurgitation"
P:PMC4782471_01,E:dilatation,UNDERWENT_EXAM,laterality=right,PMC4782471_01,15,"It also showed moderate to severe dilatation of the right ventricle, but no pulmonary hypertension"
P:PMC4782471_01,D:endocarditis,DIAGNOSED_WITH,,PMC4782471_01,17,The patient was diagnosed with infective endocarditis and started empirically on the sensitivity results showed resistance to ceftazidime and sensitive to ciprofloxacin
P:PMC4782471_01,M:ceftazidime,TAKES,,PMC4782471_01,17,The patient was diagnosed with infective endocarditis and started empirically on the sensitivity results showed resistance to ceftazidime and sensitive to ciprofloxacin
P:PMC4782471_01,M:ciprofloxacin,TAKES,,PMC4782471_01,17,The patient was diagnosed with infective endocarditis and started empirically on the sensitivity results showed resistance to ceftazidime and sensitive to ciprofloxacin
P:PMC4782471_01,M:vancomycin,TAKES,,PMC4782471_01,18,Vancomycin was continued due to the high incidence of methicillin-resistant Staphylococcus aureus in the unit
P:PMC4782471_01,E:incidence,UNDERWENT_EXAM,,PMC4782471_01,18,Vancomycin was continued due to the high incidence of methicillin-resistant Staphylococcus aureus in the unit
P:PMC4782471_01,S:fever,PRESENTS_WITH,,PMC4782471_01,19,"She showed no improvement for 3 weeks and continued to develop intermittent fever; blood tests showed persistent leucocytosis, a high sedimentation rate, and high C-reactive protein"
P:PMC4782471_01,A:blood,LOCATED_IN,,PMC4782471_01,19,"She showed no improvement for 3 weeks and continued to develop intermittent fever; blood tests showed persistent leucocytosis, a high sedimentation rate, and high C-reactive protein"
P:PMC4782471_01,Pr:cardiopulmonary_bypass,UNDERWENT_EXAM,,PMC4782471_01,20,The patient then underwent surgical intervention on cardiopulmonary bypass
P:PMC4782471_01,A:tricuspid_valve,LOCATED_IN,laterality=right,PMC4782471_01,21,Opening the right atrium revealed a destroyed tricuspid valve with vegetations and necrotic tissues around the coil [Figure 1]
P:PMC4782471_01,A:tissues,LOCATED_IN,laterality=right,PMC4782471_01,21,Opening the right atrium revealed a destroyed tricuspid valve with vegetations and necrotic tissues around the coil [Figure 1]
P:PMC4782471_01,D:heart_block,DIAGNOSED_WITH,,PMC4782471_01,25,"The patient developed heart block immediately and was paced, however, she continued to deteriorate with heart failure and ongoing sepsis"
P:PMC4782471_01,D:heart_failure,DIAGNOSED_WITH,,PMC4782471_01,25,"The patient developed heart block immediately and was paced, however, she continued to deteriorate with heart failure and ongoing sepsis"
P:PMC4782471_01,D:sepsis,DIAGNOSED_WITH,,PMC4782471_01,25,"The patient developed heart block immediately and was paced, however, she continued to deteriorate with heart failure and ongoing sepsis"
P:PMC4782471_01,M:dopamine,TAKES,,PMC4782471_01,26,"She required high doses of inotropes (adrenaline, dopamine, and dobutamine) and was continued on antibiotics"
P:PMC4782471_01,M:dobutamine,TAKES,,PMC4782471_01,26,"She required high doses of inotropes (adrenaline, dopamine, and dobutamine) and was continued on antibiotics"
P:PMC4835621_01,A:extremities,LOCATED_IN,,PMC4835621_01,1,An 81-year-old female was admitted to an internal medicine (IM) department with a two-week history of petechial rash over her upper and lower extremities
P:PMC4835621_01,S:fatigue,HAS_HISTORY,,PMC4835621_01,2,The patient complained of recurrent headaches on a daily basis and profound fatigue and malaise during the past month
P:PMC4835621_01,S:nausea,PRESENTS_WITH,,PMC4835621_01,4,"The patient also denied recent loss of weight, night sweats, hematuria, diarrhea, nausea, or vomiting"
P:PMC4835621_01,S:vomiting,PRESENTS_WITH,,PMC4835621_01,4,"The patient also denied recent loss of weight, night sweats, hematuria, diarrhea, nausea, or vomiting"
P:PMC4835621_01,D:hypertension,HAS_HISTORY,,PMC4835621_01,6,The patient's past medical history was significant for hypertension and osteoporosis
P:PMC4835621_01,D:osteoporosis,HAS_HISTORY,,PMC4835621_01,6,The patient's past medical history was significant for hypertension and osteoporosis
P:PMC4835621_01,M:calcium,TAKES,,PMC4835621_01,7,The patient's regular medications were a calcium channel blocker and hydrochlorothiazide and vitamin D with calcium supplementation
P:PMC4835621_01,M:hydrochlorothiazide,TAKES,,PMC4835621_01,7,The patient's regular medications were a calcium channel blocker and hydrochlorothiazide and vitamin D with calcium supplementation
P:PMC4835621_01,M:vitamin_d,TAKES,,PMC4835621_01,7,The patient's regular medications were a calcium channel blocker and hydrochlorothiazide and vitamin D with calcium supplementation
P:PMC4835621_01,E:physical_examination,UNDERWENT_EXAM,,PMC4835621_01,9,Physical Examination and Laboratory Workup
P:PMC4835621_01,E:vital_signs,UNDERWENT_EXAM,,PMC4835621_01,10,"The patient's vital signs were normal, without fever"
P:PMC4835621_01,E:physical_examination,UNDERWENT_EXAM,,PMC4835621_01,12,Upon physical examination scattered petechiae were observed over the upper extremities
P:PMC4835621_01,A:extremities,LOCATED_IN,,PMC4835621_01,12,Upon physical examination scattered petechiae were observed over the upper extremities
P:PMC4835621_01,E:physical_examination,UNDERWENT_EXAM,,PMC4835621_01,13,"The rest of the patient's physical examination was within normal limits including heart, lungs, and abdomen"
P:PMC4835621_01,A:heart,LOCATED_IN,,PMC4835621_01,13,"The rest of the patient's physical examination was within normal limits including heart, lungs, and abdomen"
P:PMC4835621_01,A:abdomen,LOCATED_IN,,PMC4835621_01,13,"The rest of the patient's physical examination was within normal limits including heart, lungs, and abdomen"
P:PMC4835621_01,A:facial_nerve,LOCATED_IN,,PMC4835621_01,15,"Initial neurological evaluation was within normal limits; however, during the patient's stay in the emergency room, new transient central facial nerve palsy appeared"
P:PMC4835621_01,A:head,LOCATED_IN,,PMC4835621_01,16,Noncontrast enhanced head CT was negative for intracranial bleeding
P:PMC4835621_01,E:blood_cell_count,UNDERWENT_EXAM,dosage=11.3 g,PMC4835621_01,17,"Laboratory diagnostic tests revealed a white blood cell count of 6100 per microliter with 73% neutrophils, hemoglobin of 11.3 g/dL with a mean corpuscular volume (MVC) 94 femtoliters, and a reticulocyte count of 2.4%"
P:PMC4835621_01,A:neutrophils,LOCATED_IN,dosage=11.3 g,PMC4835621_01,17,"Laboratory diagnostic tests revealed a white blood cell count of 6100 per microliter with 73% neutrophils, hemoglobin of 11.3 g/dL with a mean corpuscular volume (MVC) 94 femtoliters, and a reticulocyte count of 2.4%"
P:PMC4835621_01,E:reticulocyte_count,UNDERWENT_EXAM,dosage=11.3 g,PMC4835621_01,17,"Laboratory diagnostic tests revealed a white blood cell count of 6100 per microliter with 73% neutrophils, hemoglobin of 11.3 g/dL with a mean corpuscular volume (MVC) 94 femtoliters, and a reticulocyte count of 2.4%"
P:PMC4835621_01,A:spherocytes,LOCATED_IN,,PMC4835621_01,19,Schistocytes and spherocytes were identified in the peripheral blood smear
P:PMC4835621_01,A:blood,LOCATED_IN,,PMC4835621_01,19,Schistocytes and spherocytes were identified in the peripheral blood smear
P:PMC4835621_01,A:blood,LOCATED_IN,,PMC4835621_01,21,Blood chemistry revealed normal creatinine and liver function tests
P:PMC4835621_01,E:liver_function_tests,UNDERWENT_EXAM,,PMC4835621_01,21,Blood chemistry revealed normal creatinine and liver function tests
P:PMC4835621_01,A:serum,LOCATED_IN,dosage=15.30 mg; value=15.30 mg/dL,PMC4835621_01,23,Serum haptoglobin was decreased (15.30 mg/dL)
P:PMC4835621_01,M:autoantibodies,TAKES,,PMC4835621_01,24,Workup for autoantibodies and the Coombs test were negative
P:PMC4835621_01,E:coombs_test,UNDERWENT_EXAM,,PMC4835621_01,24,Workup for autoantibodies and the Coombs test were negative
P:PMC4835621_01,M:antibodies,TAKES,,PMC4835621_01,25,ADAMTS13 activity test was less than 10% with positive ADAMTS13 antibodies
P:PMC4835621_01,A:bone_marrow,LOCATED_IN,,PMC4835621_01,26,"Bone marrow biopsy demonstrated slightly hypercellular marrow for the patient's age, with no other significant changes"
P:PMC4835621_01,E:biopsy,UNDERWENT_EXAM,,PMC4835621_01,26,"Bone marrow biopsy demonstrated slightly hypercellular marrow for the patient's age, with no other significant changes"
P:PMC4835621_01,E:diagnosis,UNDERWENT_EXAM,,PMC4835621_01,28,A diagnosis of TTP was made and the patient was started on plasmapheresis via a femoral catheter
P:PMC4835621_01,Pr:plasmapheresis,UNDERWENT_EXAM,,PMC4835621_01,28,A diagnosis of TTP was made and the patient was started on plasmapheresis via a femoral catheter
P:PMC4835621_01,E:tomography,UNDERWENT_EXAM,size=3.5 cm,PMC4835621_01,30,In order to rule out underling malignancy a computed tomography (CT) scan of the chest and abdomen was performed and showed an intraluminal thickening of 3.5 cm size in the stomach (Figure 1)
P:PMC4835621_01,A:abdomen,LOCATED_IN,size=3.5 cm,PMC4835621_01,30,In order to rule out underling malignancy a computed tomography (CT) scan of the chest and abdomen was performed and showed an intraluminal thickening of 3.5 cm size in the stomach (Figure 1)
P:PMC4835621_01,A:stomach,LOCATED_IN,size=3.5 cm,PMC4835621_01,30,In order to rule out underling malignancy a computed tomography (CT) scan of the chest and abdomen was performed and showed an intraluminal thickening of 3.5 cm size in the stomach (Figure 1)
P:PMC4835621_01,A:cardia,LOCATED_IN,aspect=distal,PMC4835621_01,31,"Further PET CT supported the findings demonstrating an unusual thickening of the gastric cardia with hypermetabolic activity in the distal third of the esophagus, suggesting a process with an increased metabolic activity"
P:PMC4835621_01,A:esophagus,LOCATED_IN,aspect=distal,PMC4835621_01,31,"Further PET CT supported the findings demonstrating an unusual thickening of the gastric cardia with hypermetabolic activity in the distal third of the esophagus, suggesting a process with an increased metabolic activity"
P:PMC4835621_01,M:rituximab,TAKES,,PMC4835621_01,32,At this stage rituximab treatment was initiated with only mild elevation in platelets count but no clinical significant improvement
P:PMC4835621_01,Pr:hospitalization,UNDERWENT_EXAM,,PMC4835621_01,33,During hospitalization the patient developed a deep vein thrombosis and treatment with low molecular weight heparin (LMWH) was initiated
P:PMC4835621_01,D:thrombosis,DIAGNOSED_WITH,,PMC4835621_01,33,During hospitalization the patient developed a deep vein thrombosis and treatment with low molecular weight heparin (LMWH) was initiated
P:PMC4835621_01,M:heparin,TAKES,,PMC4835621_01,33,During hospitalization the patient developed a deep vein thrombosis and treatment with low molecular weight heparin (LMWH) was initiated
P:PMC4835621_01,A:esophagus,LOCATED_IN,,PMC4835621_01,34,Further investigation with gastroduodenoscopy demonstrated normal esophagus with a few erosions in the antrum of the stomach and was consistent with gastritis
P:PMC4835621_01,A:stomach,LOCATED_IN,,PMC4835621_01,34,Further investigation with gastroduodenoscopy demonstrated normal esophagus with a few erosions in the antrum of the stomach and was consistent with gastritis
P:PMC4835621_01,D:gastritis,DIAGNOSED_WITH,,PMC4835621_01,34,Further investigation with gastroduodenoscopy demonstrated normal esophagus with a few erosions in the antrum of the stomach and was consistent with gastritis
P:PMC4835621_01,E:biopsy,UNDERWENT_EXAM,,PMC4835621_01,35,Gastric biopsy found moderate active chronic gastritis and was positive for H. pylori and negative for dysplasia
P:PMC4835621_01,D:gastritis,DIAGNOSED_WITH,,PMC4835621_01,35,Gastric biopsy found moderate active chronic gastritis and was positive for H. pylori and negative for dysplasia
P:PMC4835621_01,E:colonoscopy,UNDERWENT_EXAM,,PMC4835621_01,36,Colonoscopy showed no significant findings
P:PMC4835621_01,M:omeprazole,TAKES,,PMC4835621_01,37,"The patient was treated for 10 days with a triple-therapy regime consisting of omeprazole, amoxicillin, and clarithromycin"
P:PMC4835621_01,M:amoxicillin,TAKES,,PMC4835621_01,37,"The patient was treated for 10 days with a triple-therapy regime consisting of omeprazole, amoxicillin, and clarithromycin"
P:PMC4835621_01,M:clarithromycin,TAKES,,PMC4835621_01,37,"The patient was treated for 10 days with a triple-therapy regime consisting of omeprazole, amoxicillin, and clarithromycin"
P:PMC4835621_01,A:reticulocytes,LOCATED_IN,dosage=302 IU; dosage=182 IU,PMC4835621_01,39,"Similarly, both reticulocytes count and LDH levels were decreased after triple-therapy completion 2.5% versus 0.7% and 302 IU/L versus 182 IU/L for pretreatment versus posttreatment analysis accordingly"
P:PMC4835621_01,A:blood,LOCATED_IN,,PMC4835621_01,42,Blood count and platelets remained within normal limits and the patient was free of symptoms.
P:PMC8627357_01,M:methamphetamine,HAS_HISTORY,laterality=left,PMC8627357_01,1,A 36-year-old HIV-negative male with a history of methamphetamine and intravenous heroin use initially presented to an outside facility with left upper extremity cellulitis and dyspnea one week prior to admission
P:PMC8627357_01,M:heroin,HAS_HISTORY,laterality=left,PMC8627357_01,1,A 36-year-old HIV-negative male with a history of methamphetamine and intravenous heroin use initially presented to an outside facility with left upper extremity cellulitis and dyspnea one week prior to admission
P:PMC8627357_01,A:upper_extremity,LOCATED_IN,laterality=left,PMC8627357_01,1,A 36-year-old HIV-negative male with a history of methamphetamine and intravenous heroin use initially presented to an outside facility with left upper extremity cellulitis and dyspnea one week prior to admission
P:PMC8627357_01,D:cellulitis,PRESENTS_WITH,laterality=left,PMC8627357_01,1,A 36-year-old HIV-negative male with a history of methamphetamine and intravenous heroin use initially presented to an outside facility with left upper extremity cellulitis and dyspnea one week prior to admission
P:PMC8627357_01,D:dyspnea,PRESENTS_WITH,laterality=left,PMC8627357_01,1,A 36-year-old HIV-negative male with a history of methamphetamine and intravenous heroin use initially presented to an outside facility with left upper extremity cellulitis and dyspnea one week prior to admission
P:PMC8627357_01,E:tomography,UNDERWENT_EXAM,laterality=left,PMC8627357_01,2,"At the outside facility, a computed tomography (CT) of the left upper extremity revealed cellulitic changes with concerns for gas formation"
P:PMC8627357_01,A:upper_extremity,LOCATED_IN,laterality=left,PMC8627357_01,2,"At the outside facility, a computed tomography (CT) of the left upper extremity revealed cellulitic changes with concerns for gas formation"
P:PMC8627357_01,S:edema,LOCATED_IN,laterality=bilateral; laterality=left,PMC8627357_01,4,"Upon arrival, a physical exam revealed the patient in mild distress with bilateral rhonchial breath sounds, extensive edema, and erythema of the left upper extremity without crepitus"
P:PMC8627357_01,D:erythema,LOCATED_IN,laterality=bilateral; laterality=left,PMC8627357_01,4,"Upon arrival, a physical exam revealed the patient in mild distress with bilateral rhonchial breath sounds, extensive edema, and erythema of the left upper extremity without crepitus"
P:PMC8627357_01,A:upper_extremity,LOCATED_IN,laterality=bilateral; laterality=left,PMC8627357_01,4,"Upon arrival, a physical exam revealed the patient in mild distress with bilateral rhonchial breath sounds, extensive edema, and erythema of the left upper extremity without crepitus"
P:PMC8627357_01,A:urine,LOCATED_IN,,PMC8627357_01,5,"Initial laboratory analysis was remarkable for WBC 15.07 k/mm3, a urine drug screen positive for amphetamines and opiates, and methicillin-resistant Staphylococcus aureus growth in the blood cultures"
P:PMC8627357_01,A:blood,LOCATED_IN,,PMC8627357_01,5,"Initial laboratory analysis was remarkable for WBC 15.07 k/mm3, a urine drug screen positive for amphetamines and opiates, and methicillin-resistant Staphylococcus aureus growth in the blood cultures"
P:PMC8627357_01,A:upper_extremity,LOCATED_IN,laterality=left,PMC8627357_01,6,Repeat CT of the left upper extremity revealed soft tissue swelling without gaseous formations
P:PMC8627357_01,M:vancomycin,TAKES,,PMC8627357_01,8,"Intravenous vancomycin, clindamycin, and piperacillin-tazobactam were initiated"
P:PMC8627357_01,M:clindamycin,TAKES,,PMC8627357_01,8,"Intravenous vancomycin, clindamycin, and piperacillin-tazobactam were initiated"
P:PMC8627357_01,S:hypoxia,PRESENTS_WITH,,PMC8627357_01,9,"However, due to increasing respiratory distress and acute hypoxia to 88% via pulse oximetry, the patient was intubated and placed on ventilator support"
P:PMC8627357_01,E:oximetry,UNDERWENT_EXAM,,PMC8627357_01,9,"However, due to increasing respiratory distress and acute hypoxia to 88% via pulse oximetry, the patient was intubated and placed on ventilator support"
P:PMC8627357_01,D:lymphadenopathy,DIAGNOSED_WITH,,PMC8627357_01,10,"A CT chest without contrast revealed diffuse consolidative processes, cavitation foci, diffuse mediastinal and axillary lymphadenopathy, pleural effusions, and areas concerning for septic emboli (see Figure 1)"
P:PMC8627357_01,Pr:debridement,UNDERWENT_EXAM,laterality=left,PMC8627357_01,11,"Orthopedic surgery was consulted for debridement of the left upper extremity; however, debridement was delayed due to patient instability"
P:PMC8627357_01,A:upper_extremity,LOCATED_IN,laterality=left,PMC8627357_01,11,"Orthopedic surgery was consulted for debridement of the left upper extremity; however, debridement was delayed due to patient instability"
P:PMC8627357_01,M:ceftaroline,TAKES,,PMC8627357_01,14,"Upon culture and sensitivity results, the antibiotics were changed to ceftaroline, gentamicin, and linezolid for presumed IE according to Duke's criteria in the absence of valvular vegetations"
P:PMC8627357_01,M:linezolid,TAKES,,PMC8627357_01,14,"Upon culture and sensitivity results, the antibiotics were changed to ceftaroline, gentamicin, and linezolid for presumed IE according to Duke's criteria in the absence of valvular vegetations"
P:PMC8627357_01,Pr:renal_replacement_therapy,UNDERWENT_EXAM,,PMC8627357_01,15,"In the following days, the patient had a secondary spontaneous PTX (see Figure 3) requiring surgical chest tube placement, paralytic usage in addition to renal replacement therapy due to worsening acidosis and uremia"
P:PMC8627357_01,D:acidosis,LOCATED_IN,,PMC8627357_01,15,"In the following days, the patient had a secondary spontaneous PTX (see Figure 3) requiring surgical chest tube placement, paralytic usage in addition to renal replacement therapy due to worsening acidosis and uremia"
P:PMC8627357_01,D:uremia,LOCATED_IN,,PMC8627357_01,15,"In the following days, the patient had a secondary spontaneous PTX (see Figure 3) requiring surgical chest tube placement, paralytic usage in addition to renal replacement therapy due to worsening acidosis and uremia"
P:PMC8627357_01,R:subcutaneous_emphysema,MENTIONS,aspect=anterior,PMC8627357_01,17,"Two days following the removal of the first chest tube, the patient spontaneously had the development of large subcutaneous emphysema spreading of the anterior thorax that was improved with increasing the wall suction of the existing chest tube (see Figure 4)"
P:PMC8627357_01,A:thorax,LOCATED_IN,aspect=anterior,PMC8627357_01,17,"Two days following the removal of the first chest tube, the patient spontaneously had the development of large subcutaneous emphysema spreading of the anterior thorax that was improved with increasing the wall suction of the existing chest tube (see Figure 4)"
P:PMC8627357_01,Pr:suction,UNDERWENT_EXAM,aspect=anterior,PMC8627357_01,17,"Two days following the removal of the first chest tube, the patient spontaneously had the development of large subcutaneous emphysema spreading of the anterior thorax that was improved with increasing the wall suction of the existing chest tube (see Figure 4)"
P:PMC8627357_01,E:neuromuscular_blockade,UNDERWENT_EXAM,,PMC8627357_01,18,"After a course of hemodialysis, lung-protective ventilation, neuromuscular blockade, and antibiotic management, a tracheostomy and percutaneous endoscopic gastrostomy were performed, and the patient was downgraded from the intensive care unit to a step-down unit with chest tubes to water seal"
P:PMC8627357_01,Pr:tracheostomy,UNDERWENT_EXAM,,PMC8627357_01,18,"After a course of hemodialysis, lung-protective ventilation, neuromuscular blockade, and antibiotic management, a tracheostomy and percutaneous endoscopic gastrostomy were performed, and the patient was downgraded from the intensive care unit to a step-down unit with chest tubes to water seal"
P:PMC8627357_01,Pr:gastrostomy,UNDERWENT_EXAM,,PMC8627357_01,18,"After a course of hemodialysis, lung-protective ventilation, neuromuscular blockade, and antibiotic management, a tracheostomy and percutaneous endoscopic gastrostomy were performed, and the patient was downgraded from the intensive care unit to a step-down unit with chest tubes to water seal"
P:PMC8627357_01,Pr:rehabilitation,UNDERWENT_EXAM,,PMC8627357_01,19,The patient was subsequently discharged to a rehabilitation facility.
P:PMC5833205_01,S:edema,LOCATED_IN,laterality=bilateral,PMC5833205_01,2,"His parents had first noticed a mild periorbital edema 2 weeks prior, and they reported that the swelling had progressed steadily over time, eventually resulting in worsening abdominal distension and bilateral lower extremity edema"
P:PMC5833205_01,A:lower_extremity,LOCATED_IN,laterality=bilateral,PMC5833205_01,2,"His parents had first noticed a mild periorbital edema 2 weeks prior, and they reported that the swelling had progressed steadily over time, eventually resulting in worsening abdominal distension and bilateral lower extremity edema"
P:PMC5833205_01,S:edema,LOCATED_IN,,PMC5833205_01,3,"Clinical history obtained in the office revealed that shortly after the edema was noted, the patient began passing up to 5 to 6 loose to watery, grossly nonbloody stools per day"
P:PMC5833205_01,A:milk,LOCATED_IN,,PMC5833205_01,4,Additional history revealed that the boy routinely drank more than 28 ounces of cow milk per day
P:PMC5833205_01,E:urinalysis,UNDERWENT_EXAM,dosage=1.8 g,PMC5833205_01,5,"Laboratory studies obtained at his pediatrician's office revealed an albumin of 1.8 g/dL, and a urinalysis that was negative for protein"
P:PMC5833205_01,D:anemia,DIAGNOSED_WITH,dosage=6.4 mg; dosage=1.6 g; dosage=3.0 g; value=6.4 mg/dL,PMC5833205_01,7,"Laboratory studies obtained in the emergency department were consistent with a microcytic anemia (hemoglobin of 6.4 mg/dL with mean corpuscular volume of 69 fL), iron deficiency (ferritin of 4.9 ng/L), and hypoproteinemia (albumin of 1.6 g/dL, total protein of 3.0 g/dL)"
P:PMC5833205_01,M:iron,TAKES,dosage=6.4 mg; dosage=1.6 g; dosage=3.0 g; value=6.4 mg/dL,PMC5833205_01,7,"Laboratory studies obtained in the emergency department were consistent with a microcytic anemia (hemoglobin of 6.4 mg/dL with mean corpuscular volume of 69 fL), iron deficiency (ferritin of 4.9 ng/L), and hypoproteinemia (albumin of 1.6 g/dL, total protein of 3.0 g/dL)"
P:PMC5833205_01,D:hypoproteinemia,DIAGNOSED_WITH,dosage=6.4 mg; dosage=1.6 g; dosage=3.0 g; value=6.4 mg/dL,PMC5833205_01,7,"Laboratory studies obtained in the emergency department were consistent with a microcytic anemia (hemoglobin of 6.4 mg/dL with mean corpuscular volume of 69 fL), iron deficiency (ferritin of 4.9 ng/L), and hypoproteinemia (albumin of 1.6 g/dL, total protein of 3.0 g/dL)"
P:PMC5833205_01,E:occult_blood,UNDERWENT_EXAM,dosage=1.13 mg,PMC5833205_01,8,"His fecal alpha-1-antitrypsin level was markedly elevated beyond the quantifiable upper limit of our testing (>1.13 mg/g), and his stool tested positive for occult blood"
P:PMC5833205_01,E:endoscopy,UNDERWENT_EXAM,,PMC5833205_01,9,"Workup included performance of upper endoscopy and colonoscopy, and these studies revealed grossly normal appearing mucosa lining the upper and lower gastrointestinal tract"
P:PMC5833205_01,E:colonoscopy,UNDERWENT_EXAM,,PMC5833205_01,9,"Workup included performance of upper endoscopy and colonoscopy, and these studies revealed grossly normal appearing mucosa lining the upper and lower gastrointestinal tract"
P:PMC5833205_01,A:lower_gastrointestinal_tract,LOCATED_IN,,PMC5833205_01,9,"Workup included performance of upper endoscopy and colonoscopy, and these studies revealed grossly normal appearing mucosa lining the upper and lower gastrointestinal tract"
P:PMC5833205_01,A:eosinophils,LOCATED_IN,,PMC5833205_01,10,"Subsequent histologic examination revealed only a mild increase in the number of eosinophils in the gastric antrum and otherwise normal-appearing mucosa without the presence of acute or chronic inflammation in his esophagus, duodenum, colon, and rectum"
P:PMC5833205_01,A:esophagus,LOCATED_IN,,PMC5833205_01,10,"Subsequent histologic examination revealed only a mild increase in the number of eosinophils in the gastric antrum and otherwise normal-appearing mucosa without the presence of acute or chronic inflammation in his esophagus, duodenum, colon, and rectum"
P:PMC5833205_01,A:duodenum,LOCATED_IN,,PMC5833205_01,10,"Subsequent histologic examination revealed only a mild increase in the number of eosinophils in the gastric antrum and otherwise normal-appearing mucosa without the presence of acute or chronic inflammation in his esophagus, duodenum, colon, and rectum"
P:PMC5833205_01,A:colon,LOCATED_IN,,PMC5833205_01,10,"Subsequent histologic examination revealed only a mild increase in the number of eosinophils in the gastric antrum and otherwise normal-appearing mucosa without the presence of acute or chronic inflammation in his esophagus, duodenum, colon, and rectum"
P:PMC5833205_01,A:rectum,LOCATED_IN,,PMC5833205_01,10,"Subsequent histologic examination revealed only a mild increase in the number of eosinophils in the gastric antrum and otherwise normal-appearing mucosa without the presence of acute or chronic inflammation in his esophagus, duodenum, colon, and rectum"
P:PMC5833205_01,A:blood_cells,LOCATED_IN,dosage=6 mg,PMC5833205_01,11,The patient received 1 transfusion (20 mL/kg) of packed red blood cells and was treated with oral iron replacement at a dose of 6 mg/kg of elemental iron/day
P:PMC5833205_01,M:iron,TAKES,dosage=6 mg,PMC5833205_01,11,The patient received 1 transfusion (20 mL/kg) of packed red blood cells and was treated with oral iron replacement at a dose of 6 mg/kg of elemental iron/day
P:PMC5833205_01,A:milk,LOCATED_IN,,PMC5833205_01,12,"Cow milk was empirically eliminated from his diet, and he was instead placed on an amino acid-based formula as an intervention to address the possibility of an unusually late presentation of cow milk protein intolerance"
P:PMC5833205_01,S:edema,LOCATED_IN,,PMC5833205_01,15,His albumin normalized within 1 week and his edema resolved completely
P:PMC5833205_01,M:iron,TAKES,dosage=11.8 g,PMC5833205_01,16,"After 3 months of oral iron therapy, his hemoglobin had risen to 11.8 g/dL and his ferritin was 29.4 ng/L."
P:PMC3917415_01,S:headache,HAS_HISTORY,,PMC3917415_01,1,A 47-year-old Japanese woman with 23 years' history of SLE had sudden onset of severe headache and was referred to our hospital
P:PMC3917415_01,M:prednisolone,TAKES,dosage=7.5mg; dosage=50mg,PMC3917415_01,2,She had been treated as an out-patient with a daily prednisolone dose of 7.5mg and cyclophosphamide of 50mg/day before the onset
P:PMC3917415_01,M:cyclophosphamide,TAKES,dosage=7.5mg; dosage=50mg,PMC3917415_01,2,She had been treated as an out-patient with a daily prednisolone dose of 7.5mg and cyclophosphamide of 50mg/day before the onset
P:PMC3917415_01,E:glomerular_filtration_rate,UNDERWENT_EXAM,,PMC3917415_01,3,Her glomerular filtration rate (GFR) was 5.6mL/minute /1.73m2 and the stage was classified as G5 (end stage) of chronic kidney disease (CKD) on admission
P:PMC3917415_01,A:kidney,LOCATED_IN,,PMC3917415_01,3,Her glomerular filtration rate (GFR) was 5.6mL/minute /1.73m2 and the stage was classified as G5 (end stage) of chronic kidney disease (CKD) on admission
P:PMC3917415_01,R:disease,MENTIONS,,PMC3917415_01,3,Her glomerular filtration rate (GFR) was 5.6mL/minute /1.73m2 and the stage was classified as G5 (end stage) of chronic kidney disease (CKD) on admission
P:PMC3917415_01,M:complement_c3,TAKES,dosage=66mg; dosage=14mg; value=66mg/dL; value=14mg/dL,PMC3917415_01,4,"Laboratory examinations revealed hypocomplementemia (complement C3: 66mg/dL, C4: 14mg/dL)"
P:PMC3917415_01,E:tomography,UNDERWENT_EXAM,laterality=right,PMC3917415_01,6,Computed tomography (CT) demonstrated SAH in her right Sylvian fissure (Figure 1a)
P:PMC3917415_01,D:aneurysm,DIAGNOSED_WITH,,PMC3917415_01,7,"Considering that she had SLE and had developed chronic renal failure without renal dialysis, MRA was used to identify her ruptured aneurysm"
P:PMC3917415_01,D:aneurysm,DIAGNOSED_WITH,laterality=right; aspect=proximal,PMC3917415_01,11,"MRA revealed a fenestration at the M1 portion of her right MCA and a small saccular aneurysm at the proximal end of the fenestration (Figure 1c,d)"
P:PMC3917415_01,D:aneurysm,DIAGNOSED_WITH,,PMC3917415_01,12,This was consistent with a ruptured aneurysm
P:PMC3917415_01,Pr:craniotomy,UNDERWENT_EXAM,laterality=left,PMC3917415_01,13,A left frontotemporal craniotomy was performed to clip the neck of her aneurysm on the same day
P:PMC3917415_01,A:neck,LOCATED_IN,laterality=left,PMC3917415_01,13,A left frontotemporal craniotomy was performed to clip the neck of her aneurysm on the same day
P:PMC3917415_01,D:aneurysm,DIAGNOSED_WITH,laterality=left,PMC3917415_01,13,A left frontotemporal craniotomy was performed to clip the neck of her aneurysm on the same day
P:PMC3917415_01,D:aneurysm,DIAGNOSED_WITH,,PMC3917415_01,14,"The fenestration and ruptured aneurysm were confirmed under surgical microscopy, and the aneurysm was successfully occluded (Figure 2a,b)"
P:PMC3917415_01,E:microscopy,UNDERWENT_EXAM,,PMC3917415_01,14,"The fenestration and ruptured aneurysm were confirmed under surgical microscopy, and the aneurysm was successfully occluded (Figure 2a,b)"
P:PMC3917415_01,M:indocyanine_green,TAKES,,PMC3917415_01,15,Intraoperative indocyanine green videoangiography confirmed this result (Figure 2c)
P:PMC3917415_01,Pr:perioperative_period,UNDERWENT_EXAM,,PMC3917415_01,16,The present patient was carefully managed avoiding cerebral vasospasm and general complications during the perioperative period and renal dialysis was initiated after the acute phase and had a favorable outcome
P:PMC3917415_01,Pr:renal_dialysis,UNDERWENT_EXAM,,PMC3917415_01,16,The present patient was carefully managed avoiding cerebral vasospasm and general complications during the perioperative period and renal dialysis was initiated after the acute phase and had a favorable outcome
P:PMC3917415_01,D:hydrocephalus,DIAGNOSED_WITH,,PMC3917415_01,17,"Postoperatively, she developed normal pressure hydrocephalus, requiring placement of a ventriculoperitoneal shunt"
P:PMC3917415_01,Pr:ventriculoperitoneal_shunt,UNDERWENT_EXAM,,PMC3917415_01,17,"Postoperatively, she developed normal pressure hydrocephalus, requiring placement of a ventriculoperitoneal shunt"
P:PMC7718649_01,M:prednisone,TAKES,dosage=10 mg; dosage=0.2 g,PMC7718649_01,2,"Her long-term treatment for SLE is prednisone (10 mg p.o., once daily) and hydroxychloroquine (0.2 g p.o., twice daily)"
P:PMC7718649_01,M:hydroxychloroquine,TAKES,dosage=10 mg; dosage=0.2 g,PMC7718649_01,2,"Her long-term treatment for SLE is prednisone (10 mg p.o., once daily) and hydroxychloroquine (0.2 g p.o., twice daily)"
P:PMC7718649_01,S:fever,PRESENTS_WITH,,PMC7718649_01,5,"On January 22, 2020, the patient presented fever (peak value: 39 C) with chills, rigor, muscular soreness and fatigue"
P:PMC7718649_01,S:chills,PRESENTS_WITH,,PMC7718649_01,5,"On January 22, 2020, the patient presented fever (peak value: 39 C) with chills, rigor, muscular soreness and fatigue"
P:PMC7718649_01,S:fatigue,PRESENTS_WITH,,PMC7718649_01,5,"On January 22, 2020, the patient presented fever (peak value: 39 C) with chills, rigor, muscular soreness and fatigue"
P:PMC7718649_01,A:sputum,LOCATED_IN,,PMC7718649_01,6,She coughed with small amount of white sputum occasionally
P:PMC7718649_01,S:nausea,PRESENTS_WITH,,PMC7718649_01,8,"The next day, she developed nausea, anorexia, heartburn and diarrhea (liquid stool, three times per day)"
P:PMC7718649_01,S:anorexia,PRESENTS_WITH,,PMC7718649_01,8,"The next day, she developed nausea, anorexia, heartburn and diarrhea (liquid stool, three times per day)"
P:PMC7718649_01,S:heartburn,PRESENTS_WITH,,PMC7718649_01,8,"The next day, she developed nausea, anorexia, heartburn and diarrhea (liquid stool, three times per day)"
P:PMC7718649_01,S:diarrhea,PRESENTS_WITH,,PMC7718649_01,8,"The next day, she developed nausea, anorexia, heartburn and diarrhea (liquid stool, three times per day)"
P:PMC7718649_01,M:oseltamivir,TAKES,dosage=75 mg; dosage=0.3 g; dosage=0.4 g; dosage=1.4 g,PMC7718649_01,9,"On January 25, she visited the clinic for the first time and was given oral medicines (oseltamivir 75 mg twice daily, arbidol 0.3 g twice daily, moxifloxacin 0.4 g once daily and Lianhuaqingwen capsules 1.4 g three times daily)"
P:PMC7718649_01,M:moxifloxacin,TAKES,dosage=75 mg; dosage=0.3 g; dosage=0.4 g; dosage=1.4 g,PMC7718649_01,9,"On January 25, she visited the clinic for the first time and was given oral medicines (oseltamivir 75 mg twice daily, arbidol 0.3 g twice daily, moxifloxacin 0.4 g once daily and Lianhuaqingwen capsules 1.4 g three times daily)"
P:PMC7718649_01,M:capsules,TAKES,dosage=75 mg; dosage=0.3 g; dosage=0.4 g; dosage=1.4 g,PMC7718649_01,9,"On January 25, she visited the clinic for the first time and was given oral medicines (oseltamivir 75 mg twice daily, arbidol 0.3 g twice daily, moxifloxacin 0.4 g once daily and Lianhuaqingwen capsules 1.4 g three times daily)"
P:PMC7718649_01,M:prednisone,TAKES,,PMC7718649_01,10,The dosage of prednisone and hydroxychloroquine remained the same as her usually used
P:PMC7718649_01,M:hydroxychloroquine,TAKES,,PMC7718649_01,10,The dosage of prednisone and hydroxychloroquine remained the same as her usually used
P:PMC7718649_01,E:polymerase_chain_reaction,UNDERWENT_EXAM,,PMC7718649_01,12,"The outpatient doctor took nasopharyngeal swabs to test SARS-CoV-2 and influenza A virus by real-time reverse transcription polymerase chain reaction (rRT-PCR), both of which were positive"
P:PMC7718649_01,E:medical_records,UNDERWENT_EXAM,laterality=bilateral,PMC7718649_01,13,"At the same time, her thoracic CT showed bilateral patchy ground-glass opacities (according to the medical records, images not available)"
P:PMC7718649_01,M:prednisone,TAKES,dosage=5 g; dosage=25 mg,PMC7718649_01,14,"Hence, human immunoglobulin was given intravenously (IVIg, 5 g once daily) with the aforementioned oral medicines and increased dose of prednisone (25 mg once daily) for 5 days since February 4"
P:PMC7718649_01,M:immunoglobulin_g,TAKES,,PMC7718649_01,15,"Intravenous immunoglobulin is immunoglobulin G made from healthy human plasma, and low dose of IVIg was used for nonspecific and wide-spectrum antiviral and antibacterial therapies"
P:PMC7718649_01,A:plasma,LOCATED_IN,,PMC7718649_01,15,"Intravenous immunoglobulin is immunoglobulin G made from healthy human plasma, and low dose of IVIg was used for nonspecific and wide-spectrum antiviral and antibacterial therapies"
P:PMC7718649_01,E:medical_records,UNDERWENT_EXAM,,PMC7718649_01,16,"On February 8, the patient' symptoms were relieved partially, but the second thoracic CT showed pulmonary lesions extension (according to the medical records, images not available)"
P:PMC7718649_01,E:lymphocyte_count,UNDERWENT_EXAM,,PMC7718649_01,17,"Laboratory tests found leucocytosis (11.09 x 109/L), neutrophilic leucocytosis (9.46 x 109/L) and normal lymphocyte count (1.33 x 109/L) (Table 1)"
P:PMC7718649_01,S:fever,LOCATED_IN,,PMC7718649_01,18,"Then, the patient was admitted to fever ward of Sino-French New City Branch of Tongji Hospital, a designated hospital for diagnosis and treatment of COVID-19 in Wuhan"
P:PMC7718649_01,E:diagnosis,UNDERWENT_EXAM,,PMC7718649_01,18,"Then, the patient was admitted to fever ward of Sino-French New City Branch of Tongji Hospital, a designated hospital for diagnosis and treatment of COVID-19 in Wuhan"
P:PMC7718649_01,E:physical_examination,UNDERWENT_EXAM,,PMC7718649_01,20,"Physical examination revealed that the conscious of the patient was clear, temperature was 37.1 C, blood pressure was 136/74 mmHg, pulse rate was 77 beats per minute, respiratory rate was 18 breaths per minute and peripheral oxygen saturation under oxygen inhalation (3 L/min) through nasal catheter was 98%"
P:PMC7718649_01,E:blood_pressure,UNDERWENT_EXAM,,PMC7718649_01,20,"Physical examination revealed that the conscious of the patient was clear, temperature was 37.1 C, blood pressure was 136/74 mmHg, pulse rate was 77 beats per minute, respiratory rate was 18 breaths per minute and peripheral oxygen saturation under oxygen inhalation (3 L/min) through nasal catheter was 98%"
P:PMC7718649_01,E:respiratory_rate,UNDERWENT_EXAM,,PMC7718649_01,20,"Physical examination revealed that the conscious of the patient was clear, temperature was 37.1 C, blood pressure was 136/74 mmHg, pulse rate was 77 beats per minute, respiratory rate was 18 breaths per minute and peripheral oxygen saturation under oxygen inhalation (3 L/min) through nasal catheter was 98%"
P:PMC7718649_01,E:blood_cell_count,UNDERWENT_EXAM,,PMC7718649_01,22,"White blood cell count, neutrophilic granulocyte count and lymphocyte count were normal"
P:PMC7718649_01,E:lymphocyte_count,UNDERWENT_EXAM,,PMC7718649_01,22,"White blood cell count, neutrophilic granulocyte count and lymphocyte count were normal"
P:PMC7718649_01,A:kidney,LOCATED_IN,,PMC7718649_01,24,"Mild injuries of kidney, myocardium, liver and coagulation function were observed"
P:PMC7718649_01,A:myocardium,LOCATED_IN,,PMC7718649_01,24,"Mild injuries of kidney, myocardium, liver and coagulation function were observed"
P:PMC7718649_01,A:liver,LOCATED_IN,,PMC7718649_01,24,"Mild injuries of kidney, myocardium, liver and coagulation function were observed"
P:PMC7718649_01,A:blood,LOCATED_IN,value=11.1 mmol/L,PMC7718649_01,26,"Glycosylated hemoglobin was 7.1%, and postprandial blood sugar was higher than 11.1 mmol/L"
P:PMC7718649_01,A:urine,LOCATED_IN,,PMC7718649_01,27,Routine tests of stool and urine samples were normal
P:PMC7718649_01,D:diabetes_mellitus,DIAGNOSED_WITH,,PMC7718649_01,28,"The patient was diagnosed of SLE combined with COVID-19, influenza A, M. pneumoniae infection and diabetes mellitus"
P:PMC7718649_01,M:prednisone,TAKES,dosage=25 mg; dosage=0.2 g,PMC7718649_01,29,"Prednisone (25 mg p.o., once daily) and hydroxychloroquine (0.2 g p.o., twice daily) were given to cover the concurrence of SLE and COVID-19"
P:PMC7718649_01,M:hydroxychloroquine,TAKES,dosage=25 mg; dosage=0.2 g,PMC7718649_01,29,"Prednisone (25 mg p.o., once daily) and hydroxychloroquine (0.2 g p.o., twice daily) were given to cover the concurrence of SLE and COVID-19"
P:PMC7718649_01,M:pantoprazole,TAKES,dosage=40 mg,PMC7718649_01,30,"Pantoprazole (40 mg p.o., once daily) was used to prevent gastric mucosal injury caused by prednisone"
P:PMC7718649_01,M:prednisone,TAKES,dosage=40 mg,PMC7718649_01,30,"Pantoprazole (40 mg p.o., once daily) was used to prevent gastric mucosal injury caused by prednisone"
P:PMC7718649_01,M:levofloxacin,TAKES,dosage=0.5 g,PMC7718649_01,31,"Levofloxacin (0.5 g p.o., once daily) was given to deal with bacterial and M. pneumoniae infection"
P:PMC7718649_01,M:acarbose,TAKES,dosage=50 mg,PMC7718649_01,32,"Then, acarbose (50 mg before lunch and dinner daily) was applied to control the blood glucose"
P:PMC7718649_01,A:blood,LOCATED_IN,dosage=50 mg,PMC7718649_01,32,"Then, acarbose (50 mg before lunch and dinner daily) was applied to control the blood glucose"
P:PMC7718649_01,M:glucose,TAKES,dosage=50 mg,PMC7718649_01,32,"Then, acarbose (50 mg before lunch and dinner daily) was applied to control the blood glucose"
P:PMC7718649_01,Pr:hospitalization,UNDERWENT_EXAM,,PMC7718649_01,33,"On the 6th day of hospitalization, the symptoms of the patient eased"
P:PMC7718649_01,E:medical_records,UNDERWENT_EXAM,laterality=bilateral,PMC7718649_01,34,"Thoracic CT (February 14, 2020) showed bilateral ground-glass, patchy and cord-like shadows (Figure 2a), which was better than the second CT (February 8, 2020) before admission (according to the medical records)"
P:PMC7718649_01,Pr:hospitalization,UNDERWENT_EXAM,,PMC7718649_01,35,"On the 8th day of hospitalization, some laboratory examinations were retested, and most of which were improved (Table 1)"
P:PMC7718649_01,M:prednisone,TAKES,dosage=15 mg,PMC7718649_01,36,Dosage of prednisone was reduced to 15 mg once daily as pneumonia improved
P:PMC7718649_01,D:pneumonia,DIAGNOSED_WITH,dosage=15 mg,PMC7718649_01,36,Dosage of prednisone was reduced to 15 mg once daily as pneumonia improved
P:PMC7718649_01,Pr:hospitalization,UNDERWENT_EXAM,,PMC7718649_01,37,"On day 15 of hospitalization, laboratory tests revealed that most of the values were better than previous tests (Table 1)"
P:PMC7718649_01,A:serum,LOCATED_IN,,PMC7718649_01,38,"Inflammatory indicators such as serum ferritin, high-sensitivity C-reactive protein (hsCRP), erythrocyte sedimentation rate (ESR) and interleukin-6 were lower"
P:PMC7718649_01,A:lymphocytes,LOCATED_IN,,PMC7718649_01,39,Subgroup typing of lymphocytes represented elevation of CD4+ T cells (1517/muL) and reduction of CD8+ T cell (252/muL)
P:PMC7718649_01,A:cells,LOCATED_IN,,PMC7718649_01,39,Subgroup typing of lymphocytes represented elevation of CD4+ T cells (1517/muL) and reduction of CD8+ T cell (252/muL)
P:PMC7718649_01,M:prednisone,TAKES,dosage=10 mg,PMC7718649_01,42,The dosage of prednisone was then reduced to 10 mg once daily as pneumonia improved
P:PMC7718649_01,D:pneumonia,DIAGNOSED_WITH,dosage=10 mg,PMC7718649_01,42,The dosage of prednisone was then reduced to 10 mg once daily as pneumonia improved
P:PMC7718649_01,A:wrist,LOCATED_IN,dosage=60 mg,PMC7718649_01,44,"Two days later (day 20), the patient developed wrist pain, and loxoprofen (60 mg p.o., twice daily) was used to alleviate it"
P:PMC7718649_01,S:pain,PRESENTS_WITH,dosage=60 mg,PMC7718649_01,44,"Two days later (day 20), the patient developed wrist pain, and loxoprofen (60 mg p.o., twice daily) was used to alleviate it"
P:PMC7718649_01,Pr:hospitalization,UNDERWENT_EXAM,,PMC7718649_01,45,"On day 22 of hospitalization, no symptoms of the patient were observed"
P:PMC7718649_01,A:serum,LOCATED_IN,,PMC7718649_01,48,"Serum immunoglobulin M (IgM) and immunoglobulin G (IgG) of SARS-CoV-2 were 33.73 AU/mL (normal range: <=10 AU/mL) and 198.77 AU/mL (normal range: <=10 AU/mL), respectively"
P:PMC7718649_01,M:immunoglobulin_m,TAKES,,PMC7718649_01,48,"Serum immunoglobulin M (IgM) and immunoglobulin G (IgG) of SARS-CoV-2 were 33.73 AU/mL (normal range: <=10 AU/mL) and 198.77 AU/mL (normal range: <=10 AU/mL), respectively"
P:PMC7718649_01,M:immunoglobulin_g,TAKES,,PMC7718649_01,48,"Serum immunoglobulin M (IgM) and immunoglobulin G (IgG) of SARS-CoV-2 were 33.73 AU/mL (normal range: <=10 AU/mL) and 198.77 AU/mL (normal range: <=10 AU/mL), respectively"
P:PMC7718649_01,A:back,LOCATED_IN,,PMC7718649_01,49,"Since the patient met the criteria of discharge (temperature came back to normal for over 3 days, respiratory symptoms significantly improved, thoracic radiology showed obvious improvement in acute exudative lesions and negative results of rRT-PCR of SARS-CoV-2 for two nasal pharyngeal swabs over 24 h), she was discharged on March 4, 2020"
P:PMC7718649_01,E:negative_results,UNDERWENT_EXAM,,PMC7718649_01,49,"Since the patient met the criteria of discharge (temperature came back to normal for over 3 days, respiratory symptoms significantly improved, thoracic radiology showed obvious improvement in acute exudative lesions and negative results of rRT-PCR of SARS-CoV-2 for two nasal pharyngeal swabs over 24 h), she was discharged on March 4, 2020"
P:PMC6134951_01,D:asthma,HAS_HISTORY,laterality=left,PMC6134951_01,1,"A 49-year-old Hispanic never-smoking female, with a history of asthma and resected atrial myxoma, was found to have a left upper lobe perihilar lung nodule, mediastinal lymphadenopathy, and a large left pleural effusion"
P:PMC6134951_01,D:myxoma,HAS_HISTORY,laterality=left,PMC6134951_01,1,"A 49-year-old Hispanic never-smoking female, with a history of asthma and resected atrial myxoma, was found to have a left upper lobe perihilar lung nodule, mediastinal lymphadenopathy, and a large left pleural effusion"
P:PMC6134951_01,A:lung,LOCATED_IN,laterality=left,PMC6134951_01,1,"A 49-year-old Hispanic never-smoking female, with a history of asthma and resected atrial myxoma, was found to have a left upper lobe perihilar lung nodule, mediastinal lymphadenopathy, and a large left pleural effusion"
P:PMC6134951_01,D:lymphadenopathy,HAS_HISTORY,laterality=left,PMC6134951_01,1,"A 49-year-old Hispanic never-smoking female, with a history of asthma and resected atrial myxoma, was found to have a left upper lobe perihilar lung nodule, mediastinal lymphadenopathy, and a large left pleural effusion"
P:PMC6134951_01,D:pleural_effusion,HAS_HISTORY,laterality=left,PMC6134951_01,1,"A 49-year-old Hispanic never-smoking female, with a history of asthma and resected atrial myxoma, was found to have a left upper lobe perihilar lung nodule, mediastinal lymphadenopathy, and a large left pleural effusion"
P:PMC6134951_01,D:pleural_effusion,DIAGNOSED_WITH,,PMC6134951_01,2,Cytology of the pleural effusion was consistent with TTF1-positive pulmonary adenocarcinoma
P:PMC6134951_01,D:adenocarcinoma,DIAGNOSED_WITH,,PMC6134951_01,2,Cytology of the pleural effusion was consistent with TTF1-positive pulmonary adenocarcinoma
P:PMC6134951_01,M:carboplatin,TAKES,,PMC6134951_01,5,She was treated initially with four cycles of carboplatin and pemetrexed and subsequently eight cycles of pembrolizumab with the progression of disease
P:PMC6134951_01,M:pemetrexed,TAKES,,PMC6134951_01,5,She was treated initially with four cycles of carboplatin and pemetrexed and subsequently eight cycles of pembrolizumab with the progression of disease
P:PMC6134951_01,R:disease,MENTIONS,,PMC6134951_01,5,She was treated initially with four cycles of carboplatin and pemetrexed and subsequently eight cycles of pembrolizumab with the progression of disease
P:PMC6134951_01,S:chest_pain,PRESENTS_WITH,dosage=600 mg; laterality=left,PMC6134951_01,10,The patient started on alectinib 600 mg twice a day and had a rapid improvement of her left-sided chest pain
P:PMC6134951_01,A:face,LOCATED_IN,,PMC6134951_01,11,"However, 10 days later, she developed a non-pruritic morbilliform rash spreading from trunk to the entire body, including palms, soles, and face with mild lip and eye swelling (Figure 1A)"
P:PMC6134951_01,A:lip,LOCATED_IN,,PMC6134951_01,11,"However, 10 days later, she developed a non-pruritic morbilliform rash spreading from trunk to the entire body, including palms, soles, and face with mild lip and eye swelling (Figure 1A)"
P:PMC6134951_01,A:eye,LOCATED_IN,,PMC6134951_01,11,"However, 10 days later, she developed a non-pruritic morbilliform rash spreading from trunk to the entire body, including palms, soles, and face with mild lip and eye swelling (Figure 1A)"
P:PMC6134951_01,A:arm,LOCATED_IN,laterality=right,PMC6134951_01,13,"A right arm lesion was punch biopsied, showing spongiotic and interface dermatitis with eosinophils, consistent with drug eruption (delayed type IV hypersensitivity, Figure 1B)"
P:PMC6134951_01,D:dermatitis,DIAGNOSED_WITH,laterality=right,PMC6134951_01,13,"A right arm lesion was punch biopsied, showing spongiotic and interface dermatitis with eosinophils, consistent with drug eruption (delayed type IV hypersensitivity, Figure 1B)"
P:PMC6134951_01,A:eosinophils,LOCATED_IN,laterality=right,PMC6134951_01,13,"A right arm lesion was punch biopsied, showing spongiotic and interface dermatitis with eosinophils, consistent with drug eruption (delayed type IV hypersensitivity, Figure 1B)"
P:PMC6134951_01,D:hypersensitivity,DIAGNOSED_WITH,laterality=right,PMC6134951_01,13,"A right arm lesion was punch biopsied, showing spongiotic and interface dermatitis with eosinophils, consistent with drug eruption (delayed type IV hypersensitivity, Figure 1B)"
P:PMC6134951_01,D:eosinophilia,DIAGNOSED_WITH,,PMC6134951_01,14,"She had no hematologic (eosinophilia), hepatic, renal, or pulmonary abnormality to suggest drug reaction with eosinophilia and systemic symptoms"
P:PMC6134951_01,R:disease,MENTIONS,,PMC6134951_01,15,"Infectious disease workup was negative for streptococcal pharyngitis, HIV, parvovirus, herpes, syphilis, strongyloidiasis, and bacteremia"
P:PMC6134951_01,D:syphilis,DIAGNOSED_WITH,,PMC6134951_01,15,"Infectious disease workup was negative for streptococcal pharyngitis, HIV, parvovirus, herpes, syphilis, strongyloidiasis, and bacteremia"
P:PMC6134951_01,D:strongyloidiasis,DIAGNOSED_WITH,,PMC6134951_01,15,"Infectious disease workup was negative for streptococcal pharyngitis, HIV, parvovirus, herpes, syphilis, strongyloidiasis, and bacteremia"
P:PMC6134951_01,D:bacteremia,DIAGNOSED_WITH,,PMC6134951_01,15,"Infectious disease workup was negative for streptococcal pharyngitis, HIV, parvovirus, herpes, syphilis, strongyloidiasis, and bacteremia"
P:PMC6134951_01,M:prednisone,TAKES,dosage=30 mg; dosage=20 mg,PMC6134951_01,17,Oral prednisone was started at 30 mg on day 1 and was tapered to 20 mg on the next day
P:PMC6134951_01,M:diphenhydramine,TAKES,dosage=50 mg,PMC6134951_01,19,She also received one dose of diphenhydramine 50 mg intravenously prior to oral prednisone and topical triamcinolone cream
P:PMC6134951_01,M:prednisone,TAKES,dosage=50 mg,PMC6134951_01,19,She also received one dose of diphenhydramine 50 mg intravenously prior to oral prednisone and topical triamcinolone cream
P:PMC6134951_01,M:triamcinolone,TAKES,dosage=50 mg,PMC6134951_01,19,She also received one dose of diphenhydramine 50 mg intravenously prior to oral prednisone and topical triamcinolone cream
P:PMC6134951_01,M:prednisone,TAKES,,PMC6134951_01,21,"The rash improved rapidly, and the patient's febrile episodes resolved following 1 day of prednisone administration"
P:PMC6134951_01,D:hypersensitivity,LOCATED_IN,,PMC6134951_01,22,"Desensitization was not instituted because of the perceived potentially serious nature of this delayed hypersensitivity reaction, in light of the presence of eosinophils in the skin biopsy, and high fevers"
P:PMC6134951_01,A:eosinophils,LOCATED_IN,,PMC6134951_01,22,"Desensitization was not instituted because of the perceived potentially serious nature of this delayed hypersensitivity reaction, in light of the presence of eosinophils in the skin biopsy, and high fevers"
P:PMC6134951_01,A:skin,LOCATED_IN,,PMC6134951_01,22,"Desensitization was not instituted because of the perceived potentially serious nature of this delayed hypersensitivity reaction, in light of the presence of eosinophils in the skin biopsy, and high fevers"
P:PMC6134951_01,E:biopsy,UNDERWENT_EXAM,,PMC6134951_01,22,"Desensitization was not instituted because of the perceived potentially serious nature of this delayed hypersensitivity reaction, in light of the presence of eosinophils in the skin biopsy, and high fevers"
P:PMC6134951_01,M:prednisone,TAKES,,PMC6134951_01,23,She was started with brigatinib 1 week after completion of prednisone taper
P:PMC6134951_01,D:pleural_effusion,DIAGNOSED_WITH,,PMC6134951_01,25,"Eight weeks later, rescanning showed markedly improved pleural effusion and tumor response (Figure 1C)."
P:PMC6343374_01,E:echocardiography,UNDERWENT_EXAM,,PMC6343374_01,2,"Echocardiography allowed the diagnosis of TAC 4A, with interrupted aortic arch (IAA) and trivial truncal valve regurgitation"
P:PMC6343374_01,E:diagnosis,UNDERWENT_EXAM,,PMC6343374_01,2,"Echocardiography allowed the diagnosis of TAC 4A, with interrupted aortic arch (IAA) and trivial truncal valve regurgitation"
P:PMC6343374_01,Pr:sternotomy,UNDERWENT_EXAM,,PMC6343374_01,5,Surgical correction was performed on day 6 through a median sternotomy
P:PMC6343374_01,A:blood,LOCATED_IN,,PMC6343374_01,6,Myocardial protection was achieved with antegrade cold blood cardioplegia at a core temperature of 28 C
P:PMC6343374_01,A:blood,LOCATED_IN,laterality=Right; laterality=left,PMC6343374_01,7,"Right ventriculotomy was carried out, and VSD was closed with Dacron patch to reroute blood flow from left ventricle to truncal valve"
P:PMC6343374_01,A:subclavian_artery,LOCATED_IN,,PMC6343374_01,9,"The ductal tissue was carefully removed, and the subclavian artery and the descending aorta were sewn to the homograft augmented main PA trunk rather than the relatively small ascending aorta to avoid potential bronchial obstruction"
P:PMC6343374_01,A:aorta,LOCATED_IN,,PMC6343374_01,9,"The ductal tissue was carefully removed, and the subclavian artery and the descending aorta were sewn to the homograft augmented main PA trunk rather than the relatively small ascending aorta to avoid potential bronchial obstruction"
P:PMC6343374_01,E:echocardiography,UNDERWENT_EXAM,,PMC6343374_01,12,The postoperative echocardiography revealed no pressure gradient at the homograft site
P:PMC6343374_01,Pr:cardiopulmonary_bypass,UNDERWENT_EXAM,,PMC6343374_01,15,"Therefore at 7 months of life, he underwent stent removal and PA repair under cardiopulmonary bypass"
P:PMC6343374_01,D:bronchomalacia,DIAGNOSED_WITH,,PMC6343374_01,16,"The patient's postoperative course was complicated with bronchomalacia, which required prolonged intubation"
P:PMC6343374_01,E:intubation,UNDERWENT_EXAM,,PMC6343374_01,16,"The patient's postoperative course was complicated with bronchomalacia, which required prolonged intubation"
P:PMC6343374_01,E:echocardiography,UNDERWENT_EXAM,laterality=right,PMC6343374_01,18,"Most recent follow-up echocardiography at 36 months of life showed almost no right PA stenosis, mild truncal valve regurgitation, and mild homograft regurgitation and excellent cardiac function"
P:PMC6343374_01,Pr:reoperation,UNDERWENT_EXAM,,PMC6343374_01,24,"The aortic arch reoperation rate in the congenital heart surgery study was 13.2% (5 of 38), with the arch in most of the patients being initially repaired by direct anastomosis"
P:PMC6343374_01,A:heart,LOCATED_IN,,PMC6343374_01,24,"The aortic arch reoperation rate in the congenital heart surgery study was 13.2% (5 of 38), with the arch in most of the patients being initially repaired by direct anastomosis"
P:PMC6343374_01,A:arteries,LOCATED_IN,,PMC6343374_01,27,"If the area, where the both pulmonary arteries were excised, were patched, then this main PA segment becomes a good conduit reaching to the descending aorta"
P:PMC6343374_01,A:aorta,LOCATED_IN,,PMC6343374_01,27,"If the area, where the both pulmonary arteries were excised, were patched, then this main PA segment becomes a good conduit reaching to the descending aorta"
P:PMC6343374_01,E:dilatation,UNDERWENT_EXAM,aspect=proximal,PMC6343374_01,29,"This worked well; however, the patient developed proximal PA stenosis, which was away from the suturing line and required a balloon dilatation without success, followed by stenting"
P:PMC6343374_01,E:incidence,UNDERWENT_EXAM,,PMC6343374_01,31,"It has also been reported to have lower incidence of edge tears, which is related to less thromboembolic events"
P:PMC6343374_01,A:tears,LOCATED_IN,,PMC6343374_01,31,"It has also been reported to have lower incidence of edge tears, which is related to less thromboembolic events"
P:PMC6343374_01,D:bronchomalacia,LOCATED_IN,,PMC6343374_01,36,"However, these benefits created a problem in this infant with bronchomalacia"
P:PMC6343374_01,D:bronchomalacia,DIAGNOSED_WITH,,PMC6343374_01,40,"Postoperatively, we found this patient had bronchomalacia, which required prolonged mechanical ventilation"
P:PMC6343374_01,D:bronchomalacia,LOCATED_IN,aspect=proximal,PMC6343374_01,41,"Bronchial stent might be a solution instead of surgery, but in a circumstance of proximal PA stenosis, surgical treatment would be the choice, particularly if we know the patient has bronchomalacia"
P:PMC6343374_01,A:heart,LOCATED_IN,aspect=proximal,PMC6343374_01,43,"Stent insertion may have priority, particularly in a patient with proximal PA stenosis, but surgical repair may be the better choice in a young infant with congenital heart defect"
P:PMC9529523_01,E:diagnosis,UNDERWENT_EXAM,duration=11-year history,PMC9529523_01,1,A 41-year-old African American female with an 11-year history of stable postpartum cardiomyopathy (baseline ejection fraction of 30-35%) was referred to the rheumatology clinic due to a previous diagnosis of SLE
P:PMC9529523_01,R:disease,MENTIONS,laterality=bilateral,PMC9529523_01,2,"Her rheumatic disease history extends two years backward when she developed bilateral finger pain, ulcers, and drainage"
P:PMC9529523_01,S:pain,PRESENTS_WITH,laterality=bilateral,PMC9529523_01,2,"Her rheumatic disease history extends two years backward when she developed bilateral finger pain, ulcers, and drainage"
P:PMC9529523_01,Pr:drainage,UNDERWENT_EXAM,laterality=bilateral,PMC9529523_01,2,"Her rheumatic disease history extends two years backward when she developed bilateral finger pain, ulcers, and drainage"
P:PMC9529523_01,A:fingers,LOCATED_IN,laterality=bilateral,PMC9529523_01,3,The patient was evaluated extensively; a transthoracic echocardiogram did not show evidence of infective endocarditis and an upper extremity angiogram showed scattered microocclusion of the bilateral fingers; flow did not respond to nitroglycerin
P:PMC9529523_01,D:abscess,DIAGNOSED_WITH,laterality=left,PMC9529523_01,4,"The patient developed a left index fingertip abscess for which incision and drainage were performed, followed by amputation"
P:PMC9529523_01,Pr:drainage,UNDERWENT_EXAM,laterality=left,PMC9529523_01,4,"The patient developed a left index fingertip abscess for which incision and drainage were performed, followed by amputation"
P:PMC9529523_01,A:chromatin,LOCATED_IN,dosage=2317 mg; value=2317 mg/dL,PMC9529523_01,5,"Laboratory testing was notable for positive Antinuclear Antibody (ANA) by immunofluorescence assay (IFA) 1 : 1280 in a speckled pattern, positive Chromatin, SSA, Smith, and U1-RNP antibodies with elevated IgG levels of 2317 mg/dL"
P:PMC9529523_01,M:antibodies,TAKES,dosage=2317 mg; value=2317 mg/dL,PMC9529523_01,5,"Laboratory testing was notable for positive Antinuclear Antibody (ANA) by immunofluorescence assay (IFA) 1 : 1280 in a speckled pattern, positive Chromatin, SSA, Smith, and U1-RNP antibodies with elevated IgG levels of 2317 mg/dL"
P:PMC9529523_01,D:vasculitis,DIAGNOSED_WITH,,PMC9529523_01,7,"The vasculitis workup was negative for antineutrophil cytoplasmic cntibodies (ANCA), antiproteinase-3 (PR3), antimyeloperoxidase antibodies (MPO), and cryoglobulins"
P:PMC9529523_01,M:antibodies,TAKES,,PMC9529523_01,7,"The vasculitis workup was negative for antineutrophil cytoplasmic cntibodies (ANCA), antiproteinase-3 (PR3), antimyeloperoxidase antibodies (MPO), and cryoglobulins"
P:PMC9529523_01,M:cryoglobulins,TAKES,,PMC9529523_01,7,"The vasculitis workup was negative for antineutrophil cytoplasmic cntibodies (ANCA), antiproteinase-3 (PR3), antimyeloperoxidase antibodies (MPO), and cryoglobulins"
P:PMC9529523_01,M:antibodies,TAKES,dosage=6.2 mg; size=77 mm; value=6.2 mg/dL,PMC9529523_01,8,"Antiphospholipid antibodies including lupus anticoagulant, anti-beta-2-glycoprotein, and anticardiolipin were negative inflammatory markers were elevated; erythrocyte sedimentation rate (ESR) was 77 mm, and C-reactive protein (CRP) was 6.2 mg/dL"
P:PMC9529523_01,E:physical_examination,UNDERWENT_EXAM,,PMC9529523_01,9,"On physical examination, she had no skin thickening or other features of scleroderma"
P:PMC9529523_01,D:vasculitis,DIAGNOSED_WITH,,PMC9529523_01,10,"Overall, our initial impression was of digital vasculitis secondary to systemic lupus erythematosus"
P:PMC9529523_01,M:hydroxychloroquine,TAKES,dosage=300 mg; dosage=3.9 mg,PMC9529523_01,11,"The patient was started on hydroxychloroquine 300 mg daily (3.9 mg/kg/day), and she was advised to start mycophenolate mofetil"
P:PMC9529523_01,S:weight_loss,LOCATED_IN,,PMC9529523_01,13,She represented to our institution one year later with significant weight loss from 227 to 135 bounds (l bs)
P:PMC9529523_01,E:physical_examination,UNDERWENT_EXAM,,PMC9529523_01,14,Her physical examination showed progressive alopecia and a hypopigmented rash across her chest
P:PMC9529523_01,D:alopecia,DIAGNOSED_WITH,,PMC9529523_01,14,Her physical examination showed progressive alopecia and a hypopigmented rash across her chest
P:PMC9529523_01,A:serum,LOCATED_IN,dosage=2.14 mg; dosage=1.0 mg; value=2.14 mg/dL; value=1.0 mg/dL,PMC9529523_01,15,Evaluation of her outside labs showed a progressive rise in her serum creatinine to 2.14 mg/dL from a baseline of 1.0 mg/dL
P:PMC9529523_01,A:urine,LOCATED_IN,dosage=61 mg; size=90 mm; value=61 mg/dL,PMC9529523_01,16,"Repeated serologies showed low C3 (61 mg/dL), ESR 90 mm, and urine protein/creatinine 0.36"
P:PMC9529523_01,A:serum,LOCATED_IN,value=1232.1 ng/ml; value=1000 ng/mL,PMC9529523_01,17,"The serum hydroxychloroquine level was 1232.1 ng/ml (in SLE, the target blood hydroxychloroquine level is around 1000 ng/mL)"
P:PMC9529523_01,M:hydroxychloroquine,TAKES,value=1232.1 ng/ml; value=1000 ng/mL,PMC9529523_01,17,"The serum hydroxychloroquine level was 1232.1 ng/ml (in SLE, the target blood hydroxychloroquine level is around 1000 ng/mL)"
P:PMC9529523_01,A:blood,LOCATED_IN,value=1232.1 ng/ml; value=1000 ng/mL,PMC9529523_01,17,"The serum hydroxychloroquine level was 1232.1 ng/ml (in SLE, the target blood hydroxychloroquine level is around 1000 ng/mL)"
P:PMC9529523_01,M:hydroxychloroquine,TAKES,dosage=200 mg; dosage=3.1 mg,PMC9529523_01,19,The patient was referred to nephrology and the hydroxychloroquine dose was dropped to 200 mg daily (3.1 mg/kg/day)
P:PMC9529523_01,A:kidney,LOCATED_IN,,PMC9529523_01,20,"Due to progressive kidney injury and a significant serologic profile of the patient, a kidney biopsy was conducted and showed vascular changes consistent with malignant hypertension and chronic thrombotic microangiopathy (TMA)"
P:PMC9529523_01,E:biopsy,UNDERWENT_EXAM,,PMC9529523_01,20,"Due to progressive kidney injury and a significant serologic profile of the patient, a kidney biopsy was conducted and showed vascular changes consistent with malignant hypertension and chronic thrombotic microangiopathy (TMA)"
P:PMC9529523_01,D:hypertension,DIAGNOSED_WITH,,PMC9529523_01,20,"Due to progressive kidney injury and a significant serologic profile of the patient, a kidney biopsy was conducted and showed vascular changes consistent with malignant hypertension and chronic thrombotic microangiopathy (TMA)"
P:PMC9529523_01,E:vital_capacity,UNDERWENT_EXAM,,PMC9529523_01,21,"Further testing, including pulmonary function testing, revealed a forced vital capacity (FVC) of 78%, forced expiratory volume 1 (FEV1) of 83%, and FEV1/FVC of 107% of predicted"
P:PMC9529523_01,E:forced_expiratory_volume,UNDERWENT_EXAM,,PMC9529523_01,21,"Further testing, including pulmonary function testing, revealed a forced vital capacity (FVC) of 78%, forced expiratory volume 1 (FEV1) of 83%, and FEV1/FVC of 107% of predicted"
P:PMC9529523_01,M:carbon_monoxide,TAKES,,PMC9529523_01,22,"The diffusing capacity for carbon monoxide (DLCO) was noted to be low, at 37% of the predicted"
P:PMC9529523_01,E:tomography,UNDERWENT_EXAM,,PMC9529523_01,23,High-resolution computed tomography (HRCT) scan of the chest did not show evidence of interstitial lung disease (ILD)
P:PMC9529523_01,D:sepsis,LOCATED_IN,,PMC9529523_01,24,The course was further complicated by sepsis and acute on chronic kidney injury secondary to enteropathogenic E. coli in the stool
P:PMC9529523_01,A:kidney,LOCATED_IN,,PMC9529523_01,24,The course was further complicated by sepsis and acute on chronic kidney injury secondary to enteropathogenic E. coli in the stool
P:PMC9529523_01,S:failure_to_thrive,PRESENTS_WITH,,PMC9529523_01,26,Mycophenolate mofetil (MMF) was prescribed for systemic lupus with failure to thrive and chronic TMA secondary to the ADAMSTS 13 inhibitor
P:PMC9529523_01,R:hypertrophy,UNDERWENT_EXAM,,PMC9529523_01,28,"A ventilation-perfusion (V/Q) scan showed no abnormalities, transthoracic echocardiography showed severe biventricular hypertrophy, and cardiac magnetic resonance imaging (MRI) showed no evidence of infiltrative cardiomyopathy"
P:PMC9529523_01,E:magnetic_resonance_imaging,UNDERWENT_EXAM,,PMC9529523_01,28,"A ventilation-perfusion (V/Q) scan showed no abnormalities, transthoracic echocardiography showed severe biventricular hypertrophy, and cardiac magnetic resonance imaging (MRI) showed no evidence of infiltrative cardiomyopathy"
P:PMC9529523_01,D:dyspnea,DIAGNOSED_WITH,,PMC9529523_01,30,"Six months later, the patient continued to complain of shortness of breath and dyspnea with exertion"
P:PMC9529523_01,E:pericardiocentesis,UNDERWENT_EXAM,laterality=Left,PMC9529523_01,33,"Electrocardiogram (EKG) showed normal sinus rhythm with QT prolongation, QTc 527 ms, and a transthoracic echocardiogram showed worsening Left ventricular ejection fraction (LVEF) to 10%, pericardiocentesis yielded 860 ml of exudative serous fluid, cultures, and cytology were negative for infectious etiologies and malignancy"
P:PMC9529523_01,A:heart,LOCATED_IN,laterality=Right,PMC9529523_01,35,Right heart catheterization with endomyocardial biopsy was done; no evidence of pulmonary hypertension was noted
P:PMC9529523_01,E:catheterization,UNDERWENT_EXAM,laterality=Right,PMC9529523_01,35,Right heart catheterization with endomyocardial biopsy was done; no evidence of pulmonary hypertension was noted
P:PMC9529523_01,E:biopsy,UNDERWENT_EXAM,laterality=Right,PMC9529523_01,35,Right heart catheterization with endomyocardial biopsy was done; no evidence of pulmonary hypertension was noted
P:PMC9529523_01,E:biopsy,UNDERWENT_EXAM,,PMC9529523_01,36,Endomyocardial biopsy showed no features of myocarditis but demonstrated occasional curvilinear bodies with myelin figures and enlarged mitochondria (Figures 1(a) and 1(b)) consistent with hydroxychloroquine-induced cardiomyopathy on electron microscopy
P:PMC9529523_01,A:mitochondria,LOCATED_IN,,PMC9529523_01,36,Endomyocardial biopsy showed no features of myocarditis but demonstrated occasional curvilinear bodies with myelin figures and enlarged mitochondria (Figures 1(a) and 1(b)) consistent with hydroxychloroquine-induced cardiomyopathy on electron microscopy
P:PMC9529523_01,E:microscopy,UNDERWENT_EXAM,,PMC9529523_01,36,Endomyocardial biopsy showed no features of myocarditis but demonstrated occasional curvilinear bodies with myelin figures and enlarged mitochondria (Figures 1(a) and 1(b)) consistent with hydroxychloroquine-induced cardiomyopathy on electron microscopy
P:PMC9529523_01,A:serum,LOCATED_IN,value=274 ng/ml,PMC9529523_01,37,The serum hydroxychloroquine level was 274 ng/ml at the time of biopsy
P:PMC9529523_01,M:hydroxychloroquine,TAKES,value=274 ng/ml,PMC9529523_01,37,The serum hydroxychloroquine level was 274 ng/ml at the time of biopsy
P:PMC9529523_01,E:biopsy,UNDERWENT_EXAM,value=274 ng/ml,PMC9529523_01,37,The serum hydroxychloroquine level was 274 ng/ml at the time of biopsy
P:PMC9529523_01,M:hydroxychloroquine,TAKES,,PMC9529523_01,38,Hydroxychloroquine was stopped and the patient is currently being maintained on MMF and low-dose prednisone with improvement in her symptoms.
P:PMC9529523_01,M:prednisone,TAKES,,PMC9529523_01,38,Hydroxychloroquine was stopped and the patient is currently being maintained on MMF and low-dose prednisone with improvement in her symptoms.
P:PMC9532611_01,D:hypertension,PRESENTS_WITH,value=1.8 mmol/l,PMC9532611_01,1,"In the first family, the index patient (patient 1) was a 12-year-old female-phenotype patient who presented with hypokalemic (1.8 mmol/l) weakness that was accompanied by hypertension (138/94 mmHg)"
P:PMC9532611_01,A:hair,LOCATED_IN,,PMC9532611_01,4,"She had Tanner stage 1 breasts, pubic hair, and no axillary hair"
P:PMC9532611_01,A:genitalia,LOCATED_IN,,PMC9532611_01,5,"Her external genitalia were female type, but with infantilism"
P:PMC9532611_01,A:genitalia,LOCATED_IN,,PMC9532611_01,6,"She had three younger siblings, all with female external genitalia"
P:PMC9532611_01,D:paralysis,HAS_HISTORY,,PMC9532611_01,7,All siblings of the index case were asymptomatic and no other family member had a similar history of hypertension and periodic paralysis
P:PMC9532611_01,D:hypertension,DIAGNOSED_WITH,,PMC9532611_01,8,"But, the third (karyotype 46, XY, patient 2) and fourth (karyotype 46, XX, patient 3) children were twins and had hypertension on examination (Table 1)"
P:PMC9532611_01,R:hernia,MENTIONS,laterality=left,PMC9532611_01,9,"At the age of 4 years, the proband had undergone surgery at the local hospital for an inguinal hernia on the left side"
P:PMC9532611_02,E:blood_pressure,UNDERWENT_EXAM,,PMC9532611_02,1,"In the second kindred, a 6-year-old child (patient 4) with female phenotype presented for incidentally diagnosed increased blood pressure during a school health check"
P:PMC9532611_02,A:vulva,LOCATED_IN,,PMC9532611_02,4,"In kindred 3 (patient 5), the parents noted that the child had with a vulva, but no vagina"
P:PMC9532611_02,A:vagina,LOCATED_IN,laterality=right; laterality=left,PMC9532611_02,6,"The child underwent surgical exploration, which revealed that a vagina was absent and right and left masses were confirmed to be testes"
P:PMC9532611_02,A:blood,LOCATED_IN,,PMC9532611_02,7,Blood tests were performed according to standard methods
P:PMC9532611_02,E:methods,UNDERWENT_EXAM,,PMC9532611_02,7,Blood tests were performed according to standard methods
P:PMC9532611_02,A:blood,LOCATED_IN,,PMC9532611_02,8,"Blood hormone, Adrenocorticotropic hormone (ACTH), plasma renin activity (PRA), aldosterone (ALD), 17alpha-hydroxyprogesterone (17OHP) AMH (anti-Mullerian hormone), and inhibin B (INB) were measured by chemiluminescence; cortisol (F) was measured by electrochemiluminescence; dihydrotestosterone (DHT), and androstenedione (AD) were measured by liquid chromatography-mass spectrometry; dehydroepiandrosterone (DHEA), luteinizing hormone (LH), follicle-stimulating hormone (FSH), estradiol (E2), testosterone (T), progesterone (P), and prolactin (PRL) levels were measured by enzyme-linked immunosorbent assay (Table 1)"
P:PMC9532611_02,M:adrenocorticotropic_hormone,TAKES,,PMC9532611_02,8,"Blood hormone, Adrenocorticotropic hormone (ACTH), plasma renin activity (PRA), aldosterone (ALD), 17alpha-hydroxyprogesterone (17OHP) AMH (anti-Mullerian hormone), and inhibin B (INB) were measured by chemiluminescence; cortisol (F) was measured by electrochemiluminescence; dihydrotestosterone (DHT), and androstenedione (AD) were measured by liquid chromatography-mass spectrometry; dehydroepiandrosterone (DHEA), luteinizing hormone (LH), follicle-stimulating hormone (FSH), estradiol (E2), testosterone (T), progesterone (P), and prolactin (PRL) levels were measured by enzyme-linked immunosorbent assay (Table 1)"
P:PMC9532611_02,A:plasma,LOCATED_IN,,PMC9532611_02,8,"Blood hormone, Adrenocorticotropic hormone (ACTH), plasma renin activity (PRA), aldosterone (ALD), 17alpha-hydroxyprogesterone (17OHP) AMH (anti-Mullerian hormone), and inhibin B (INB) were measured by chemiluminescence; cortisol (F) was measured by electrochemiluminescence; dihydrotestosterone (DHT), and androstenedione (AD) were measured by liquid chromatography-mass spectrometry; dehydroepiandrosterone (DHEA), luteinizing hormone (LH), follicle-stimulating hormone (FSH), estradiol (E2), testosterone (T), progesterone (P), and prolactin (PRL) levels were measured by enzyme-linked immunosorbent assay (Table 1)"
P:PMC9532611_02,M:dihydrotestosterone,TAKES,,PMC9532611_02,8,"Blood hormone, Adrenocorticotropic hormone (ACTH), plasma renin activity (PRA), aldosterone (ALD), 17alpha-hydroxyprogesterone (17OHP) AMH (anti-Mullerian hormone), and inhibin B (INB) were measured by chemiluminescence; cortisol (F) was measured by electrochemiluminescence; dihydrotestosterone (DHT), and androstenedione (AD) were measured by liquid chromatography-mass spectrometry; dehydroepiandrosterone (DHEA), luteinizing hormone (LH), follicle-stimulating hormone (FSH), estradiol (E2), testosterone (T), progesterone (P), and prolactin (PRL) levels were measured by enzyme-linked immunosorbent assay (Table 1)"
P:PMC9532611_02,M:dehydroepiandrosterone,TAKES,,PMC9532611_02,8,"Blood hormone, Adrenocorticotropic hormone (ACTH), plasma renin activity (PRA), aldosterone (ALD), 17alpha-hydroxyprogesterone (17OHP) AMH (anti-Mullerian hormone), and inhibin B (INB) were measured by chemiluminescence; cortisol (F) was measured by electrochemiluminescence; dihydrotestosterone (DHT), and androstenedione (AD) were measured by liquid chromatography-mass spectrometry; dehydroepiandrosterone (DHEA), luteinizing hormone (LH), follicle-stimulating hormone (FSH), estradiol (E2), testosterone (T), progesterone (P), and prolactin (PRL) levels were measured by enzyme-linked immunosorbent assay (Table 1)"
P:PMC9532611_02,M:estradiol,TAKES,,PMC9532611_02,8,"Blood hormone, Adrenocorticotropic hormone (ACTH), plasma renin activity (PRA), aldosterone (ALD), 17alpha-hydroxyprogesterone (17OHP) AMH (anti-Mullerian hormone), and inhibin B (INB) were measured by chemiluminescence; cortisol (F) was measured by electrochemiluminescence; dihydrotestosterone (DHT), and androstenedione (AD) were measured by liquid chromatography-mass spectrometry; dehydroepiandrosterone (DHEA), luteinizing hormone (LH), follicle-stimulating hormone (FSH), estradiol (E2), testosterone (T), progesterone (P), and prolactin (PRL) levels were measured by enzyme-linked immunosorbent assay (Table 1)"
P:PMC9532611_02,M:testosterone,TAKES,,PMC9532611_02,8,"Blood hormone, Adrenocorticotropic hormone (ACTH), plasma renin activity (PRA), aldosterone (ALD), 17alpha-hydroxyprogesterone (17OHP) AMH (anti-Mullerian hormone), and inhibin B (INB) were measured by chemiluminescence; cortisol (F) was measured by electrochemiluminescence; dihydrotestosterone (DHT), and androstenedione (AD) were measured by liquid chromatography-mass spectrometry; dehydroepiandrosterone (DHEA), luteinizing hormone (LH), follicle-stimulating hormone (FSH), estradiol (E2), testosterone (T), progesterone (P), and prolactin (PRL) levels were measured by enzyme-linked immunosorbent assay (Table 1)"
P:PMC9532611_02,M:progesterone,TAKES,,PMC9532611_02,8,"Blood hormone, Adrenocorticotropic hormone (ACTH), plasma renin activity (PRA), aldosterone (ALD), 17alpha-hydroxyprogesterone (17OHP) AMH (anti-Mullerian hormone), and inhibin B (INB) were measured by chemiluminescence; cortisol (F) was measured by electrochemiluminescence; dihydrotestosterone (DHT), and androstenedione (AD) were measured by liquid chromatography-mass spectrometry; dehydroepiandrosterone (DHEA), luteinizing hormone (LH), follicle-stimulating hormone (FSH), estradiol (E2), testosterone (T), progesterone (P), and prolactin (PRL) levels were measured by enzyme-linked immunosorbent assay (Table 1)"
P:PMC9532611_02,A:blood,LOCATED_IN,,PMC9532611_02,9,"With the consent of the patient's parents, we collected the peripheral blood of the patients and their parents in three families"
P:PMC9532611_02,A:blood,LOCATED_IN,,PMC9532611_02,10,"In addition, in family 1, peripheral blood of the proband's sister was collected"
P:PMC9532611_02,R:hyperplasia,MENTIONS,,PMC9532611_02,14,"The exons of genes associated with congenital adrenal hyperplasia (all the genes including ABCD1 AIRE ARMC5 CDKN1C CYP11A1 CYP11B1 CYP11B2 CYP17A1 CYP21A2 DHCR7 GK GK2 GLCCI1 GNAS H6PD HESX1 HSD11B1 HSD3B2 LHX4 MC2R MCM4 MEN1 MKS1 MRAP NNT NR0B1 NR3C1 NR5A1 PCSK1 PDE11A PDE8B POMC POR PRKACA PRKAR1A PROP1 REN RXRA RXRB SOX3 STAR TBX19 TP53 TXNRD2) were targeted via a gene capture strategy, using the GenCap custom enrichment kit (MyGenostics), according to the manufacturer's protocol"
P:PMC5875137_01,A:breast,LOCATED_IN,size=6.5 cm,PMC5875137_01,1,"An 83-year-old woman, during the diagnostic assessments for a breast cancer, was diagnosed by chest computed tomography (CT) scan as having an asymptomatic ascending aortic aneurysm (maximum diameter 6.5 cm), susceptible of surgical correction"
P:PMC5875137_01,E:tomography,UNDERWENT_EXAM,size=6.5 cm,PMC5875137_01,1,"An 83-year-old woman, during the diagnostic assessments for a breast cancer, was diagnosed by chest computed tomography (CT) scan as having an asymptomatic ascending aortic aneurysm (maximum diameter 6.5 cm), susceptible of surgical correction"
P:PMC5875137_01,D:aortic_aneurysm,DIAGNOSED_WITH,size=6.5 cm,PMC5875137_01,1,"An 83-year-old woman, during the diagnostic assessments for a breast cancer, was diagnosed by chest computed tomography (CT) scan as having an asymptomatic ascending aortic aneurysm (maximum diameter 6.5 cm), susceptible of surgical correction"
P:PMC5875137_01,A:aorta,LOCATED_IN,size=30 mm; laterality=left; aspect=anterior,PMC5875137_01,2,"After 3 weeks, she underwent elective replacement of ascending aorta with 30 mm Hemashield platinum prosthesis and anastomosis of the left internal mammary artery to the descending anterior coronary artery that had a tight stenosis"
P:PMC5875137_01,Pr:cardiac_rehabilitation,UNDERWENT_EXAM,,PMC5875137_01,3,"She underwent cardiac rehabilitation in our department, and no complications occurred during the hospital stay"
P:PMC5875137_01,A:heart,LOCATED_IN,,PMC5875137_01,5,"Therefore, a new chest CT scan was performed focusing to the heart and aorta, which showed no intracardiac masses"
P:PMC5875137_01,A:aorta,LOCATED_IN,,PMC5875137_01,5,"Therefore, a new chest CT scan was performed focusing to the heart and aorta, which showed no intracardiac masses"
P:PMC5875137_01,E:echocardiography,UNDERWENT_EXAM,,PMC5875137_01,6,"Consequently, the mass visible during echocardiography was referred to a pseudomass due to the tortuous and ""C-shaped"" descending thoracic aorta, which had, at this level, an horizontal trait [Figures 2 and 3]."
P:PMC5875137_01,A:aorta,LOCATED_IN,,PMC5875137_01,6,"Consequently, the mass visible during echocardiography was referred to a pseudomass due to the tortuous and ""C-shaped"" descending thoracic aorta, which had, at this level, an horizontal trait [Figures 2 and 3]."
P:PMC6949661_01,D:urinary_incontinence,LOCATED_IN,,PMC6949661_01,1,"A 23-year-old male was brought to the emergency of Hamad General Hospital in Doha, after being found on the floor dizzy and confused, with urinary incontinence although no one witnessed convulsions"
P:PMC6949661_01,E:blood_pressure,UNDERWENT_EXAM,,PMC6949661_01,3,"On examination, his pulse was 75 beats per minute, blood pressure 125/78, JVP was not raised, S1 and S2 were normal, and no added sounds on the chest examination"
P:PMC6949661_01,A:blood,LOCATED_IN,,PMC6949661_01,5,His complete blood count and biochemical test were within the normal range
P:PMC6949661_01,E:tomography,UNDERWENT_EXAM,laterality=left,PMC6949661_01,6,Computed tomography (CT) scan of the head was unremarkable and ECG showed left ventricular hypertrophy and early repolarization
P:PMC6949661_01,A:head,LOCATED_IN,laterality=left,PMC6949661_01,6,Computed tomography (CT) scan of the head was unremarkable and ECG showed left ventricular hypertrophy and early repolarization
P:PMC6949661_01,E:echocardiography,UNDERWENT_EXAM,,PMC6949661_01,7,"Echocardiography, apart from moderate septal hypertrophy, was otherwise unremarkable"
P:PMC6949661_01,R:hypertrophy,MENTIONS,,PMC6949661_01,7,"Echocardiography, apart from moderate septal hypertrophy, was otherwise unremarkable"
P:PMC6949661_01,A:melena,LOCATED_IN,,PMC6949661_01,8,"Further history revealed that the patient had an episode of a large amount of melena before the syncopal attack, associated with nausea and two episodes of vomiting, but denied history of alcohol consumption, analgesic intake, and history of liver disease"
P:PMC6949661_01,S:nausea,PRESENTS_WITH,,PMC6949661_01,8,"Further history revealed that the patient had an episode of a large amount of melena before the syncopal attack, associated with nausea and two episodes of vomiting, but denied history of alcohol consumption, analgesic intake, and history of liver disease"
P:PMC6949661_01,S:vomiting,PRESENTS_WITH,,PMC6949661_01,8,"Further history revealed that the patient had an episode of a large amount of melena before the syncopal attack, associated with nausea and two episodes of vomiting, but denied history of alcohol consumption, analgesic intake, and history of liver disease"
P:PMC6949661_01,A:liver,LOCATED_IN,,PMC6949661_01,8,"Further history revealed that the patient had an episode of a large amount of melena before the syncopal attack, associated with nausea and two episodes of vomiting, but denied history of alcohol consumption, analgesic intake, and history of liver disease"
P:PMC6949661_01,R:disease,MENTIONS,,PMC6949661_01,8,"Further history revealed that the patient had an episode of a large amount of melena before the syncopal attack, associated with nausea and two episodes of vomiting, but denied history of alcohol consumption, analgesic intake, and history of liver disease"
P:PMC6949661_01,D:tachycardia,LOCATED_IN,,PMC6949661_01,9,"In the course of time, the patient developed tachycardia of 122 bpm but blood pressure remained normal"
P:PMC6949661_01,E:blood_pressure,UNDERWENT_EXAM,,PMC6949661_01,9,"In the course of time, the patient developed tachycardia of 122 bpm but blood pressure remained normal"
P:PMC6949661_01,A:abdomen,LOCATED_IN,,PMC6949661_01,10,"His abdomen was soft, lax, nontender, and not distended"
P:PMC6949661_01,E:digital_rectal_examination,UNDERWENT_EXAM,,PMC6949661_01,12,Digital Rectal Examination (DRE) showed melanotic stool
P:PMC6949661_01,A:blood_cells,LOCATED_IN,dosage=2 units,PMC6949661_01,14,"He was kept on intravenous fluids and proton pump inhibitors and transfused 2 units of packed red blood cells, and his hemoglobin level was monitored"
P:PMC6949661_01,A:duodenum,LOCATED_IN,,PMC6949661_01,15,Esophagogastroduodenoscopy (EGD) showed normal examination up to the third part of the duodenum with no active bleeding or altered blood
P:PMC6949661_01,E:colonoscopy,UNDERWENT_EXAM,,PMC6949661_01,16,"Colonoscopy was normal, whereas enteroscopy showed a jejunal diverticulum about 50 cms from the pylorus with fresh bleeding (Figure 1)"
P:PMC6949661_01,D:diverticulum,LOCATED_IN,,PMC6949661_01,16,"Colonoscopy was normal, whereas enteroscopy showed a jejunal diverticulum about 50 cms from the pylorus with fresh bleeding (Figure 1)"
P:PMC6949661_01,A:pylorus,LOCATED_IN,,PMC6949661_01,16,"Colonoscopy was normal, whereas enteroscopy showed a jejunal diverticulum about 50 cms from the pylorus with fresh bleeding (Figure 1)"
P:PMC6949661_01,E:angiography,UNDERWENT_EXAM,,PMC6949661_01,18,"CT angiography was done in an attempt to identify a source of bleeding and for a trial of coil embolization, but it did not reveal vascular blush into the small bowel but an incidental finding of horseshoe kidney"
P:PMC6949661_01,A:kidney,LOCATED_IN,,PMC6949661_01,18,"CT angiography was done in an attempt to identify a source of bleeding and for a trial of coil embolization, but it did not reveal vascular blush into the small bowel but an incidental finding of horseshoe kidney"
P:PMC6949661_01,E:laparoscopy,UNDERWENT_EXAM,,PMC6949661_01,19,The patient underwent diagnostic laparoscopy that did not show any abnormality in the jejunal loops externally
P:PMC6949661_01,E:endoscopy,UNDERWENT_EXAM,,PMC6949661_01,20,"Endoscopy was carried out to localize the jejunal lesion, but it was difficult to pass the scope beyond the duodenojejunal (DJ) junction"
P:PMC6949661_01,Pr:laparotomy,UNDERWENT_EXAM,,PMC6949661_01,21,Midline laparotomy was performed to guide the enteroscope to the upper jejunum
P:PMC6949661_01,A:jejunum,LOCATED_IN,,PMC6949661_01,21,Midline laparotomy was performed to guide the enteroscope to the upper jejunum
P:PMC6949661_01,A:jejunum,LOCATED_IN,size=30 cm,PMC6949661_01,22,A small lesion was seen on the serosal surface of the jejunum 30 cm from the DJ junction which endoscopically appeared as a suspicious diverticulum with whitish mucosal plaques
P:PMC6949661_01,D:diverticulum,LOCATED_IN,size=30 cm,PMC6949661_01,22,A small lesion was seen on the serosal surface of the jejunum 30 cm from the DJ junction which endoscopically appeared as a suspicious diverticulum with whitish mucosal plaques
P:PMC6949661_01,D:diverticulum,DIAGNOSED_WITH,,PMC6949661_01,28,Histology showed a small jejunal diverticulum with gastric heterotopic tissue
P:PMC6949661_01,D:diverticulum,LOCATED_IN,,PMC6949661_01,29,"The specimen consists of a false diverticulum of the small bowel (jejunum) showing a focal, cystically dilated gland within the muscularis propria which, on deeper sections, showed gastric-type mucosal tissue"
P:PMC6949661_01,A:jejunum,LOCATED_IN,,PMC6949661_01,29,"The specimen consists of a false diverticulum of the small bowel (jejunum) showing a focal, cystically dilated gland within the muscularis propria which, on deeper sections, showed gastric-type mucosal tissue"
P:PMC6949661_01,D:rupture,DIAGNOSED_WITH,,PMC6949661_01,30,Focal crypt rupture was noted with mild reaction
P:PMC10405809_01,S:heartburn,PRESENTS_WITH,,PMC10405809_01,2,"She had heartburn and epigastric burning pain during the past 5 years, for which she took over-the-counter acid-suppressive medications"
P:PMC10405809_01,S:pain,PRESENTS_WITH,,PMC10405809_01,2,"She had heartburn and epigastric burning pain during the past 5 years, for which she took over-the-counter acid-suppressive medications"
P:PMC10405809_01,R:disease,MENTIONS,,PMC10405809_01,4,None of her family members had any gastrointestinal disease
P:PMC10405809_01,A:abdomen,LOCATED_IN,,PMC10405809_01,8,"Examination of the abdomen, cardiovascular and respiratory systems was unremarkable"
P:PMC10405809_01,A:blood,LOCATED_IN,,PMC10405809_01,9,"Blood investigations showed hemoglobin 8.8 gm/dL, total leukocyte count 6.4 x 109/L, platelet counts 510 x 109/L, and serum ferritin 8.1 microg/L"
P:PMC10405809_01,E:leukocyte_count,UNDERWENT_EXAM,,PMC10405809_01,9,"Blood investigations showed hemoglobin 8.8 gm/dL, total leukocyte count 6.4 x 109/L, platelet counts 510 x 109/L, and serum ferritin 8.1 microg/L"
P:PMC10405809_01,A:serum,LOCATED_IN,,PMC10405809_01,9,"Blood investigations showed hemoglobin 8.8 gm/dL, total leukocyte count 6.4 x 109/L, platelet counts 510 x 109/L, and serum ferritin 8.1 microg/L"
P:PMC10405809_01,A:blood_cells,LOCATED_IN,,PMC10405809_01,10,Peripheral smear showed microcytic and hypochromic red blood cells
P:PMC10405809_01,D:diverticulum,LOCATED_IN,size=3 cm x 2 cm; laterality=right; aspect=distal,PMC10405809_01,11,Barium swallow showed a 3 cm x 2 cm sized diverticulum from the right lateral wall of the cervical esophagus and a short segment narrowing in the distal esophagus with upstream dilation (Fig. 1)
P:PMC10405809_01,A:esophagus,LOCATED_IN,size=3 cm x 2 cm; laterality=right; aspect=distal,PMC10405809_01,11,Barium swallow showed a 3 cm x 2 cm sized diverticulum from the right lateral wall of the cervical esophagus and a short segment narrowing in the distal esophagus with upstream dilation (Fig. 1)
P:PMC10405809_01,A:esophagus,LOCATED_IN,,PMC10405809_01,12,"We initially suspected gastroesophageal reflux disease (GERD) with peptic stricture of the esophagus; however, we wanted to rule out underlying malignancy because of profound weight loss and anemia"
P:PMC10405809_01,S:weight_loss,PRESENTS_WITH,,PMC10405809_01,12,"We initially suspected gastroesophageal reflux disease (GERD) with peptic stricture of the esophagus; however, we wanted to rule out underlying malignancy because of profound weight loss and anemia"
P:PMC10405809_01,D:anemia,DIAGNOSED_WITH,,PMC10405809_01,12,"We initially suspected gastroesophageal reflux disease (GERD) with peptic stricture of the esophagus; however, we wanted to rule out underlying malignancy because of profound weight loss and anemia"
P:PMC10405809_01,E:tomography,UNDERWENT_EXAM,,PMC10405809_01,13,"Hence a computed tomography (CT) scan of the neck and thorax was done, which confirmed KJD and showed a homogenous circumferential wall thickening in the lower esophagus with no significant periesophageal lymph nodes (Fig. 2)"
P:PMC10405809_01,A:neck,LOCATED_IN,,PMC10405809_01,13,"Hence a computed tomography (CT) scan of the neck and thorax was done, which confirmed KJD and showed a homogenous circumferential wall thickening in the lower esophagus with no significant periesophageal lymph nodes (Fig. 2)"
P:PMC10405809_01,A:thorax,LOCATED_IN,,PMC10405809_01,13,"Hence a computed tomography (CT) scan of the neck and thorax was done, which confirmed KJD and showed a homogenous circumferential wall thickening in the lower esophagus with no significant periesophageal lymph nodes (Fig. 2)"
P:PMC10405809_01,A:esophagus,LOCATED_IN,,PMC10405809_01,13,"Hence a computed tomography (CT) scan of the neck and thorax was done, which confirmed KJD and showed a homogenous circumferential wall thickening in the lower esophagus with no significant periesophageal lymph nodes (Fig. 2)"
P:PMC10405809_01,A:esophagus,LOCATED_IN,size=20 cm,PMC10405809_01,14,Esophagogastroduodenoscopy revealed KJD at 20 cm from incisors and a tight stricture at the lower esophagus beyond which the endoscope was not negotiable (Fig. 3)
P:PMC10405809_01,A:esophagus,LOCATED_IN,aspect=distal,PMC10405809_01,17,We considered peptic stricture and malignancy of the distal esophagus in the differential diagnosis
P:PMC10405809_01,E:diagnosis,UNDERWENT_EXAM,aspect=distal,PMC10405809_01,17,We considered peptic stricture and malignancy of the distal esophagus in the differential diagnosis
P:PMC10405809_01,E:biopsy,UNDERWENT_EXAM,,PMC10405809_01,18,"Though profound weight loss and anemia raised suspicion of malignancy, the long duration of symptoms, benign CT scan characteristics, and biopsy from the stricture site confirmed peptic stricture in this case"
P:PMC10405809_01,D:diverticulum,LOCATED_IN,,PMC10405809_01,19,"The upper esophageal diverticulum in barium swallow and endoscopy prompted us to consider ZD, KJD, and LD"
P:PMC10405809_01,E:endoscopy,UNDERWENT_EXAM,,PMC10405809_01,19,"The upper esophageal diverticulum in barium swallow and endoscopy prompted us to consider ZD, KJD, and LD"
P:PMC10405809_01,D:diverticulum,LOCATED_IN,,PMC10405809_01,20,"However, the CT scan confirmed the origin of the diverticulum from the anterolateral wall of the esophagus below the cricopharyngeus muscle"
P:PMC10405809_01,A:esophagus,LOCATED_IN,,PMC10405809_01,20,"However, the CT scan confirmed the origin of the diverticulum from the anterolateral wall of the esophagus below the cricopharyngeus muscle"
P:PMC10405809_01,E:diagnosis,UNDERWENT_EXAM,,PMC10405809_01,21,"Hence, a final diagnosis of KJD and peptic stricture was made"
P:PMC10405809_01,E:dilatation,UNDERWENT_EXAM,size=15 mm,PMC10405809_01,22,The patient underwent three CRE balloon dilatation sessions from 12 to 15 mm at 4-weeks intervals
P:PMC10405809_01,E:dilatation,UNDERWENT_EXAM,dosage=20 mg,PMC10405809_01,23,"Post dilatation, she was started on capsule omeprazole 20 mg twice daily along with hematinics"
P:PMC10405809_01,M:omeprazole,TAKES,dosage=20 mg,PMC10405809_01,23,"Post dilatation, she was started on capsule omeprazole 20 mg twice daily along with hematinics"
P:PMC7519975_01,D:diabetes_mellitus,HAS_HISTORY,,PMC7519975_01,1,"A 33-year-old Hispanic, blind, and aphasic female with a history of diabetes mellitus on insulin at home, craniotomy for meningioma status post ventriculoperitoneal (VP) shunt placement, presented to the hospital with a one-day history of drowsiness and emesis"
P:PMC7519975_01,M:insulin,HAS_HISTORY,,PMC7519975_01,1,"A 33-year-old Hispanic, blind, and aphasic female with a history of diabetes mellitus on insulin at home, craniotomy for meningioma status post ventriculoperitoneal (VP) shunt placement, presented to the hospital with a one-day history of drowsiness and emesis"
P:PMC7519975_01,Pr:craniotomy,UNDERWENT_EXAM,,PMC7519975_01,1,"A 33-year-old Hispanic, blind, and aphasic female with a history of diabetes mellitus on insulin at home, craniotomy for meningioma status post ventriculoperitoneal (VP) shunt placement, presented to the hospital with a one-day history of drowsiness and emesis"
P:PMC7519975_01,D:meningioma,HAS_HISTORY,,PMC7519975_01,1,"A 33-year-old Hispanic, blind, and aphasic female with a history of diabetes mellitus on insulin at home, craniotomy for meningioma status post ventriculoperitoneal (VP) shunt placement, presented to the hospital with a one-day history of drowsiness and emesis"
P:PMC7519975_01,E:tomography,UNDERWENT_EXAM,laterality=right,PMC7519975_01,2,Computed tomography (CT) of the abdomen revealed several loops of small bowel in the right side of the abdomen with thickening immediately adjacent to the VP shunt concerning for inflammation of the bowel (Figure 1)
P:PMC7519975_01,A:abdomen,LOCATED_IN,laterality=right,PMC7519975_01,2,Computed tomography (CT) of the abdomen revealed several loops of small bowel in the right side of the abdomen with thickening immediately adjacent to the VP shunt concerning for inflammation of the bowel (Figure 1)
P:PMC7519975_01,R:inflammation,MENTIONS,laterality=right,PMC7519975_01,2,Computed tomography (CT) of the abdomen revealed several loops of small bowel in the right side of the abdomen with thickening immediately adjacent to the VP shunt concerning for inflammation of the bowel (Figure 1)
P:PMC7519975_01,A:head,LOCATED_IN,laterality=left,PMC7519975_01,3,CT head revealed areas of acute infarct seen involving the brain stem as well as the cerebellar hemispheres and moderate enlargement of the ventricular system with left-sided intraventricular hemorrhage (Figures 2 and 3)
P:PMC7519975_01,A:brain_stem,LOCATED_IN,laterality=left,PMC7519975_01,3,CT head revealed areas of acute infarct seen involving the brain stem as well as the cerebellar hemispheres and moderate enlargement of the ventricular system with left-sided intraventricular hemorrhage (Figures 2 and 3)
P:PMC7519975_01,R:hemorrhage,MENTIONS,laterality=left,PMC7519975_01,3,CT head revealed areas of acute infarct seen involving the brain stem as well as the cerebellar hemispheres and moderate enlargement of the ventricular system with left-sided intraventricular hemorrhage (Figures 2 and 3)
P:PMC7519975_01,A:abdomen,LOCATED_IN,,PMC7519975_01,4,"Due to the acute nature of her abdomen and the concern for a seeded VP shunt from this intra-abdominal infection, neurosurgery was consulted"
P:PMC7519975_01,A:neck,LOCATED_IN,,PMC7519975_01,5,The patient subsequently underwent externalization of her VP shunt at the neck
P:PMC7519975_01,Pr:laparotomy,UNDERWENT_EXAM,,PMC7519975_01,6,"Concurrently, general surgery was consulted who decided to perform an explorative laparotomy for her acute abdomen"
P:PMC7519975_01,A:abdomen,LOCATED_IN,,PMC7519975_01,6,"Concurrently, general surgery was consulted who decided to perform an explorative laparotomy for her acute abdomen"
P:PMC7519975_01,E:records,UNDERWENT_EXAM,,PMC7519975_01,7,"Preoperative records showed that her mean arterial blood pressure was ranging from 60 to 65 mmHg, heart rate was ranging from 70 to 82 normal sinus rhythm, the temperature was 98.4 F, and oxygen saturation was 96-98 on room air"
P:PMC7519975_01,E:blood_pressure,UNDERWENT_EXAM,,PMC7519975_01,7,"Preoperative records showed that her mean arterial blood pressure was ranging from 60 to 65 mmHg, heart rate was ranging from 70 to 82 normal sinus rhythm, the temperature was 98.4 F, and oxygen saturation was 96-98 on room air"
P:PMC7519975_01,E:heart_rate,UNDERWENT_EXAM,,PMC7519975_01,7,"Preoperative records showed that her mean arterial blood pressure was ranging from 60 to 65 mmHg, heart rate was ranging from 70 to 82 normal sinus rhythm, the temperature was 98.4 F, and oxygen saturation was 96-98 on room air"
P:PMC7519975_01,E:blood_cell_count,UNDERWENT_EXAM,dosage=17 mg; dosage=0.4 mg; dosage=125 mg; dosage=8.2 mg; dosage=32 units; dosage=43 units,PMC7519975_01,9,"Her preoperative laboratory values were as follows: white blood cell count 5300 per microliter of blood, hemoglobin 8.2 grams/deciliter, platelet 98000 per microliter of blood, prothrombin time 16.1 seconds, international normalized ratio 1.2, serum sodium 148 meq/liter, serum potassium 3.7 meq/liter, chloride 112 meq/liter, BUN 17 mg/deciliter, creatinine 0.4 mg/deciliter, serum glucose 125 mg/deciliter, serum calcium 8.2 mg/deciliter, magnesium 2.4 gm/deciliter, aspartate transaminase 32 units per liter, and alanine transaminase 43 units per liter"
P:PMC7519975_01,A:blood,LOCATED_IN,dosage=17 mg; dosage=0.4 mg; dosage=125 mg; dosage=8.2 mg; dosage=32 units; dosage=43 units,PMC7519975_01,9,"Her preoperative laboratory values were as follows: white blood cell count 5300 per microliter of blood, hemoglobin 8.2 grams/deciliter, platelet 98000 per microliter of blood, prothrombin time 16.1 seconds, international normalized ratio 1.2, serum sodium 148 meq/liter, serum potassium 3.7 meq/liter, chloride 112 meq/liter, BUN 17 mg/deciliter, creatinine 0.4 mg/deciliter, serum glucose 125 mg/deciliter, serum calcium 8.2 mg/deciliter, magnesium 2.4 gm/deciliter, aspartate transaminase 32 units per liter, and alanine transaminase 43 units per liter"
P:PMC7519975_01,E:prothrombin_time,UNDERWENT_EXAM,dosage=17 mg; dosage=0.4 mg; dosage=125 mg; dosage=8.2 mg; dosage=32 units; dosage=43 units,PMC7519975_01,9,"Her preoperative laboratory values were as follows: white blood cell count 5300 per microliter of blood, hemoglobin 8.2 grams/deciliter, platelet 98000 per microliter of blood, prothrombin time 16.1 seconds, international normalized ratio 1.2, serum sodium 148 meq/liter, serum potassium 3.7 meq/liter, chloride 112 meq/liter, BUN 17 mg/deciliter, creatinine 0.4 mg/deciliter, serum glucose 125 mg/deciliter, serum calcium 8.2 mg/deciliter, magnesium 2.4 gm/deciliter, aspartate transaminase 32 units per liter, and alanine transaminase 43 units per liter"
P:PMC7519975_01,E:international_normalized_ratio,UNDERWENT_EXAM,dosage=17 mg; dosage=0.4 mg; dosage=125 mg; dosage=8.2 mg; dosage=32 units; dosage=43 units,PMC7519975_01,9,"Her preoperative laboratory values were as follows: white blood cell count 5300 per microliter of blood, hemoglobin 8.2 grams/deciliter, platelet 98000 per microliter of blood, prothrombin time 16.1 seconds, international normalized ratio 1.2, serum sodium 148 meq/liter, serum potassium 3.7 meq/liter, chloride 112 meq/liter, BUN 17 mg/deciliter, creatinine 0.4 mg/deciliter, serum glucose 125 mg/deciliter, serum calcium 8.2 mg/deciliter, magnesium 2.4 gm/deciliter, aspartate transaminase 32 units per liter, and alanine transaminase 43 units per liter"
P:PMC7519975_01,A:serum,LOCATED_IN,dosage=17 mg; dosage=0.4 mg; dosage=125 mg; dosage=8.2 mg; dosage=32 units; dosage=43 units,PMC7519975_01,9,"Her preoperative laboratory values were as follows: white blood cell count 5300 per microliter of blood, hemoglobin 8.2 grams/deciliter, platelet 98000 per microliter of blood, prothrombin time 16.1 seconds, international normalized ratio 1.2, serum sodium 148 meq/liter, serum potassium 3.7 meq/liter, chloride 112 meq/liter, BUN 17 mg/deciliter, creatinine 0.4 mg/deciliter, serum glucose 125 mg/deciliter, serum calcium 8.2 mg/deciliter, magnesium 2.4 gm/deciliter, aspartate transaminase 32 units per liter, and alanine transaminase 43 units per liter"
P:PMC7519975_01,M:glucose,TAKES,dosage=17 mg; dosage=0.4 mg; dosage=125 mg; dosage=8.2 mg; dosage=32 units; dosage=43 units,PMC7519975_01,9,"Her preoperative laboratory values were as follows: white blood cell count 5300 per microliter of blood, hemoglobin 8.2 grams/deciliter, platelet 98000 per microliter of blood, prothrombin time 16.1 seconds, international normalized ratio 1.2, serum sodium 148 meq/liter, serum potassium 3.7 meq/liter, chloride 112 meq/liter, BUN 17 mg/deciliter, creatinine 0.4 mg/deciliter, serum glucose 125 mg/deciliter, serum calcium 8.2 mg/deciliter, magnesium 2.4 gm/deciliter, aspartate transaminase 32 units per liter, and alanine transaminase 43 units per liter"
P:PMC7519975_01,M:calcium,TAKES,dosage=17 mg; dosage=0.4 mg; dosage=125 mg; dosage=8.2 mg; dosage=32 units; dosage=43 units,PMC7519975_01,9,"Her preoperative laboratory values were as follows: white blood cell count 5300 per microliter of blood, hemoglobin 8.2 grams/deciliter, platelet 98000 per microliter of blood, prothrombin time 16.1 seconds, international normalized ratio 1.2, serum sodium 148 meq/liter, serum potassium 3.7 meq/liter, chloride 112 meq/liter, BUN 17 mg/deciliter, creatinine 0.4 mg/deciliter, serum glucose 125 mg/deciliter, serum calcium 8.2 mg/deciliter, magnesium 2.4 gm/deciliter, aspartate transaminase 32 units per liter, and alanine transaminase 43 units per liter"
P:PMC7519975_01,E:risk,UNDERWENT_EXAM,,PMC7519975_01,10,"The patient was deemed to be at high risk for the major cardiac event after the surgery defined as death, myocardial infarction, or cardiac arrest within 30 days after noncardiac surgery"
P:PMC7519975_01,R:death,MENTIONS,,PMC7519975_01,10,"The patient was deemed to be at high risk for the major cardiac event after the surgery defined as death, myocardial infarction, or cardiac arrest within 30 days after noncardiac surgery"
P:PMC7519975_01,D:myocardial_infarction,LOCATED_IN,,PMC7519975_01,10,"The patient was deemed to be at high risk for the major cardiac event after the surgery defined as death, myocardial infarction, or cardiac arrest within 30 days after noncardiac surgery"
P:PMC7519975_01,E:risk,UNDERWENT_EXAM,,PMC7519975_01,11,"The Revised Cardiac Risk Index (RCRI) for preoperative risk was 3 points (class IV risk) based on the proposed intraperitoneal surgery, cerebrovascular disease, and preoperative treatment with insulin"
P:PMC7519975_01,R:disease,MENTIONS,,PMC7519975_01,11,"The Revised Cardiac Risk Index (RCRI) for preoperative risk was 3 points (class IV risk) based on the proposed intraperitoneal surgery, cerebrovascular disease, and preoperative treatment with insulin"
P:PMC7519975_01,M:insulin,TAKES,,PMC7519975_01,11,"The Revised Cardiac Risk Index (RCRI) for preoperative risk was 3 points (class IV risk) based on the proposed intraperitoneal surgery, cerebrovascular disease, and preoperative treatment with insulin"
P:PMC7519975_01,M:epinephrine,TAKES,,PMC7519975_01,16,High-quality chest compressions and epinephrine injection were administered every 3 minutes
P:PMC7519975_01,E:hemodynamic_monitoring,UNDERWENT_EXAM,,PMC7519975_01,19,"There were appropriate peripheral intravenous lines, triple lumen central venous catheter, and arterial line that was placed preoperatively for access and hemodynamic monitoring"
P:PMC7519975_01,Pr:resuscitation,UNDERWENT_EXAM,,PMC7519975_01,22,"Thus, the patient was pronounced dead and all resuscitation efforts were ceased"
P:PMC7519975_01,A:abdominal_cavity,LOCATED_IN,,PMC7519975_01,23,The abdominal cavity was closed
P:PMC7519975_01,E:blood_pressure,UNDERWENT_EXAM,,PMC7519975_01,26,"The patient's mean arterial blood pressure was noted to be 60 mmHg without any vasopressor agents and heart rate was 62 bpm, sinus rhythm with spontaneous respiration at a rate of 12 breaths per minute"
P:PMC7519975_01,A:ileum,LOCATED_IN,laterality=right; aspect=distal,PMC7519975_01,29,The patient was found to have infarcted distal ileum and right colon secondary to scarred adhesion and inflammatory response involving VP shunt
P:PMC7519975_01,A:colon,LOCATED_IN,laterality=right; aspect=distal,PMC7519975_01,29,The patient was found to have infarcted distal ileum and right colon secondary to scarred adhesion and inflammatory response involving VP shunt
P:PMC7519975_01,E:prognosis,UNDERWENT_EXAM,timeline=postoperative day 7,PMC7519975_01,34,"Considering the patient's poor prognosis, the patient was provided comfort care and died on postoperative day 7."
P:PMC3950436_01,Pr:tracheostomy,UNDERWENT_EXAM,,PMC3950436_01,1,"A 19-year-old female patient, weighted 40 kg, with a huge craniofacial tumor was scheduled for elective tracheostomy due to airway compromization"
P:PMC3950436_01,A:oropharynx,LOCATED_IN,,PMC3950436_01,2,"The tumor invaded the hypo and oropharynx causing displacement of the eyes, nasal obstruction with limited mouth opening and neck extension [Figure 1]"
P:PMC3950436_01,D:nasal_obstruction,DIAGNOSED_WITH,,PMC3950436_01,2,"The tumor invaded the hypo and oropharynx causing displacement of the eyes, nasal obstruction with limited mouth opening and neck extension [Figure 1]"
P:PMC3950436_01,A:mouth,LOCATED_IN,,PMC3950436_01,2,"The tumor invaded the hypo and oropharynx causing displacement of the eyes, nasal obstruction with limited mouth opening and neck extension [Figure 1]"
P:PMC3950436_01,A:neck,LOCATED_IN,,PMC3950436_01,2,"The tumor invaded the hypo and oropharynx causing displacement of the eyes, nasal obstruction with limited mouth opening and neck extension [Figure 1]"
P:PMC3950436_01,D:apnea,DIAGNOSED_WITH,,PMC3950436_01,3,"The patient had obstructive sleep apnea, shortness of breath, visual impairment and dysphagia for which gastrostomy was inserted for enteral feeding"
P:PMC3950436_01,Pr:gastrostomy,UNDERWENT_EXAM,,PMC3950436_01,3,"The patient had obstructive sleep apnea, shortness of breath, visual impairment and dysphagia for which gastrostomy was inserted for enteral feeding"
P:PMC3950436_01,R:recurrence,MENTIONS,,PMC3950436_01,4,The patient had a recurrence of the tumor after surgical intervention and multiple courses of chemo and radiotherapy
P:PMC3950436_01,Pr:radiotherapy,UNDERWENT_EXAM,,PMC3950436_01,4,The patient had a recurrence of the tumor after surgical intervention and multiple courses of chemo and radiotherapy
P:PMC3950436_01,S:pain,PRESENTS_WITH,,PMC3950436_01,5,"The patient absolutely refused any trial to insert an intravenous (IV) cannula as she had a low threshold for pain and on examination, her veins were apparently exhausted and sclerosed from chemotherapy and no vein could not be chosen to apply, EMLA cream"
P:PMC3950436_01,D:dysphonia,DIAGNOSED_WITH,,PMC3950436_01,7,Communication with the patient was challenging due to dysphonia
P:PMC3950436_01,S:pain,PRESENTS_WITH,,PMC3950436_01,8,"With the help of her mother, she reported that her daughter is absolutely refusing IV cannulation and she expressed her fear of pain perception during the tracheostomy procedure"
P:PMC3950436_01,Pr:tracheostomy,UNDERWENT_EXAM,,PMC3950436_01,8,"With the help of her mother, she reported that her daughter is absolutely refusing IV cannulation and she expressed her fear of pain perception during the tracheostomy procedure"
P:PMC3950436_01,E:blood_pressure,UNDERWENT_EXAM,,PMC3950436_01,10,"In the high dependency unit, 2 h before surgery, sedation was initiated under full monitoring with baseline non-invasive blood pressure (BP) 111/74 mmHg, heart rate (HR) 92/min, oxygen hemoglobin saturation 98% and respiratory rate (RR) 17/min"
P:PMC3950436_01,E:heart_rate,UNDERWENT_EXAM,,PMC3950436_01,10,"In the high dependency unit, 2 h before surgery, sedation was initiated under full monitoring with baseline non-invasive blood pressure (BP) 111/74 mmHg, heart rate (HR) 92/min, oxygen hemoglobin saturation 98% and respiratory rate (RR) 17/min"
P:PMC3950436_01,E:respiratory_rate,UNDERWENT_EXAM,,PMC3950436_01,10,"In the high dependency unit, 2 h before surgery, sedation was initiated under full monitoring with baseline non-invasive blood pressure (BP) 111/74 mmHg, heart rate (HR) 92/min, oxygen hemoglobin saturation 98% and respiratory rate (RR) 17/min"
P:PMC3950436_01,M:ketamine,TAKES,dosage=120 mg; dosage=3 mg,PMC3950436_01,11,"Ketamine (Tekam, Hikma, Jordan) with a dose of 120 mg (3 mg/kg) diluted in 10 ml normal saline was administered through the gastrostomy tube"
P:PMC3950436_01,Pr:gastrostomy,UNDERWENT_EXAM,dosage=120 mg; dosage=3 mg,PMC3950436_01,11,"Ketamine (Tekam, Hikma, Jordan) with a dose of 120 mg (3 mg/kg) diluted in 10 ml normal saline was administered through the gastrostomy tube"
P:PMC3950436_01,M:dexmedetomidine,TAKES,dosage=80 mcg; dosage=2 mcg,PMC3950436_01,12,"That was followed by administration of 80 mcg (2 mcg/kg) dexmedetomidine (Precedex; Hospira, Inc., Lake Forest, IL, USA) diluted in 10 ml normal saline"
P:PMC3950436_01,Pr:tracheostomy,UNDERWENT_EXAM,dosage=5 g,PMC3950436_01,13,"EMLA 5 g cream 5% (Astra Pharma, Inc., Mississauga, Ontario, Canada) was applied over the planned tracheostomy site about 10 cm2 and covered by transparent film dressing (Tegaderm Film, 3M Health-Care, USA)"
P:PMC3950436_01,A:eye,LOCATED_IN,,PMC3950436_01,14,"In OR, the patient was sedated yet awake with eye opening to verbal commands"
P:PMC3950436_01,E:oximetry,UNDERWENT_EXAM,,PMC3950436_01,15,"Non-invasive monitoring was applied for the patient (BP, electrocardiogram, pulse oximetry)"
P:PMC3950436_01,Pr:tracheostomy,UNDERWENT_EXAM,dosage=24G; laterality=left,PMC3950436_01,17,"A 24G IV cannula was inserted in the left antecubital vein guided by ultrasound without complaint. 5 ml lidocaine 1% + adrenaline 1/200,000 were infiltrated over tracheostomy site by the surgeon after IV was secured with full cooperation by the patient"
P:PMC3950436_01,Pr:tracheostomy,UNDERWENT_EXAM,size=6.0 mm,PMC3950436_01,18,Cuffed tracheostomy tube size 6.0 mm tube was easily inserted
P:PMC3950436_01,Pr:tracheostomy,UNDERWENT_EXAM,,PMC3950436_01,20,"On the following day, the cuffed tracheostomy tube was replaced by a fenestrated one; to allow the patient to speak"
P:PMC10434843_01,A:arm,LOCATED_IN,laterality=right,PMC10434843_01,1,A 49-year-old male presented to our clinic for further diagnostic evaluation of right arm paresis
P:PMC10434843_01,D:paresis,DIAGNOSED_WITH,laterality=right,PMC10434843_01,1,A 49-year-old male presented to our clinic for further diagnostic evaluation of right arm paresis
P:PMC10434843_01,A:hand,LOCATED_IN,laterality=right,PMC10434843_01,2,The patient reported an increasing weakness of the right hand in the preceding months
P:PMC10434843_01,A:hand,LOCATED_IN,laterality=right,PMC10434843_01,4,"The patient initially noticed dysaesthesia of his fingertips in his right hand 2 years ago, which had not bothered him significantly and did not, in contrast to his motor deficits, progress over time"
P:PMC10434843_01,E:magnetic_resonance_imaging,UNDERWENT_EXAM,,PMC10434843_01,5,"Magnetic resonance imaging (MRI) of the head and cervical spine showed no abnormalities while initial treatments with physiotherapy and oral cortisone had been performed, without any improvement"
P:PMC10434843_01,A:head,LOCATED_IN,,PMC10434843_01,5,"Magnetic resonance imaging (MRI) of the head and cervical spine showed no abnormalities while initial treatments with physiotherapy and oral cortisone had been performed, without any improvement"
P:PMC10434843_01,A:spine,LOCATED_IN,,PMC10434843_01,5,"Magnetic resonance imaging (MRI) of the head and cervical spine showed no abnormalities while initial treatments with physiotherapy and oral cortisone had been performed, without any improvement"
P:PMC10434843_01,M:cortisone,TAKES,,PMC10434843_01,5,"Magnetic resonance imaging (MRI) of the head and cervical spine showed no abnormalities while initial treatments with physiotherapy and oral cortisone had been performed, without any improvement"
P:PMC10434843_01,D:paresis,DIAGNOSED_WITH,laterality=right; aspect=distal,PMC10434843_01,6,The clinical neurological examination on admission revealed a paresis dominantly of the right distal arm but no atrophy
P:PMC10434843_01,A:arm,LOCATED_IN,laterality=right; aspect=distal,PMC10434843_01,6,The clinical neurological examination on admission revealed a paresis dominantly of the right distal arm but no atrophy
P:PMC10434843_01,A:wrist,LOCATED_IN,laterality=right; laterality=left,PMC10434843_01,7,"Specifically, he displayed motor deficits (Medical Research Council grading system) in his wrist flexion [right (r): 4-/5, left (l): 5/5], wrist extension (r: 4/5, l: 5/5), wrist abduction [ulnar: (r: 4/5, l: 5/5), radial: (r: 4+/5, l: 5/5)], finger extension and flexion (r: 4+/5, l: 5/5) in addition to his finger spread (r: 4/5, l: 5/5)"
P:PMC10434843_01,A:thumb,LOCATED_IN,laterality=right,PMC10434843_01,8,"His thumb abduction, opposition (r: 4/5, l: 5/5), and extension (r: 4-/5, l: 5/5) showed deficits on the right side"
P:PMC10434843_01,D:paresis,LOCATED_IN,,PMC10434843_01,9,"There was a paresis in the external shoulder rotation on both sides (l, r: 4+/5) but no deficits in any other muscles (l/r: 5/5)"
P:PMC10434843_01,A:shoulder,LOCATED_IN,,PMC10434843_01,9,"There was a paresis in the external shoulder rotation on both sides (l, r: 4+/5) but no deficits in any other muscles (l/r: 5/5)"
P:PMC10434843_01,A:fingers,LOCATED_IN,aspect=distal,PMC10434843_01,10,The patient also presented an isolated hypoesthesia in the fingertips (one third of distal phalanx) of his first three fingers on both sides with an exclusion of the thumb pad and palm without thermdysesthesia and pallhypesthesia
P:PMC10434843_01,A:thumb,LOCATED_IN,aspect=distal,PMC10434843_01,10,The patient also presented an isolated hypoesthesia in the fingertips (one third of distal phalanx) of his first three fingers on both sides with an exclusion of the thumb pad and palm without thermdysesthesia and pallhypesthesia
P:PMC10434843_01,A:cerebrospinal_fluid,LOCATED_IN,dosage=603 mg,PMC10434843_01,14,"A diagnostic lumbar puncture and subsequent cerebrospinal fluid (CSF) analysis showed a normal cell count and slightly increased total protein levels (603 mg/l) with a blood-CSF barrier dysfunction as quantified by the albumin quotient, but no intrathecal immunoglobulin synthesis (Figure 1)"
P:PMC10434843_01,E:cell_count,UNDERWENT_EXAM,dosage=603 mg,PMC10434843_01,14,"A diagnostic lumbar puncture and subsequent cerebrospinal fluid (CSF) analysis showed a normal cell count and slightly increased total protein levels (603 mg/l) with a blood-CSF barrier dysfunction as quantified by the albumin quotient, but no intrathecal immunoglobulin synthesis (Figure 1)"
P:PMC10434843_01,E:flow_cytometry,UNDERWENT_EXAM,,PMC10434843_01,15,Flow cytometry analysis revealed an increase of activated HLA-DR expressing CD4+ T cells (33.7%) in the CSF compared to age-matched non-inflammatory controls [Figure 1(b)]
P:PMC10434843_01,A:cells,LOCATED_IN,,PMC10434843_01,15,Flow cytometry analysis revealed an increase of activated HLA-DR expressing CD4+ T cells (33.7%) in the CSF compared to age-matched non-inflammatory controls [Figure 1(b)]
P:PMC10434843_01,A:cells,LOCATED_IN,,PMC10434843_01,16,"Furthermore, increased proportions of natural killer cells (NK cells) with a CD56bright to CD56dim shift were observed in the blood of the patient compared to both non-inflammatory controls and other inflammatory neuropathy patients"
P:PMC10434843_01,A:blood,LOCATED_IN,,PMC10434843_01,16,"Furthermore, increased proportions of natural killer cells (NK cells) with a CD56bright to CD56dim shift were observed in the blood of the patient compared to both non-inflammatory controls and other inflammatory neuropathy patients"
P:PMC10434843_01,A:blood,LOCATED_IN,,PMC10434843_01,17,Both blood and CSF displayed higher levels of NKT cells compared to the non-inflammatory controls
P:PMC10434843_01,A:cells,LOCATED_IN,,PMC10434843_01,17,Both blood and CSF displayed higher levels of NKT cells compared to the non-inflammatory controls
P:PMC10434843_01,M:antibodies,TAKES,,PMC10434843_01,18,"Interestingly, we detected antibodies against CASPR2 in the CSF (1:32) and in the serum of the patient (1:320) (Table 1) (indirect immunofluorescence assay)"
P:PMC10434843_01,A:serum,LOCATED_IN,,PMC10434843_01,18,"Interestingly, we detected antibodies against CASPR2 in the CSF (1:32) and in the serum of the patient (1:320) (Table 1) (indirect immunofluorescence assay)"
P:PMC10434843_01,A:serum,LOCATED_IN,,PMC10434843_01,19,"Serum ganglioside antibody determination showed negative Immunoglobulin (Ig)G antibodies and a borderline positive result for IgM antibodies against GM3 and GQ1b in the serum, which, based on the assay guidelines, was considered negative (Table 1) (enzyme immunoassay)"
P:PMC10434843_01,M:antibodies,TAKES,,PMC10434843_01,19,"Serum ganglioside antibody determination showed negative Immunoglobulin (Ig)G antibodies and a borderline positive result for IgM antibodies against GM3 and GQ1b in the serum, which, based on the assay guidelines, was considered negative (Table 1) (enzyme immunoassay)"
P:PMC10434843_01,E:immunoassay,UNDERWENT_EXAM,,PMC10434843_01,19,"Serum ganglioside antibody determination showed negative Immunoglobulin (Ig)G antibodies and a borderline positive result for IgM antibodies against GM3 and GQ1b in the serum, which, based on the assay guidelines, was considered negative (Table 1) (enzyme immunoassay)"
P:PMC10434843_01,A:ulnar_nerve,LOCATED_IN,laterality=right,PMC10434843_01,20,Further diagnostics showed a motor nerve conduction block at Erb's point-axilla with area reduction of >50% (Table 2) in the right ulnar nerve
P:PMC10434843_01,A:ulnar_nerve,LOCATED_IN,,PMC10434843_01,21,Nerve conduction velocity showed normal values in the median and ulnar nerve
P:PMC10434843_01,A:median_nerve,LOCATED_IN,laterality=right,PMC10434843_01,22,F-wave latencies of the ulnar nerves were prolonged and the right median nerve was not measurable
P:PMC10434843_01,A:tibial_nerve,LOCATED_IN,,PMC10434843_01,23,The radial and tibial nerve on both sides showed normal functions
P:PMC10434843_01,E:electromyography,UNDERWENT_EXAM,,PMC10434843_01,25,"The needle electromyography showed chronic neurogenic changes in the abductor pollicis brevis muscle, with no abnormal activity at rest"
P:PMC10434843_01,E:ultrasonography,UNDERWENT_EXAM,laterality=right,PMC10434843_01,27,A peripheral nerve ultrasonography (Figure 2) showed an enlargement of the cross-sectional areas of the right median nerve and discontinuous swelling of individual fascicles of the right median and ulnar nerve in the upper arm supporting the MMN-like phenotype
P:PMC10434843_01,A:median_nerve,LOCATED_IN,laterality=right,PMC10434843_01,27,A peripheral nerve ultrasonography (Figure 2) showed an enlargement of the cross-sectional areas of the right median nerve and discontinuous swelling of individual fascicles of the right median and ulnar nerve in the upper arm supporting the MMN-like phenotype
P:PMC10434843_01,A:ulnar_nerve,LOCATED_IN,laterality=right,PMC10434843_01,27,A peripheral nerve ultrasonography (Figure 2) showed an enlargement of the cross-sectional areas of the right median nerve and discontinuous swelling of individual fascicles of the right median and ulnar nerve in the upper arm supporting the MMN-like phenotype
P:PMC10434843_01,A:arm,LOCATED_IN,laterality=right,PMC10434843_01,27,A peripheral nerve ultrasonography (Figure 2) showed an enlargement of the cross-sectional areas of the right median nerve and discontinuous swelling of individual fascicles of the right median and ulnar nerve in the upper arm supporting the MMN-like phenotype
P:PMC10434843_01,A:brain,LOCATED_IN,,PMC10434843_01,29,In context with the clinical presentation and his normal brain MRI we thus ruled out an autoimmune encephalitis
P:PMC10434843_01,D:encephalitis,LOCATED_IN,,PMC10434843_01,29,In context with the clinical presentation and his normal brain MRI we thus ruled out an autoimmune encephalitis
P:PMC10434843_01,M:antibodies,TAKES,,PMC10434843_01,30,"Due to the CASPR2 antibodies, which can be associated with malignancy,   we initiated a tumor search with an abdomen and thyroid sonography as well as an urologic consultation and Positron emission tomography-computed tomography (PET-CT) which showed no indication of a tumor"
P:PMC10434843_01,A:abdomen,LOCATED_IN,,PMC10434843_01,30,"Due to the CASPR2 antibodies, which can be associated with malignancy,   we initiated a tumor search with an abdomen and thyroid sonography as well as an urologic consultation and Positron emission tomography-computed tomography (PET-CT) which showed no indication of a tumor"
P:PMC10434843_01,E:tomography,UNDERWENT_EXAM,,PMC10434843_01,30,"Due to the CASPR2 antibodies, which can be associated with malignancy,   we initiated a tumor search with an abdomen and thyroid sonography as well as an urologic consultation and Positron emission tomography-computed tomography (PET-CT) which showed no indication of a tumor"
P:PMC10434843_01,A:thumb,LOCATED_IN,laterality=right,PMC10434843_01,32,"Specifically, he had motor deficits in his right finger extension (r: 4/5, l: 4+/5), his thumb abduction (r: 4/5, l: 4+/5), as well as thumb extension (r: 4-/5, l: 4/5)"
P:PMC10434843_01,A:wrist,LOCATED_IN,,PMC10434843_01,35,"Objective parameters included an improvement of his finger extension (r: 4/5; l: 5/5) and his wrist extension (r: 5/5; l: 4+/5) and grip strength (Martin-Vigorimeter) (l: 0.6 bar; r: not measurable; 3-month follow-up = l: 0.86 bar, r: 0.36 bar)"
P:PMC10434843_01,A:median_nerve,LOCATED_IN,,PMC10434843_01,36,"We also measured an improved electroneurography, with improved conduction velocity and amplitude as well as a decreased area reduction in the conduction block (Table 2) but a new motor nerve conduction block with an area reduction of >50% on the median nerve at the elbow on both sides"
P:PMC10434843_01,A:elbow,LOCATED_IN,,PMC10434843_01,36,"We also measured an improved electroneurography, with improved conduction velocity and amplitude as well as a decreased area reduction in the conduction block (Table 2) but a new motor nerve conduction block with an area reduction of >50% on the median nerve at the elbow on both sides"
P:PMC10434843_01,M:antibodies,TAKES,,PMC10434843_01,37,"In the follow-up, CASPR2 antibodies were confirmed in the serum (1:10) with an indirect immunofluorescence assay but not measured in the CSF, therefore also presenting a treatment response"
P:PMC10434843_01,A:serum,LOCATED_IN,,PMC10434843_01,37,"In the follow-up, CASPR2 antibodies were confirmed in the serum (1:10) with an indirect immunofluorescence assay but not measured in the CSF, therefore also presenting a treatment response"
P:PMC10434843_01,E:diagnosis,UNDERWENT_EXAM,,PMC10434843_01,38,Further differential diagnosis included Lewis-Sumner syndrome and amyotrophic lateral sclerosis as well as other more common causes of CASPR2 antibodies
P:PMC10434843_01,R:syndrome,DIAGNOSED_WITH,,PMC10434843_01,38,Further differential diagnosis included Lewis-Sumner syndrome and amyotrophic lateral sclerosis as well as other more common causes of CASPR2 antibodies
P:PMC10434843_01,D:amyotrophic_lateral_sclerosis,DIAGNOSED_WITH,,PMC10434843_01,38,Further differential diagnosis included Lewis-Sumner syndrome and amyotrophic lateral sclerosis as well as other more common causes of CASPR2 antibodies
P:PMC10434843_01,M:antibodies,TAKES,,PMC10434843_01,38,Further differential diagnosis included Lewis-Sumner syndrome and amyotrophic lateral sclerosis as well as other more common causes of CASPR2 antibodies
P:PMC10434843_01,A:median_nerve,LOCATED_IN,,PMC10434843_01,40,"While the patient described sensory symptoms in the innervation area of the median nerve bilaterally, they did not extend to the rest of its innervation area (thumb pad, lower arm) and did not progress over time"
P:PMC10434843_01,A:arm,LOCATED_IN,,PMC10434843_01,40,"While the patient described sensory symptoms in the innervation area of the median nerve bilaterally, they did not extend to the rest of its innervation area (thumb pad, lower arm) and did not progress over time"
P:PMC10434843_01,R:syndrome,MENTIONS,,PMC10434843_01,41,"In addition, we could not find deficits in other sensory qualities or the sensory nerve conduction to objectify these deficits, indicating a Lewis-Sumner syndrome"
P:PMC10434843_01,R:disease,MENTIONS,,PMC10434843_01,42,"However, we do acknowledge that the inflammatory neuropathies are most likely an overlapping disease spectrum, which is why we also call it MMN-like disease"
P:PMC10434843_01,M:antibodies,TAKES,,PMC10434843_01,43,Further diagnostics in our case also showed no indication of more common diseases associated with CASPR2 antibodies.
P:PMC4630775_01,D:rupture,DIAGNOSED_WITH,,PMC4630775_01,1,"A 7-lb, 39-week-old newborn was born to a 45-year-old G14P8238 woman by cesarean delivery for prolonged rupture of membranes"
P:PMC4630775_01,A:membranes,LOCATED_IN,,PMC4630775_01,1,"A 7-lb, 39-week-old newborn was born to a 45-year-old G14P8238 woman by cesarean delivery for prolonged rupture of membranes"
P:PMC4630775_01,A:skin,LOCATED_IN,laterality=right,PMC4630775_01,2,The patient presented with desquamation of the palm and a leathery appearance of the skin to the right dorsal hand and circumferential forearm with frank ischemia to the thumb
P:PMC4630775_01,A:hand,LOCATED_IN,laterality=right,PMC4630775_01,2,The patient presented with desquamation of the palm and a leathery appearance of the skin to the right dorsal hand and circumferential forearm with frank ischemia to the thumb
P:PMC4630775_01,A:forearm,LOCATED_IN,laterality=right,PMC4630775_01,2,The patient presented with desquamation of the palm and a leathery appearance of the skin to the right dorsal hand and circumferential forearm with frank ischemia to the thumb
P:PMC4630775_01,R:ischemia,MENTIONS,laterality=right,PMC4630775_01,2,The patient presented with desquamation of the palm and a leathery appearance of the skin to the right dorsal hand and circumferential forearm with frank ischemia to the thumb
P:PMC4630775_01,A:thumb,LOCATED_IN,laterality=right,PMC4630775_01,2,The patient presented with desquamation of the palm and a leathery appearance of the skin to the right dorsal hand and circumferential forearm with frank ischemia to the thumb
P:PMC4630775_01,R:syndrome,MENTIONS,,PMC4630775_01,3,hat options are available for the treatment of neonatal compartment syndrome?
P:PMC2700431_01,D:hepatitis_b,DIAGNOSED_WITH,,PMC2700431_01,2,"He was a drug addict, alcoholic, hepatitis B and C positive"
P:PMC2700431_01,A:spinal_cord,LOCATED_IN,laterality=right; laterality=bilateral,PMC2700431_01,4,"He had fracture 3 and 4 cervical vertebra complete transaction of spinal cord at C4 level (quadriplegic); fracture 4, 5, 6 ribs on the right side; and bilateral pneumothorax (bilateral chest tubes inserted); rupture spleen and liver"
P:PMC2700431_01,A:ribs,LOCATED_IN,laterality=right; laterality=bilateral,PMC2700431_01,4,"He had fracture 3 and 4 cervical vertebra complete transaction of spinal cord at C4 level (quadriplegic); fracture 4, 5, 6 ribs on the right side; and bilateral pneumothorax (bilateral chest tubes inserted); rupture spleen and liver"
P:PMC2700431_01,D:pneumothorax,DIAGNOSED_WITH,laterality=right; laterality=bilateral,PMC2700431_01,4,"He had fracture 3 and 4 cervical vertebra complete transaction of spinal cord at C4 level (quadriplegic); fracture 4, 5, 6 ribs on the right side; and bilateral pneumothorax (bilateral chest tubes inserted); rupture spleen and liver"
P:PMC2700431_01,D:rupture,DIAGNOSED_WITH,laterality=right; laterality=bilateral,PMC2700431_01,4,"He had fracture 3 and 4 cervical vertebra complete transaction of spinal cord at C4 level (quadriplegic); fracture 4, 5, 6 ribs on the right side; and bilateral pneumothorax (bilateral chest tubes inserted); rupture spleen and liver"
P:PMC2700431_01,A:spleen,LOCATED_IN,laterality=right; laterality=bilateral,PMC2700431_01,4,"He had fracture 3 and 4 cervical vertebra complete transaction of spinal cord at C4 level (quadriplegic); fracture 4, 5, 6 ribs on the right side; and bilateral pneumothorax (bilateral chest tubes inserted); rupture spleen and liver"
P:PMC2700431_01,A:liver,LOCATED_IN,laterality=right; laterality=bilateral,PMC2700431_01,4,"He had fracture 3 and 4 cervical vertebra complete transaction of spinal cord at C4 level (quadriplegic); fracture 4, 5, 6 ribs on the right side; and bilateral pneumothorax (bilateral chest tubes inserted); rupture spleen and liver"
P:PMC2700431_01,Pr:tracheostomy,UNDERWENT_EXAM,,PMC2700431_01,5,"He was taken to the operating room and spleenectomy and hepatic repair were done; and keeping in mind the seriousness of injuries and anticipating long recovery time, the elective surgical tracheostomy was done in operating room"
P:PMC2700431_01,A:back,LOCATED_IN,,PMC2700431_01,6,The patient was shifted back to the ICU on ventilator
P:PMC2700431_01,A:mouth,LOCATED_IN,,PMC2700431_01,8,"Multiple attempts of extubation failed; and on day 15, the assigned staff nurse noticed bubbling and air leak from the mouth and the patient started desaturating"
P:PMC2700431_01,A:blood,LOCATED_IN,,PMC2700431_01,9,"He was febrile, with white blood cell level increasing"
P:PMC2700431_01,A:lung,LOCATED_IN,laterality=right,PMC2700431_01,11,Chest radiograph showed opacities in the right lower lung region and large endotracheal cuff shadow [Figure 1]
P:PMC2700431_01,E:bronchoscopy,UNDERWENT_EXAM,,PMC2700431_01,12,Bronchoscopy revealed the fistula and demonstrated the passage of secretions and air
P:PMC2700431_01,R:fistula,MENTIONS,,PMC2700431_01,12,Bronchoscopy revealed the fistula and demonstrated the passage of secretions and air
P:PMC2700431_01,A:mouth,LOCATED_IN,,PMC2700431_01,14,"Water dye was given through mouth, which was traced into the trachea"
P:PMC2700431_01,A:trachea,LOCATED_IN,,PMC2700431_01,14,"Water dye was given through mouth, which was traced into the trachea"
P:PMC2700431_01,D:tracheoesophageal_fistula,DIAGNOSED_WITH,,PMC2700431_01,15,He was diagnosed as having tracheoesophageal fistula
P:PMC2700431_01,D:pneumonia,DIAGNOSED_WITH,,PMC2700431_01,16,"Appropriate antibiotic was started for aspiration pneumonia, and the patient improved with regard to his infection but later expired."
P:PMC10106591_01,S:chest_pain,PRESENTS_WITH,,PMC10106591_01,1,"A 44-year-old female patient presented to the emergency room (ER) of our hospital with complaints of ""intermittent chest pain and chest tightness for two weeks, worsening for the past 2 h."" She reported that the chest pain that started 2 weeks before she attended the ER involved intermittent retrosternal pain occurring at midnight at rest, accompanied by tightness in her throat without shortness of breath, palpitations, or diaphoresis"
P:PMC10106591_01,S:pain,PRESENTS_WITH,,PMC10106591_01,1,"A 44-year-old female patient presented to the emergency room (ER) of our hospital with complaints of ""intermittent chest pain and chest tightness for two weeks, worsening for the past 2 h."" She reported that the chest pain that started 2 weeks before she attended the ER involved intermittent retrosternal pain occurring at midnight at rest, accompanied by tightness in her throat without shortness of breath, palpitations, or diaphoresis"
P:PMC10106591_01,D:hypertension,HAS_HISTORY,dosage=150 mg,PMC10106591_01,4,"Her medical history included hypertension for 7 years and noncompliance with antihypertensives (irbesartan, 150 mg/day)"
P:PMC10106591_01,M:irbesartan,HAS_HISTORY,dosage=150 mg,PMC10106591_01,4,"Her medical history included hypertension for 7 years and noncompliance with antihypertensives (irbesartan, 150 mg/day)"
P:PMC10106591_01,M:glucose,HAS_HISTORY,,PMC10106591_01,5,She also reported abnormal glucose tolerance for the past year
P:PMC10106591_01,E:physical_examination,UNDERWENT_EXAM,size=1 mm,PMC10106591_01,7,"Physical examination upon admission revealed that vitals were all within normal limits: blood pressure 105/51 mmHg (1 mm Hg = 0.133 kPa), heart rate (HR) 56 beats/min, respiratory rate 20 /min, and oxygen saturation level at 99% (room air)"
P:PMC10106591_01,E:blood_pressure,UNDERWENT_EXAM,size=1 mm,PMC10106591_01,7,"Physical examination upon admission revealed that vitals were all within normal limits: blood pressure 105/51 mmHg (1 mm Hg = 0.133 kPa), heart rate (HR) 56 beats/min, respiratory rate 20 /min, and oxygen saturation level at 99% (room air)"
P:PMC10106591_01,E:heart_rate,UNDERWENT_EXAM,size=1 mm,PMC10106591_01,7,"Physical examination upon admission revealed that vitals were all within normal limits: blood pressure 105/51 mmHg (1 mm Hg = 0.133 kPa), heart rate (HR) 56 beats/min, respiratory rate 20 /min, and oxygen saturation level at 99% (room air)"
P:PMC10106591_01,E:respiratory_rate,UNDERWENT_EXAM,size=1 mm,PMC10106591_01,7,"Physical examination upon admission revealed that vitals were all within normal limits: blood pressure 105/51 mmHg (1 mm Hg = 0.133 kPa), heart rate (HR) 56 beats/min, respiratory rate 20 /min, and oxygen saturation level at 99% (room air)"
P:PMC10106591_01,A:heart,LOCATED_IN,,PMC10106591_01,8,Cardiac and pulmonary examination revealed normal heart sounds without murmur and clear lungs to auscultation
P:PMC10106591_01,A:abdomen,LOCATED_IN,,PMC10106591_01,9,"The abdomen was soft and nontender to palpation, without rebound tenderness"
P:PMC10106591_01,E:palpation,UNDERWENT_EXAM,,PMC10106591_01,9,"The abdomen was soft and nontender to palpation, without rebound tenderness"
P:PMC10106591_01,A:ventricular_septum,LOCATED_IN,laterality=left; aspect=posterior,PMC10106591_01,11,"The electrocardiogram (ECG) performed at rest showed normal sinus rhythm with no significant ST-T changes (Figure 1A); echocardiography completed in the ER showed a mildly thickened ventricular septum and left ventricular posterior wall, mild tricuspid regurgitation, and slightly reduced left ventricular ejection fraction (LVEF 50%, normal range: 55%-75%) (Figures 1B,C)"
P:PMC10106591_01,D:acute_coronary_syndrome,DIAGNOSED_WITH,dosage=300 mg,PMC10106591_01,13,"Since acute coronary syndrome (ACS) cannot be excluded, a loading dose of aspirin (300 mg) + clopidogrel (300 mg) was prescribed and coronary angiography (CAG) was suggested but was refused by the patient and her family members"
P:PMC10106591_01,M:aspirin,TAKES,dosage=300 mg,PMC10106591_01,13,"Since acute coronary syndrome (ACS) cannot be excluded, a loading dose of aspirin (300 mg) + clopidogrel (300 mg) was prescribed and coronary angiography (CAG) was suggested but was refused by the patient and her family members"
P:PMC10106591_01,M:clopidogrel,TAKES,dosage=300 mg,PMC10106591_01,13,"Since acute coronary syndrome (ACS) cannot be excluded, a loading dose of aspirin (300 mg) + clopidogrel (300 mg) was prescribed and coronary angiography (CAG) was suggested but was refused by the patient and her family members"
P:PMC10106591_01,E:coronary_angiography,UNDERWENT_EXAM,dosage=300 mg,PMC10106591_01,13,"Since acute coronary syndrome (ACS) cannot be excluded, a loading dose of aspirin (300 mg) + clopidogrel (300 mg) was prescribed and coronary angiography (CAG) was suggested but was refused by the patient and her family members"
P:PMC10106591_01,Pr:hospitalization,UNDERWENT_EXAM,,PMC10106591_01,15,"Twelve minutes after hospitalization, her chest pain recurred, and monitoring ECG revealed ST-segment elevation in lead II and complete AV-B with HR at 41 beats/min accompanied by hypotension (BP at 96/51 mmHg) (Figures 2A,B)"
P:PMC10106591_01,S:chest_pain,PRESENTS_WITH,,PMC10106591_01,15,"Twelve minutes after hospitalization, her chest pain recurred, and monitoring ECG revealed ST-segment elevation in lead II and complete AV-B with HR at 41 beats/min accompanied by hypotension (BP at 96/51 mmHg) (Figures 2A,B)"
P:PMC10106591_01,D:hypotension,LOCATED_IN,,PMC10106591_01,15,"Twelve minutes after hospitalization, her chest pain recurred, and monitoring ECG revealed ST-segment elevation in lead II and complete AV-B with HR at 41 beats/min accompanied by hypotension (BP at 96/51 mmHg) (Figures 2A,B)"
P:PMC10106591_01,S:chest_pain,PRESENTS_WITH,,PMC10106591_01,16,"According to the characteristics of the patient's chest pain, ECG (near normal when chest pain was relieved), and biomarker (normal troponin I) obtained in ER, the diagnosis of CAS was highly suspected"
P:PMC10106591_01,S:chest_pain,PRESENTS_WITH,dosage=5 mg,PMC10106591_01,17,"With a possible diagnosis of CAS, 5 mg of diltiazem was administered intravenously with prompt relief of chest pain, and complete AV-B was converted back to sinus rhythm (HR at 59 beats/min) (Figure 2C)"
P:PMC10106591_01,A:back,LOCATED_IN,dosage=5 mg,PMC10106591_01,17,"With a possible diagnosis of CAS, 5 mg of diltiazem was administered intravenously with prompt relief of chest pain, and complete AV-B was converted back to sinus rhythm (HR at 59 beats/min) (Figure 2C)"
P:PMC10106591_01,M:diltiazem,TAKES,dosage=50 mg,PMC10106591_01,18,The patient was on 50 mg of diltiazem hydrochloride intravenously (at 5 mL/h) for maintenance
P:PMC10106591_01,Pr:suggestion,UNDERWENT_EXAM,laterality=left; laterality=right; aspect=anterior,PMC10106591_01,19,"She received CAG the second day after a repeated suggestion by the physician, which revealed normal left main branch, 20%-30% stenosis at the opening and middle segment of the left anterior descending artery (LAD), 30% stenosis at the first diagonal branch (D1), 30% stenosis at the beginning of the circumflex branch (LCX), and 20% stenosis at the middle of the right coronary artery (RCA) (Figures 2D,E,F, Supplementary Videos S1-S3)"
P:PMC10106591_01,Pr:hospitalization,UNDERWENT_EXAM,,PMC10106591_01,20,"Routine lab work during hospitalization revealed that white blood cell count, lipids, liver function, renal function, glycosylated hemoglobin, electrolytes, thyroid function, coagulation function, erythrocyte sedimentation rate, D-dimers, cytokines, and urinalysis were all within normal limits"
P:PMC10106591_01,E:blood_cell_count,UNDERWENT_EXAM,,PMC10106591_01,20,"Routine lab work during hospitalization revealed that white blood cell count, lipids, liver function, renal function, glycosylated hemoglobin, electrolytes, thyroid function, coagulation function, erythrocyte sedimentation rate, D-dimers, cytokines, and urinalysis were all within normal limits"
P:PMC10106591_01,A:liver,LOCATED_IN,,PMC10106591_01,20,"Routine lab work during hospitalization revealed that white blood cell count, lipids, liver function, renal function, glycosylated hemoglobin, electrolytes, thyroid function, coagulation function, erythrocyte sedimentation rate, D-dimers, cytokines, and urinalysis were all within normal limits"
P:PMC10106591_01,E:urinalysis,UNDERWENT_EXAM,,PMC10106591_01,20,"Routine lab work during hospitalization revealed that white blood cell count, lipids, liver function, renal function, glycosylated hemoglobin, electrolytes, thyroid function, coagulation function, erythrocyte sedimentation rate, D-dimers, cytokines, and urinalysis were all within normal limits"
P:PMC10106591_01,E:diagnosis,UNDERWENT_EXAM,,PMC10106591_01,21,"Based on the patient's symptoms, ECG, and CA findings, a diagnosis of CAS was made"
P:PMC10106591_01,M:diltiazem,TAKES,dosage=90 mg; dosage=100 mg; dosage=20 mg,PMC10106591_01,23,"The patient was then prescribed diltiazem sustained-release capsules (90 mg, twice per day), an antiplatelet medication (aspirin, 100 mg per day), and lipid-regulating medication (atorvastatin, 20 mg per day)"
P:PMC10106591_01,M:capsules,TAKES,dosage=90 mg; dosage=100 mg; dosage=20 mg,PMC10106591_01,23,"The patient was then prescribed diltiazem sustained-release capsules (90 mg, twice per day), an antiplatelet medication (aspirin, 100 mg per day), and lipid-regulating medication (atorvastatin, 20 mg per day)"
P:PMC10106591_01,M:aspirin,TAKES,dosage=90 mg; dosage=100 mg; dosage=20 mg,PMC10106591_01,23,"The patient was then prescribed diltiazem sustained-release capsules (90 mg, twice per day), an antiplatelet medication (aspirin, 100 mg per day), and lipid-regulating medication (atorvastatin, 20 mg per day)"
P:PMC10106591_01,M:atorvastatin,TAKES,dosage=90 mg; dosage=100 mg; dosage=20 mg,PMC10106591_01,23,"The patient was then prescribed diltiazem sustained-release capsules (90 mg, twice per day), an antiplatelet medication (aspirin, 100 mg per day), and lipid-regulating medication (atorvastatin, 20 mg per day)"
P:PMC10106591_01,D:myocardial_ischemia,LOCATED_IN,,PMC10106591_01,24,"With other in-patient treatments and improving myocardial ischemia, the patient no longer had chest pain or discomfort during hospitalization"
P:PMC4073451_01,A:mandible,LOCATED_IN,laterality=right,PMC4073451_01,1,"In April of 2008, a 14-year-old girl was referred to department of Surgery and Oral Pathology to investigate a multilocular radiolucent lesion involving body and ramus of right mandible that was discovered, incidentally, in orthodontic documentation [Figure 1a]"
P:PMC4073451_01,A:mandible,LOCATED_IN,laterality=right,PMC4073451_01,2,The extraoral view showed slight swelling in region of right mandible and the intraoral examination showed no alterations in oral mucosa
P:PMC4073451_01,E:tomography,UNDERWENT_EXAM,,PMC4073451_01,3,"In addition, computerized tomography (CT) with axial and 3-dimensional (3D) reconstruction was performed to define the extension of lesion and the views showed hypodense expansive lesion with buccal and lingual cortical expansion that pushed the mandibular canal to the base"
P:PMC4073451_01,A:mandibular_canal,LOCATED_IN,,PMC4073451_01,3,"In addition, computerized tomography (CT) with axial and 3-dimensional (3D) reconstruction was performed to define the extension of lesion and the views showed hypodense expansive lesion with buccal and lingual cortical expansion that pushed the mandibular canal to the base"
P:PMC4073451_01,E:biopsy,UNDERWENT_EXAM,,PMC4073451_01,4,"Incisional biopsy was performed under local anesthesia revealing a cystic lesion, it was then marsupialized"
P:PMC4073451_01,Pr:anesthesia,UNDERWENT_EXAM,,PMC4073451_01,4,"Incisional biopsy was performed under local anesthesia revealing a cystic lesion, it was then marsupialized"
P:PMC4073451_01,Pr:decompression,UNDERWENT_EXAM,,PMC4073451_01,6,"In June of 2009, 14 months after decompression was performed, the cyst was enucleated through an intraoral approach under general anesthesia"
P:PMC4073451_01,Pr:anesthesia,UNDERWENT_EXAM,,PMC4073451_01,6,"In June of 2009, 14 months after decompression was performed, the cyst was enucleated through an intraoral approach under general anesthesia"
P:PMC4073451_01,A:cortical_bone,LOCATED_IN,,PMC4073451_01,9,A CT scan was done and it revealed a hypodense lesion that caused the expansion of cortical bone suggesting bone repair
P:PMC4073451_01,A:mandible,LOCATED_IN,laterality=right; aspect=posterior,PMC4073451_01,10,"Moreover, two parallel hyperdense lines in posterior region of right body of mandible were seen, compatible with bifid mandibular canal [Figure 1d]"
P:PMC4073451_01,A:mandibular_canal,LOCATED_IN,laterality=right; aspect=posterior,PMC4073451_01,10,"Moreover, two parallel hyperdense lines in posterior region of right body of mandible were seen, compatible with bifid mandibular canal [Figure 1d]"
P:PMC4073451_01,A:mandibular_canal,LOCATED_IN,aspect=superior,PMC4073451_01,11,"In addition, a multislice CT scan was performed which revealed an ascendant bifurcation of the mandibular canal from nearly the angle to the superior border of mandible, surrounding the bone repair, simulating sclerotic margins of a possible recurrence [Figure 2]."
P:PMC6083636_01,E:physical_examination,UNDERWENT_EXAM,,PMC6083636_01,5,"As shown in Figure 1, external physical examination did not reveal obvious signs of cutaneous or ocular albinism"
P:PMC6083636_01,A:eye,LOCATED_IN,dosage=10 mg; laterality=right; laterality=left,PMC6083636_01,7,Cycloplegic refraction (Cicloplegicedol 10 mg/ml) in the right eye (RE) was plano/-2.50 x 10  and in the left eye (LE) plano/-3.50 x 180 .
P:PMC6083636_02,E:reflex,UNDERWENT_EXAM,aspect=anterior,PMC6083636_02,1,"Slit-lamp examination of the anterior segment was unremarkable, but the fundus examination revealed a blunt foveal reflex"
P:PMC6083636_02,A:eye,LOCATED_IN,laterality=right; laterality=left,PMC6083636_02,6,"In the central ring the retinal thickness of our case was 270 mum and 272 mum for the right and left eye, respectively"
P:PMC6083636_02,A:eye,LOCATED_IN,laterality=right; laterality=left,PMC6083636_02,7,The thickness of the control was 227 mum in the right eye and 239 mum in the left
P:PMC6083636_02,A:retina,LOCATED_IN,,PMC6083636_02,8,"Of note, the overall thickness of the retina in all other rings and sectors seems to be reduced when compared with the control"
P:PMC6083636_02,E:biometry,UNDERWENT_EXAM,size=23.5 mm,PMC6083636_02,9,"Biometry, performed with a Sonomed PacScan 300A biometer, revealed and axial length in our case of 23.5 mm in both eyes"
P:PMC6083636_02,A:eye,LOCATED_IN,laterality=left,PMC6083636_02,11,"The patient's images (Figure 3, top panel) show a poorly defined foveal zone in the left eye as well as vascular branches crossing the location of the anatomic fovea"
P:PMC6083636_02,A:retina,LOCATED_IN,,PMC6083636_02,12,Only one retina of the case is shown to allow the addition of the control retina (bottom panel of the figure) for comparison nonetheless both eyes of our case have similar morphological properties in images obtained from fundus camera
P:PMC6083636_03,E:visual_acuity,UNDERWENT_EXAM,,PMC6083636_03,1,Best corrected visual acuity was 0.50 logMAR in the RE and 0.40 logMAR in the LE
P:PMC6083636_03,D:exotropia,LOCATED_IN,,PMC6083636_03,5,"Cover-test at near showed an intermittent exotropia that is shown in Figure 1; horizontal nystagmus was manifest only at extreme positions of gaze, likely representing end-gaze physiologic saccades"
P:PMC9969157_01,D:hypertension,HAS_HISTORY,,PMC9969157_01,1,"This baby boy was born at 33 2/7 weeks gestational age to a 36-year-old gravida 3, para 3 mother with negative serologies, except for Group B Streptococcus unknown, whose pregnancy was complicated by medication-controlled gestational diabetes and gestational hypertension, and a family history significant for a sibling with LCHADD"
P:PMC9969157_01,Pr:cesarean_section,UNDERWENT_EXAM,,PMC9969157_01,2,"The patient was delivered by cesarean section at an outside facility due to concern for serious maternal morbidity associated with preeclampsia, specifically HELLP syndrome"
P:PMC9969157_01,E:morbidity,UNDERWENT_EXAM,,PMC9969157_01,2,"The patient was delivered by cesarean section at an outside facility due to concern for serious maternal morbidity associated with preeclampsia, specifically HELLP syndrome"
P:PMC9969157_01,D:hellp_syndrome,DIAGNOSED_WITH,,PMC9969157_01,2,"The patient was delivered by cesarean section at an outside facility due to concern for serious maternal morbidity associated with preeclampsia, specifically HELLP syndrome"
P:PMC9969157_01,Pr:resuscitation,UNDERWENT_EXAM,,PMC9969157_01,3,"Neonatal resuscitation was unremarkable and the Appearance, Pulse, Grimace, Activity, and Respiration (APGAR)s were 8 and 9 at 1 and 5 min, respectively"
P:PMC9969157_01,E:birth_weight,UNDERWENT_EXAM,size=47.5 cm; size=32.5 cm,PMC9969157_01,4,"The birth weight was 2.46 kg, length 47.5 cm, and head circumference 32.5 cm, which were all appropriate for gestational age"
P:PMC9969157_01,A:head,LOCATED_IN,size=47.5 cm; size=32.5 cm,PMC9969157_01,4,"The birth weight was 2.46 kg, length 47.5 cm, and head circumference 32.5 cm, which were all appropriate for gestational age"
P:PMC9969157_01,D:hellp_syndrome,HAS_HISTORY,,PMC9969157_01,7,"At six hours of life, based on the significant family history and the maternal HELLP syndrome frequently seen in mothers with gestations complicated by LCHADD, our patient was transported to our level IV NICU for metabolic consultation and further evaluation and management"
P:PMC9969157_01,A:serum,LOCATED_IN,,PMC9969157_01,8,"On admission, serum acylcarnitine profile was consistent with LCHADD given elevation of C16-OH and C18-OH levels with the ultimate diagnosis based on perinatal and family history in conjunction with biochemical and molecular studies (Table 1)"
P:PMC9969157_01,E:diagnosis,UNDERWENT_EXAM,,PMC9969157_01,8,"On admission, serum acylcarnitine profile was consistent with LCHADD given elevation of C16-OH and C18-OH levels with the ultimate diagnosis based on perinatal and family history in conjunction with biochemical and molecular studies (Table 1)"
P:PMC9969157_01,A:ductus_arteriosus,LOCATED_IN,,PMC9969157_01,9,Echocardiogram shortly after arrival showed a small patent ductus arteriosus and patent foramen ovale
P:PMC9969157_01,A:foramen_ovale,LOCATED_IN,,PMC9969157_01,9,Echocardiogram shortly after arrival showed a small patent ductus arteriosus and patent foramen ovale
P:PMC9969157_01,Pr:enteral_nutrition,UNDERWENT_EXAM,,PMC9969157_01,10,Enteral nutrition with donor human milk was initiated at 12 h of life
P:PMC9969157_01,A:milk,LOCATED_IN,,PMC9969157_01,10,Enteral nutrition with donor human milk was initiated at 12 h of life
P:PMC9969157_01,A:milk,LOCATED_IN,,PMC9969157_01,12,"As feeds were advanced by unit standard of 20 ml/kg/day, he was limited to 23 ml/kg/day of human milk with the remainder of his enteral diet consisting of Enfaport (Chicago, IL, United States), SolCarb (Westbury, NY, United States), and Similac liquid protein fortifier (Abbott Park, IL, United States) formulas (Table 2)"
P:PMC9969157_01,D:bradycardia,DIAGNOSED_WITH,,PMC9969157_01,14,"On day 7 of life, the patient started to have new bradycardia and desaturation episodes with two small emeses but a reassuring abdominal examination"
P:PMC9969157_01,Pr:enteral_nutrition,UNDERWENT_EXAM,,PMC9969157_01,15,Enteral nutrition was continued
P:PMC9969157_01,Pr:decompression,UNDERWENT_EXAM,,PMC9969157_01,18,"He was managed conservatively with bowel rest, ampicillin-sulbactam and gentamicin for 7 days, and bowel decompression for 5 days"
P:PMC9969157_01,M:glucose,TAKES,dosage=4 g; dosage=15 mg; dosage=2 g,PMC9969157_01,19,"He was maintained on total parental nutrition (TPN) with 4 g/kg/day TrophAmine, glucose infusion rate ~15 mg/kg/min, and 2 g/kg/day 20% Intralipid"
P:PMC9969157_01,Pr:enteral_nutrition,UNDERWENT_EXAM,,PMC9969157_01,20,"Diet following re-initiation of enteral nutrition consisted of a combination of skimmed and full fat maternal and donor human milk, Enfaport, MCT oil instead of triheptanoin (per parental request), SolCarb, and Similac liquid protein fortifier (Figure 2)"
P:PMC9969157_01,A:milk,LOCATED_IN,,PMC9969157_01,20,"Diet following re-initiation of enteral nutrition consisted of a combination of skimmed and full fat maternal and donor human milk, Enfaport, MCT oil instead of triheptanoin (per parental request), SolCarb, and Similac liquid protein fortifier (Figure 2)"
P:PMC4828947_01,D:seizures,PRESENTS_WITH,,PMC4828947_01,1,A 61-year-old man presented with chronic drug-resistant seizures since the age of four
P:PMC4828947_01,D:seizures,LOCATED_IN,laterality=left,PMC4828947_01,2,"After video-electroencephalogram (EEG) analysis, he was found to have complex partial seizures arising from the left temporal lobe"
P:PMC4828947_01,A:temporal_lobe,LOCATED_IN,laterality=left,PMC4828947_01,2,"After video-electroencephalogram (EEG) analysis, he was found to have complex partial seizures arising from the left temporal lobe"
P:PMC4828947_01,D:seizures,DIAGNOSED_WITH,laterality=left; laterality=right,PMC4828947_01,3,"The seizures started with an unforced, nonversive head turning to the left, followed by a dystonic posturing of the right hand"
P:PMC4828947_01,A:head,LOCATED_IN,laterality=left; laterality=right,PMC4828947_01,3,"The seizures started with an unforced, nonversive head turning to the left, followed by a dystonic posturing of the right hand"
P:PMC4828947_01,A:hand,LOCATED_IN,laterality=left; laterality=right,PMC4828947_01,3,"The seizures started with an unforced, nonversive head turning to the left, followed by a dystonic posturing of the right hand"
P:PMC4828947_01,A:nose,LOCATED_IN,laterality=left,PMC4828947_01,5,"Postictally, the dysphasia continued and frequently there was nose wiping with the left hand"
P:PMC4828947_01,A:hand,LOCATED_IN,laterality=left,PMC4828947_01,5,"Postictally, the dysphasia continued and frequently there was nose wiping with the left hand"
P:PMC4828947_01,D:seizures,DIAGNOSED_WITH,,PMC4828947_01,6,"When he was considered a candidate for surgery, the patient had 1-2 seizures per month with a duration of 1 min"
P:PMC4828947_01,D:seizures,DIAGNOSED_WITH,dosage=1200 mg; dosage=1500 mg,PMC4828947_01,7,The seizures were treated with oxcarbazepine 1200 mg/day and valproic acid 1500 mg/day
P:PMC4828947_01,M:oxcarbazepine,TAKES,dosage=1200 mg; dosage=1500 mg,PMC4828947_01,7,The seizures were treated with oxcarbazepine 1200 mg/day and valproic acid 1500 mg/day
P:PMC4828947_01,M:valproic_acid,TAKES,dosage=1200 mg; dosage=1500 mg,PMC4828947_01,7,The seizures were treated with oxcarbazepine 1200 mg/day and valproic acid 1500 mg/day
P:PMC4828947_01,D:seizures,HAS_HISTORY,,PMC4828947_01,8,"The medical history was negative for epilepsy-associated risk factors such as febrile seizures, meningitis, and head trauma"
P:PMC4828947_01,D:meningitis,HAS_HISTORY,,PMC4828947_01,8,"The medical history was negative for epilepsy-associated risk factors such as febrile seizures, meningitis, and head trauma"
P:PMC4828947_01,A:head,LOCATED_IN,,PMC4828947_01,8,"The medical history was negative for epilepsy-associated risk factors such as febrile seizures, meningitis, and head trauma"
P:PMC4828947_01,D:epilepsy,HAS_HISTORY,,PMC4828947_01,9,The family history was negative with regard to epilepsy
P:PMC4828947_01,E:magnetic_resonance_imaging,UNDERWENT_EXAM,laterality=left; aspect=superior; aspect=anterior,PMC4828947_01,11,"A 3-Tesla magnetic resonance imaging (MRI) scan showed a cortical lesion in the medial and superior temporal gyrus of the anterior left temporal lobe, which appeared partially cystic and partially solid"
P:PMC4828947_01,A:temporal_lobe,LOCATED_IN,laterality=left; aspect=superior; aspect=anterior,PMC4828947_01,11,"A 3-Tesla magnetic resonance imaging (MRI) scan showed a cortical lesion in the medial and superior temporal gyrus of the anterior left temporal lobe, which appeared partially cystic and partially solid"
P:PMC4828947_01,A:temporal_lobe,LOCATED_IN,laterality=left,PMC4828947_01,14,"Ictal and interictal EEG showed an epileptiform focus in the left temporal lobe, congruent with the clinical semiology and the lesion on MRI"
P:PMC4828947_01,Pr:craniotomy,UNDERWENT_EXAM,laterality=left,PMC4828947_01,15,The surgical treatment consisted of an awake craniotomy (Penfield procedure) with a maximal left-sided temporal lobectomy plus amygdalohippocampectomy and gross-total lesionectomy
P:PMC4828947_01,E:diagnosis,UNDERWENT_EXAM,,PMC4828947_01,16,"The histological diagnosis was a mixed ganglioglioma-DNET, WHO Grade I"
P:PMC4828947_01,A:cells,LOCATED_IN,,PMC4828947_01,17,"One part of the lesion [Figure 3] had a nodular myxoid, mucinous aspect with axonal bundles surrounded by oligodendrocyte-like cells"
P:PMC4828947_01,A:neurons,LOCATED_IN,,PMC4828947_01,18,"Between these bundles, an eosinophil matrix with neurons was found"
P:PMC4828947_01,E:diagnosis,UNDERWENT_EXAM,,PMC4828947_01,21,"This part of the lesion matched the diagnosis of a DNET, WHO Grade I"
P:PMC4828947_01,A:cells,LOCATED_IN,,PMC4828947_01,22,The other part of the lesion [Figure 4] had a clear neuronal and glial component and showed large and polymorph ganglion cells in a fibrillary matrix with glial cells and perivascular lymphocytic infiltrates
P:PMC4828947_01,A:cells,LOCATED_IN,,PMC4828947_01,23,The neuronal part stained positive with synaptophysin and some ganglion cells were CD34 positive
P:PMC4828947_01,A:cells,LOCATED_IN,,PMC4828947_01,24,"Glial cells stained positive with GFAP, and Ki-67-staining was negative"
P:PMC4828947_01,D:ganglioglioma,DIAGNOSED_WITH,,PMC4828947_01,25,"Hence, this part of the lesion was compatible with a ganglioglioma"
P:PMC4828947_01,S:edema,LOCATED_IN,,PMC4828947_01,26,"In the first two postoperative weeks, the patient had mixed speech disturbances most probably due to manipulation-induced edema"
P:PMC7086412_01,E:records,UNDERWENT_EXAM,,PMC7086412_01,4,"On review of her records, it was noted that the standard 50-gram one-hour glucose tolerance testing (GTT) had been deferred in favor of one day of monitoring of fasting and postprandial blood glucose levels at approximately 25 weeks gestational age"
P:PMC7086412_01,M:glucose,TAKES,,PMC7086412_01,4,"On review of her records, it was noted that the standard 50-gram one-hour glucose tolerance testing (GTT) had been deferred in favor of one day of monitoring of fasting and postprandial blood glucose levels at approximately 25 weeks gestational age"
P:PMC7086412_01,A:blood,LOCATED_IN,,PMC7086412_01,4,"On review of her records, it was noted that the standard 50-gram one-hour glucose tolerance testing (GTT) had been deferred in favor of one day of monitoring of fasting and postprandial blood glucose levels at approximately 25 weeks gestational age"
P:PMC7086412_01,A:blood,LOCATED_IN,,PMC7086412_01,6,"No testing of glycated hemoglobin (hemoglobin A1c) was performed while pregnant, and serial blood glucose monitoring was not repeated after 25 weeks gestational age"
P:PMC7086412_01,M:glucose,TAKES,,PMC7086412_01,6,"No testing of glycated hemoglobin (hemoglobin A1c) was performed while pregnant, and serial blood glucose monitoring was not repeated after 25 weeks gestational age"
P:PMC7086412_01,A:blood,LOCATED_IN,,PMC7086412_01,8,"This testing includes a complete blood count, prothrombin time, partial thromboplastin time, fibrinogen level, hemoglobin A1c, thyroid stimulating hormone, urine drug screen, Kleihauer-Betke, rapid plasma reagin, parvovirus B19 antibodies, cytomegalovirus antibodies, lupus anticoagulant antibodies, beta-2 glycoprotein antibodies, anticardiolipin antibodies, factor V Leiden mutation, and prothrombin gene mutation G20210A"
P:PMC7086412_01,E:prothrombin_time,UNDERWENT_EXAM,,PMC7086412_01,8,"This testing includes a complete blood count, prothrombin time, partial thromboplastin time, fibrinogen level, hemoglobin A1c, thyroid stimulating hormone, urine drug screen, Kleihauer-Betke, rapid plasma reagin, parvovirus B19 antibodies, cytomegalovirus antibodies, lupus anticoagulant antibodies, beta-2 glycoprotein antibodies, anticardiolipin antibodies, factor V Leiden mutation, and prothrombin gene mutation G20210A"
P:PMC7086412_01,E:partial_thromboplastin_time,UNDERWENT_EXAM,,PMC7086412_01,8,"This testing includes a complete blood count, prothrombin time, partial thromboplastin time, fibrinogen level, hemoglobin A1c, thyroid stimulating hormone, urine drug screen, Kleihauer-Betke, rapid plasma reagin, parvovirus B19 antibodies, cytomegalovirus antibodies, lupus anticoagulant antibodies, beta-2 glycoprotein antibodies, anticardiolipin antibodies, factor V Leiden mutation, and prothrombin gene mutation G20210A"
P:PMC7086412_01,A:urine,LOCATED_IN,,PMC7086412_01,8,"This testing includes a complete blood count, prothrombin time, partial thromboplastin time, fibrinogen level, hemoglobin A1c, thyroid stimulating hormone, urine drug screen, Kleihauer-Betke, rapid plasma reagin, parvovirus B19 antibodies, cytomegalovirus antibodies, lupus anticoagulant antibodies, beta-2 glycoprotein antibodies, anticardiolipin antibodies, factor V Leiden mutation, and prothrombin gene mutation G20210A"
P:PMC7086412_01,A:plasma,LOCATED_IN,,PMC7086412_01,8,"This testing includes a complete blood count, prothrombin time, partial thromboplastin time, fibrinogen level, hemoglobin A1c, thyroid stimulating hormone, urine drug screen, Kleihauer-Betke, rapid plasma reagin, parvovirus B19 antibodies, cytomegalovirus antibodies, lupus anticoagulant antibodies, beta-2 glycoprotein antibodies, anticardiolipin antibodies, factor V Leiden mutation, and prothrombin gene mutation G20210A"
P:PMC7086412_01,M:antibodies,TAKES,,PMC7086412_01,8,"This testing includes a complete blood count, prothrombin time, partial thromboplastin time, fibrinogen level, hemoglobin A1c, thyroid stimulating hormone, urine drug screen, Kleihauer-Betke, rapid plasma reagin, parvovirus B19 antibodies, cytomegalovirus antibodies, lupus anticoagulant antibodies, beta-2 glycoprotein antibodies, anticardiolipin antibodies, factor V Leiden mutation, and prothrombin gene mutation G20210A"
P:PMC7086412_01,M:antibodies_anticardiolipin,TAKES,,PMC7086412_01,8,"This testing includes a complete blood count, prothrombin time, partial thromboplastin time, fibrinogen level, hemoglobin A1c, thyroid stimulating hormone, urine drug screen, Kleihauer-Betke, rapid plasma reagin, parvovirus B19 antibodies, cytomegalovirus antibodies, lupus anticoagulant antibodies, beta-2 glycoprotein antibodies, anticardiolipin antibodies, factor V Leiden mutation, and prothrombin gene mutation G20210A"
P:PMC7086412_01,M:misoprostol,TAKES,,PMC7086412_01,11,The patient underwent an induction of labor with serial doses of misoprostol followed by Pitocin augmentation and artificial rupture of membranes
P:PMC7086412_01,D:rupture,DIAGNOSED_WITH,,PMC7086412_01,11,The patient underwent an induction of labor with serial doses of misoprostol followed by Pitocin augmentation and artificial rupture of membranes
P:PMC7086412_01,A:membranes,LOCATED_IN,,PMC7086412_01,11,The patient underwent an induction of labor with serial doses of misoprostol followed by Pitocin augmentation and artificial rupture of membranes
P:PMC7086412_01,A:head,LOCATED_IN,,PMC7086412_01,14,"Pushing was initiated shortly thereafter, resulting in expeditious descent of the fetal head to +3 station"
P:PMC7086412_01,A:head,LOCATED_IN,,PMC7086412_01,17,Forceps were applied and were successful in delivering the fetal head
P:PMC7086412_01,A:shoulder,LOCATED_IN,aspect=anterior,PMC7086412_01,18,The anterior shoulder did not deliver with gentle downward traction
P:PMC7086412_01,D:shoulder_dystocia,DIAGNOSED_WITH,,PMC7086412_01,19,A shoulder dystocia was identified
P:PMC7086412_01,A:arm,LOCATED_IN,aspect=posterior,PMC7086412_01,22,"The posterior arm was successfully delivered, but the shoulder remained impacted"
P:PMC7086412_01,A:shoulder,LOCATED_IN,aspect=posterior,PMC7086412_01,22,"The posterior arm was successfully delivered, but the shoulder remained impacted"
P:PMC7086412_01,M:nitroglycerin,TAKES,,PMC7086412_01,26,Uterine relaxation was achieved with 100 micrograms of intravenous nitroglycerin
P:PMC7086412_01,A:shoulder,LOCATED_IN,aspect=anterior,PMC7086412_01,27,This allowed the anterior shoulder to be disimpacted with Wood's Screw maneuver resulting in the delivery of an infant weighing 4190 grams (85th percentile for gestational age)
P:PMC7086412_01,D:shoulder_dystocia,DIAGNOSED_WITH,,PMC7086412_01,28,The total length of the shoulder dystocia was 30 minutes.
P:PMC7086412_02,E:records,UNDERWENT_EXAM,,PMC7086412_02,3,"On review of her records, it was noted that she had undergone a hemoglobin A1c measurement and 50-gram glucose tolerance test at her first obstetric appointment (nine weeks gestational age) per our institutional protocol due to her elevated prepregnancy body mass index of 34"
P:PMC7086412_02,E:glucose_tolerance_test,UNDERWENT_EXAM,,PMC7086412_02,3,"On review of her records, it was noted that she had undergone a hemoglobin A1c measurement and 50-gram glucose tolerance test at her first obstetric appointment (nine weeks gestational age) per our institutional protocol due to her elevated prepregnancy body mass index of 34"
P:PMC7086412_02,E:body_mass_index,UNDERWENT_EXAM,,PMC7086412_02,3,"On review of her records, it was noted that she had undergone a hemoglobin A1c measurement and 50-gram glucose tolerance test at her first obstetric appointment (nine weeks gestational age) per our institutional protocol due to her elevated prepregnancy body mass index of 34"
P:PMC7086412_02,M:misoprostol,TAKES,,PMC7086412_02,12,The patient underwent an induction of labor with serial doses of misoprostol followed by Pitocin augmentation and artificial rupture of membranes
P:PMC7086412_02,D:rupture,DIAGNOSED_WITH,,PMC7086412_02,12,The patient underwent an induction of labor with serial doses of misoprostol followed by Pitocin augmentation and artificial rupture of membranes
P:PMC7086412_02,A:membranes,LOCATED_IN,,PMC7086412_02,12,The patient underwent an induction of labor with serial doses of misoprostol followed by Pitocin augmentation and artificial rupture of membranes
P:PMC7086412_02,A:head,LOCATED_IN,,PMC7086412_02,15,"Pushing was initiated shortly thereafter, resulting in the delivery of the fetal head"
P:PMC7086412_02,A:shoulder,LOCATED_IN,aspect=anterior,PMC7086412_02,16,"However, the anterior shoulder did not deliver with gentle downward traction"
P:PMC7086412_02,D:shoulder_dystocia,DIAGNOSED_WITH,,PMC7086412_02,17,A shoulder dystocia was identified
P:PMC7086412_02,A:shoulder,LOCATED_IN,,PMC7086412_02,20,The patient was rotated into the Gaskin position but the shoulder remained impacted
P:PMC7086412_02,A:back,LOCATED_IN,,PMC7086412_02,21,The patient was turned back into McRoberts position where suprapubic pressure was again unsuccessful
P:PMC7086412_02,A:axilla,LOCATED_IN,aspect=posterior,PMC7086412_02,24,A posterior axilla sling was placed using a pediatric feeding tube
P:PMC7086412_02,D:shoulder_dystocia,LOCATED_IN,,PMC7086412_02,25,These devices are available in the delivery rooms of our institution as an adjunct in the treatment of intractable shoulder dystocia
P:PMC7086412_02,Pr:traction,UNDERWENT_EXAM,aspect=posterior,PMC7086412_02,26,Traction on the sling was not successful in delivering the posterior shoulder
P:PMC7086412_02,D:shoulder_dystocia,LOCATED_IN,dosage=3590 g,PMC7086412_02,28,This was successful in relieving the shoulder dystocia resulting in the delivery of an infant weighing 3590 g (92nd percentile for gestational age)
P:PMC7086412_02,D:shoulder_dystocia,DIAGNOSED_WITH,,PMC7086412_02,29,The total length of the shoulder dystocia was 30 minutes.
P:PMC3557982_01,A:blood,LOCATED_IN,,PMC3557982_01,2,"Results were also negative for urinary antigen detection for pneumococcus and Legionella spp., hantavirus IgM, and tracheal and blood cultures"
P:PMC3557982_01,A:leukocytes,LOCATED_IN,,PMC3557982_01,3,Gram staining of the respiratory specimen was notable for its abundance of leukocytes and absence of bacteria
P:PMC3557982_01,A:lung,LOCATED_IN,dosage=593 g; dosage=268 g; dosage=450 g; laterality=right; laterality=left,PMC3557982_01,6,"Postmortem examination of the patient revealed dark purple, heavy lungs with marked consolidation and patchy hemorrhagic foci; the right lung weighed 1,593 g and the left 1,268 g (reference range 350-450 g)"
P:PMC3557982_01,E:microscopy,UNDERWENT_EXAM,,PMC3557982_01,7,"Examination by microscopy showed diffuse alveolar damage, fibrinohemorrhagic changes, areas of necrosis, and cellular debris (Figure 1)"
P:PMC3557982_01,R:necrosis,UNDERWENT_EXAM,,PMC3557982_01,7,"Examination by microscopy showed diffuse alveolar damage, fibrinohemorrhagic changes, areas of necrosis, and cellular debris (Figure 1)"
P:PMC3557982_01,E:immunohistochemistry,UNDERWENT_EXAM,,PMC3557982_01,8,"Immunohistochemistry (Anti-Adenovirus Antibody, clone 20/11 | MAB8052; Millipore) for adenovirus showed few epithelial cells which had cytoplasmic granular and nuclear positivity"
P:PMC3557982_01,A:epithelial_cells,LOCATED_IN,,PMC3557982_01,8,"Immunohistochemistry (Anti-Adenovirus Antibody, clone 20/11 | MAB8052; Millipore) for adenovirus showed few epithelial cells which had cytoplasmic granular and nuclear positivity"
P:PMC3557982_01,D:otitis_media,LOCATED_IN,laterality=bilateral,PMC3557982_01,13,The first was a case of upper respiratory tract infection and acute bilateral otitis media in a 1-year-old boy who was hospitalized in July 2011
P:PMC3557982_01,D:pneumonia,LOCATED_IN,,PMC3557982_01,14,The second was a case of severe pneumonia in a 45-year-old man who was hospitalized in August 2011
P:PMC3557982_01,Pr:hospitalization,UNDERWENT_EXAM,,PMC3557982_01,16,"The 3 cases of HAdV-14 infection were severe, requiring hospitalization of the patients"
P:PMC3557982_01,D:pneumonia,LOCATED_IN,,PMC3557982_01,17,"Pneumonia developed in 2 of the patients, 1 of whom died"
P:PMC3557982_01,A:radius,LOCATED_IN,,PMC3557982_01,18,"The cases occurred within a brief 43-day period, and the young boy and man lived within a 35-km radius of the female patient who died"
P:PMC9815523_01,Pr:conservative_treatment,UNDERWENT_EXAM,,PMC9815523_01,1,"A total of 115 patients with pUEDVT were included and divided into three distinct treatment strategies; A conservative treatment group (group 1, N = 35), an invasive treatment group (Group 2, N = 53) and a cross-over group of patients treated surgically after a first period of conservative therapy (Group 3, N = 27)"
P:PMC9815523_01,A:arm,LOCATED_IN,,PMC9815523_01,3,The side of the affected arm and the percentage of patients with effort induced thrombosis (Paget-Schroetter syndrome) were similar in all groups
P:PMC9815523_01,D:thrombosis,LOCATED_IN,,PMC9815523_01,3,The side of the affected arm and the percentage of patients with effort induced thrombosis (Paget-Schroetter syndrome) were similar in all groups
P:PMC9815523_01,R:syndrome,MENTIONS,,PMC9815523_01,3,The side of the affected arm and the percentage of patients with effort induced thrombosis (Paget-Schroetter syndrome) were similar in all groups
P:PMC9815523_01,E:diagnostic_imaging,UNDERWENT_EXAM,,PMC9815523_01,5,"Ten patients (22.2%) received additional diagnostic imaging (CTv, MRv or angiography) besides duplex scanning to determine the etiology of the thrombosis"
P:PMC9815523_01,E:angiography,UNDERWENT_EXAM,,PMC9815523_01,5,"Ten patients (22.2%) received additional diagnostic imaging (CTv, MRv or angiography) besides duplex scanning to determine the etiology of the thrombosis"
P:PMC9815523_01,D:thrombosis,DIAGNOSED_WITH,,PMC9815523_01,5,"Ten patients (22.2%) received additional diagnostic imaging (CTv, MRv or angiography) besides duplex scanning to determine the etiology of the thrombosis"
P:PMC9815523_01,D:thrombosis,DIAGNOSED_WITH,,PMC9815523_01,6,"Six patients (13.3%) were diagnosed with vTOS, four (8.9%) with idiopathic thrombosis"
P:PMC9815523_01,E:immobilization,UNDERWENT_EXAM,,PMC9815523_01,8,"However, we ensured that no factors for sUEDVT such as indwelling vascular devices, malignancies or limb immobilization were present in these patients"
P:PMC9815523_01,M:vitamin_k,TAKES,,PMC9815523_01,9,"Forty-four patients (97.8%) were treated with antithrombotics; 25 DOAC, 18 vitamin K antagonist, one antiplatelet therapy"
P:PMC9815523_01,D:thrombosis,DIAGNOSED_WITH,,PMC9815523_01,12,"Sixteen patients (35.6%) were symptom free at last follow-up (median 36 months), the remaining 29 patients had persisting or recurrent symptoms (N = 22) or recurrent thrombosis (N = 7)"
P:PMC9815523_01,D:epistaxis,DIAGNOSED_WITH,,PMC9815523_01,14,"Three patients suffered bleeding complications under DOAC usage; one patient had frequent but mild epistaxis (Grade 1), one had severe menorrhagia (Grade 2) and ceased anticoagulation therapy, the third patient required a blood transfusion due to severe vaginal blood loss (Grade 3) but continued anticoagulation therapy afterwards"
P:PMC9815523_01,D:menorrhagia,DIAGNOSED_WITH,,PMC9815523_01,14,"Three patients suffered bleeding complications under DOAC usage; one patient had frequent but mild epistaxis (Grade 1), one had severe menorrhagia (Grade 2) and ceased anticoagulation therapy, the third patient required a blood transfusion due to severe vaginal blood loss (Grade 3) but continued anticoagulation therapy afterwards"
P:PMC9815523_01,Pr:blood_transfusion,UNDERWENT_EXAM,,PMC9815523_01,14,"Three patients suffered bleeding complications under DOAC usage; one patient had frequent but mild epistaxis (Grade 1), one had severe menorrhagia (Grade 2) and ceased anticoagulation therapy, the third patient required a blood transfusion due to severe vaginal blood loss (Grade 3) but continued anticoagulation therapy afterwards"
P:PMC9815523_01,A:blood,LOCATED_IN,,PMC9815523_01,14,"Three patients suffered bleeding complications under DOAC usage; one patient had frequent but mild epistaxis (Grade 1), one had severe menorrhagia (Grade 2) and ceased anticoagulation therapy, the third patient required a blood transfusion due to severe vaginal blood loss (Grade 3) but continued anticoagulation therapy afterwards"
P:PMC9815523_01,M:vitamin_k,TAKES,,PMC9815523_01,20,"Additionally, 44 patients (83%) received some form of post procedural anticoagulation therapy for a median duration of six months (IQR 10.5 months); 22 patients with DOACs, 19 with vitamin K antagonists, one with low-molecular weight heparin, and two with antiplatelet therapy"
P:PMC9815523_01,M:heparin,TAKES,,PMC9815523_01,20,"Additionally, 44 patients (83%) received some form of post procedural anticoagulation therapy for a median duration of six months (IQR 10.5 months); 22 patients with DOACs, 19 with vitamin K antagonists, one with low-molecular weight heparin, and two with antiplatelet therapy"
P:PMC9815523_01,D:thrombosis,DIAGNOSED_WITH,,PMC9815523_01,22,"Seven patients suffered an ipsilateral recurrent thrombosis, the remaining 22 patients were symptomatic without recurrent thrombosis (Table 2)"
P:PMC9815523_01,A:subclavian_vein,LOCATED_IN,,PMC9815523_01,29,"The third patient was additionally treated with a pectoralis minor release and finally a subclavian vein bypass, but remained symptomatic"
P:PMC9815523_01,E:morbidity,UNDERWENT_EXAM,,PMC9815523_01,32,"Six additional surgery related complications occurred in five patients, none led to long-term morbidity (Table 4)"
P:PMC9815523_01,D:thrombosis,DIAGNOSED_WITH,,PMC9815523_01,35,"Thirteen patients suffered a recurrent thrombosis, (five while under anticoagulation therapy) and 14 patients had persisting or recurrent symptoms without thrombosis"
P:PMC9815523_01,M:vitamin_k,TAKES,,PMC9815523_01,36,"Twenty-one patients were treated with vitamin K antagonists and six with a DOAC, for a median duration of 13 months prior to surgical intervention"
P:PMC9815523_01,E:diagnostic_imaging,UNDERWENT_EXAM,,PMC9815523_01,37,"All patients underwent dedicated diagnostic imaging (CTv, MRv or angiography) to confirm VTOS, after which TOD was performed"
P:PMC9815523_01,E:angiography,UNDERWENT_EXAM,,PMC9815523_01,37,"All patients underwent dedicated diagnostic imaging (CTv, MRv or angiography) to confirm VTOS, after which TOD was performed"
P:PMC9815523_01,D:thrombosis,DIAGNOSED_WITH,,PMC9815523_01,39,"Eleven patients remained symptom free after primary surgical intervention, but 16 patients had persisting symptoms (N = 12) or suffered recurrent thrombosis (N = 4) (Table 2)"
P:PMC9815523_01,D:pneumonia,DIAGNOSED_WITH,,PMC9815523_01,42,"Finally, one patient developed a pneumonia that required antibiotic treatment (Table 4)."
P:PMC4310058_01,A:skull,LOCATED_IN,laterality=right,PMC4310058_01,1,A 16-year-old male presented for evaluation of an indentation of his right parietal skull
P:PMC4310058_01,A:parietal_bone,LOCATED_IN,laterality=right,PMC4310058_01,5,"On examination, the patient was noted to have a palpable defect and indentation of the right parietal bone"
P:PMC4310058_01,A:scalp,LOCATED_IN,,PMC4310058_01,6,The overlying scalp was unremarkable and he was neurologically intact
P:PMC4310058_01,A:skull,LOCATED_IN,laterality=right,PMC4310058_01,8,"The first study, from 2 years prior, showed a skull defect in the right parietal bone [Figure 1a]"
P:PMC4310058_01,A:parietal_bone,LOCATED_IN,laterality=right,PMC4310058_01,8,"The first study, from 2 years prior, showed a skull defect in the right parietal bone [Figure 1a]"
P:PMC4310058_01,E:tomography,UNDERWENT_EXAM,,PMC4310058_01,9,The second and third computed tomography (CT) scans showed progressive erosion of the skull [Figure 1b and c]
P:PMC4310058_01,A:skull,LOCATED_IN,,PMC4310058_01,9,The second and third computed tomography (CT) scans showed progressive erosion of the skull [Figure 1b and c]
P:PMC4310058_01,E:magnetic_resonance_imaging,UNDERWENT_EXAM,,PMC4310058_01,11,A magnetic resonance imaging (MRI) was obtained and confirmed the localization of the lesion to the skull [Figure 1e-f]
P:PMC4310058_01,A:skull,LOCATED_IN,,PMC4310058_01,11,A magnetic resonance imaging (MRI) was obtained and confirmed the localization of the lesion to the skull [Figure 1e-f]
P:PMC4310058_01,A:skull,LOCATED_IN,laterality=right,PMC4310058_01,12,Excision of the skull defect and right parietal cranioplasty with titanium plate was performed
P:PMC4310058_01,R:inflammation,MENTIONS,,PMC4310058_01,24,There was minimal inflammation
P:PMC4310058_01,E:diagnosis,UNDERWENT_EXAM,,PMC4310058_01,25,The final diagnosis was that of a benign fibro-osseous lesion most in keeping with a DF
P:PMC3859158_01,S:pain,PRESENTS_WITH,duration=4-month history,PMC3859158_01,1,A 44-year-old man presented with a 4-month history of vague epigastric pain
P:PMC3859158_01,S:pain,PRESENTS_WITH,,PMC3859158_01,2,The pain was gradually increasing in severity and associated with nausea and vomiting
P:PMC3859158_01,S:nausea,PRESENTS_WITH,,PMC3859158_01,2,The pain was gradually increasing in severity and associated with nausea and vomiting
P:PMC3859158_01,S:vomiting,PRESENTS_WITH,,PMC3859158_01,2,The pain was gradually increasing in severity and associated with nausea and vomiting
P:PMC3859158_01,R:disease,MENTIONS,,PMC3859158_01,3,"Patient denied any history of physical trauma, gastroesophageal reflux disease, gastritis, peptic ulcer disease, pancreatitis, or hepatobiliary disease"
P:PMC3859158_01,D:gastritis,HAS_HISTORY,,PMC3859158_01,3,"Patient denied any history of physical trauma, gastroesophageal reflux disease, gastritis, peptic ulcer disease, pancreatitis, or hepatobiliary disease"
P:PMC3859158_01,D:peptic_ulcer,HAS_HISTORY,,PMC3859158_01,3,"Patient denied any history of physical trauma, gastroesophageal reflux disease, gastritis, peptic ulcer disease, pancreatitis, or hepatobiliary disease"
P:PMC3859158_01,D:pancreatitis,HAS_HISTORY,,PMC3859158_01,3,"Patient denied any history of physical trauma, gastroesophageal reflux disease, gastritis, peptic ulcer disease, pancreatitis, or hepatobiliary disease"
P:PMC3859158_01,S:weight_loss,HAS_HISTORY,,PMC3859158_01,4,"Moreover, patient denied any history of constitutional symptoms such as fever, night sweating, or weight loss"
P:PMC3859158_01,E:physical_examination,UNDERWENT_EXAM,,PMC3859158_01,6,"On physical examination, patient was vitally stable"
P:PMC3859158_01,A:abdomen,LOCATED_IN,,PMC3859158_01,7,"Abdomen was soft, lax, and nondistended"
P:PMC3859158_01,E:palpation,UNDERWENT_EXAM,,PMC3859158_01,8,"However, the epigastric region was moderately tender to palpation without evidence of a palpable mass"
P:PMC3859158_01,A:blood,LOCATED_IN,,PMC3859158_01,9,"All laboratory tests including complete blood count, hepatic, coagulation renal and bone profiles, amylase, lipase, lactate dehydrogenase (LDH), carcinoembryonic antigen (CEA), and cancer antigen 19-9 (CA 19-9) were within normal values"
P:PMC3859158_01,E:tomography,UNDERWENT_EXAM,size=11.5 cm; laterality=left,PMC3859158_01,10,"Contrast-enhanced computed tomography (CT) scan showed a 9.2 x 9.5 x 11.5 cm, huge, and well-defined left suprarenal mass arising either from adrenal gland, pancreas, or retroperitoneum"
P:PMC3859158_01,A:pancreas,LOCATED_IN,size=11.5 cm; laterality=left,PMC3859158_01,10,"Contrast-enhanced computed tomography (CT) scan showed a 9.2 x 9.5 x 11.5 cm, huge, and well-defined left suprarenal mass arising either from adrenal gland, pancreas, or retroperitoneum"
P:PMC3859158_01,E:laparoscopy,UNDERWENT_EXAM,,PMC3859158_01,13,"At laparoscopy, the mass was noticed to originate from pancreatic tail"
P:PMC3859158_01,A:tail,LOCATED_IN,,PMC3859158_01,13,"At laparoscopy, the mass was noticed to originate from pancreatic tail"
P:PMC3859158_01,A:tail,LOCATED_IN,,PMC3859158_01,14,"Patient underwent surgical resection of pancreatic tail, splenectomy, and celiac lymph node dissections"
P:PMC3859158_01,Pr:splenectomy,UNDERWENT_EXAM,,PMC3859158_01,14,"Patient underwent surgical resection of pancreatic tail, splenectomy, and celiac lymph node dissections"
P:PMC3859158_01,A:lymph,LOCATED_IN,,PMC3859158_01,14,"Patient underwent surgical resection of pancreatic tail, splenectomy, and celiac lymph node dissections"
P:PMC3859158_01,A:spleen,LOCATED_IN,,PMC3859158_01,15,Macroscopic and microscopic examination of spleen and celiac lymph node dissections revealed unremarkable pathological findings and were negative for malignant components
P:PMC3859158_01,A:lymph,LOCATED_IN,,PMC3859158_01,15,Macroscopic and microscopic examination of spleen and celiac lymph node dissections revealed unremarkable pathological findings and were negative for malignant components
P:PMC3859158_01,A:schwann_cells,LOCATED_IN,aspect=distal,PMC3859158_01,18,"Microscopically, the distal pancreatic mass was composed of monomorphic spindle-shaped Schwann cells with poorly defined eosinophilic cytoplasm and pointed basophilic nuclei set in a collagenous stroma"
P:PMC3859158_01,A:cytoplasm,LOCATED_IN,aspect=distal,PMC3859158_01,18,"Microscopically, the distal pancreatic mass was composed of monomorphic spindle-shaped Schwann cells with poorly defined eosinophilic cytoplasm and pointed basophilic nuclei set in a collagenous stroma"
P:PMC3859158_01,A:schwann_cells,LOCATED_IN,,PMC3859158_01,20,Areas characteristic of Antoni B composed of Schwann cells with inconspicuous cytoplasm and nuclei suspended in myxoid matrix were identified
P:PMC3859158_01,A:cytoplasm,LOCATED_IN,,PMC3859158_01,20,Areas characteristic of Antoni B composed of Schwann cells with inconspicuous cytoplasm and nuclei suspended in myxoid matrix were identified
P:PMC3859158_01,A:cells,LOCATED_IN,,PMC3859158_01,23,"Immunohistochemically, tumor cells stained diffusely and strongly positive for S100 protein (Figure 3)"
P:PMC3859158_01,A:cells,LOCATED_IN,,PMC3859158_01,24,"Conversely, tumor cells stained negative for CD34, CD117, CK, and ALK-1"
P:PMC3859158_01,E:diagnosis,UNDERWENT_EXAM,,PMC3859158_01,25,A final diagnosis of primary ancient schwannoma of pancreatic tail was established
P:PMC3859158_01,A:tail,LOCATED_IN,,PMC3859158_01,25,A final diagnosis of primary ancient schwannoma of pancreatic tail was established
P:PMC9650410_01,M:silicon,TAKES,,PMC9650410_01,2,"The story is one that obviously demonstrates several important lessons regarding deception in Silicon Valley, transparency in leadership, and the corrupting power of greed"
P:PMC9650410_01,R:death,MENTIONS,,PMC9650410_01,6,"In striving to maintain the standards of his practice within a vicious institution, he met his untimely death"
P:PMC9650410_01,A:blood,LOCATED_IN,,PMC9650410_01,9,"He is also the author of Bad Blood: Secrets and Lies in a Silicon Valley Startup Carreyrou, which presents the entire Theranos story from inception to collapse"
P:PMC9650410_01,M:silicon,TAKES,,PMC9650410_01,9,"He is also the author of Bad Blood: Secrets and Lies in a Silicon Valley Startup Carreyrou, which presents the entire Theranos story from inception to collapse"
P:PMC9650410_01,A:blood,LOCATED_IN,,PMC9650410_01,11,She dropped out of Stanford to pursue the dream of revolutionizing healthcare by using small fingerpricks of blood to run hundreds of diagnostic tests on a portable machine
P:PMC9650410_01,A:blood,LOCATED_IN,,PMC9650410_01,37,"Holmes insisted that ""the Edison"":the machine that Theranos was working on to conduct the blood tests:had to be portable and had to use only a small droplet of blood"
P:PMC9650410_01,A:blood,LOCATED_IN,,PMC9650410_01,40,"When the evidence repeatedly showed that more than a droplet of blood was needed to conduct the tests, she barreled forward with more vigor"
P:PMC9650410_01,A:blood,LOCATED_IN,,PMC9650410_01,46,"Carreyrou develops an exceptional character sketch of Gibbons during his time at Theranos, explaining that Gibbons was known for his dedication to and love of his craft (p. 281). ""He was passionate about the science of blood testing and loved to teach it"
P:PMC9650410_01,A:face,LOCATED_IN,,PMC9650410_01,70,"He had two choices: lie and perjure himself about the nature and origin of the patents, or break an NDA with Theranos and face Holmes's wrath"
P:PMC9650410_01,A:back,LOCATED_IN,,PMC9650410_01,72,"Theranos attorneys kept pressuring him to lie, to push back the deposition, to use his cancer as an excuse to evade court, and so on"
P:PMC9650410_01,S:pain,PRESENTS_WITH,,PMC9650410_01,88,There is a particular sort of pain when someone like Gibbons:a practitioner committed to excellence in his practice:is pressured to comply with vice as a worker in a poorly formed institution
P:PMC9650410_01,S:pain,PRESENTS_WITH,,PMC9650410_01,89,We describe this pain as CH-MI
P:PMC9650410_01,M:silicon,TAKES,,PMC9650410_01,95,"She captivated Silicon Valley because she was familiar:tenacious, cold, and obsessed with success"
P:PMC5804616_01,A:aorta,LOCATED_IN,laterality=left,PMC5804616_01,2,"He had undergone chemotherapy and radiotherapy for esophageal cancer with possible invasions to the descending aorta and left main bronchus at another hospital, resulting in the formation of fistulae"
P:PMC5804616_01,D:hypertension,HAS_HISTORY,,PMC5804616_01,4,"The patient had a past history of hypertension, diabetes mellitus, bladder cancer, and cerebral infarction"
P:PMC5804616_01,D:diabetes_mellitus,HAS_HISTORY,,PMC5804616_01,4,"The patient had a past history of hypertension, diabetes mellitus, bladder cancer, and cerebral infarction"
P:PMC5804616_01,D:cerebral_infarction,HAS_HISTORY,,PMC5804616_01,4,"The patient had a past history of hypertension, diabetes mellitus, bladder cancer, and cerebral infarction"
P:PMC5804616_01,E:blood_gas_analysis,UNDERWENT_EXAM,,PMC5804616_01,5,"Preoperative arterial blood gas analysis showed a partial oxygen tension (PaO2) of 80.5 mmHg, partial carbon dioxide tension (PaCO2) of 38.8 mmHg, and pH of 7.44"
P:PMC5804616_01,E:tomography,UNDERWENT_EXAM,size=3 mm; laterality=left; aspect=proximal,PMC5804616_01,6,"Preoperative computed tomography showed two esophagobronchial fistulae, with diameters of 7 and 3 mm, located in the proximal part of the left main bronchus, and also demonstrated pleural effusion in the left thoracic cavity (Fig. 1)"
P:PMC5804616_01,D:pleural_effusion,LOCATED_IN,size=3 mm; laterality=left; aspect=proximal,PMC5804616_01,6,"Preoperative computed tomography showed two esophagobronchial fistulae, with diameters of 7 and 3 mm, located in the proximal part of the left main bronchus, and also demonstrated pleural effusion in the left thoracic cavity (Fig. 1)"
P:PMC5804616_01,A:thoracic_cavity,LOCATED_IN,size=3 mm; laterality=left; aspect=proximal,PMC5804616_01,6,"Preoperative computed tomography showed two esophagobronchial fistulae, with diameters of 7 and 3 mm, located in the proximal part of the left main bronchus, and also demonstrated pleural effusion in the left thoracic cavity (Fig. 1)"
P:PMC5804616_01,E:bronchoscopy,UNDERWENT_EXAM,dosage=35 mg; laterality=left; aspect=proximal,PMC5804616_01,9,"Because no endoscopic images were available, we confirmed the exact location of the esophagobronchial fistulae at the proximal part of the left main bronchus using bronchoscopy after intravenously administering 35 mg of pethidine"
P:PMC5804616_01,E:intubation,UNDERWENT_EXAM,size=6.0 mm; size=400 mm; size=26 cm,PMC5804616_01,10,"Tracheal intubation was performed nasally under bronchoscopic guidance using a long spiral tube with a short cuff (6.0 mm internal diameter, 400 mm length; Phycon, Tokyo, Japan) to a depth of 26 cm"
P:PMC5804616_01,E:bronchoscopy,UNDERWENT_EXAM,,PMC5804616_01,11,The tip of the tracheal tube was confirmed to be above the carina on bronchoscopy
P:PMC5804616_01,A:hand,LOCATED_IN,laterality=left; aspect=distal,PMC5804616_01,16,"We also had a jet ventilator and bronchoscope on hand in case hypoxemia developed during one-lung ventilation, so that high-frequency jet ventilation could be performed selectively to the distal part of the left main bronchus beyond the esophagobronchial fistulae"
P:PMC5804616_01,E:intubation,UNDERWENT_EXAM,,PMC5804616_01,18,"After tracheal intubation, anesthesia was induced with 4% sevoflurane and maintained with 1.5-2% sevoflurane"
P:PMC5804616_01,Pr:anesthesia,UNDERWENT_EXAM,,PMC5804616_01,18,"After tracheal intubation, anesthesia was induced with 4% sevoflurane and maintained with 1.5-2% sevoflurane"
P:PMC5804616_01,M:sevoflurane,TAKES,,PMC5804616_01,18,"After tracheal intubation, anesthesia was induced with 4% sevoflurane and maintained with 1.5-2% sevoflurane"
P:PMC5804616_01,E:tidal_volume,UNDERWENT_EXAM,,PMC5804616_01,20,"Tidal volume and respiratory rate were around 250-400 ml and 10-20 breaths per minute throughout surgery, respectively"
P:PMC5804616_01,E:respiratory_rate,UNDERWENT_EXAM,,PMC5804616_01,20,"Tidal volume and respiratory rate were around 250-400 ml and 10-20 breaths per minute throughout surgery, respectively"
P:PMC5804616_01,M:lidocaine,TAKES,,PMC5804616_01,21,"Before the abdominal incision was made, 6 ml of 1% lidocaine was injected epidurally, followed by continuous infusion of 0.3% ropivacaine at a rate of 4-6 ml/h to obtain abdominal muscle relaxation"
P:PMC5804616_01,M:ropivacaine,TAKES,,PMC5804616_01,21,"Before the abdominal incision was made, 6 ml of 1% lidocaine was injected epidurally, followed by continuous infusion of 0.3% ropivacaine at a rate of 4-6 ml/h to obtain abdominal muscle relaxation"
P:PMC5804616_01,E:blood_gas_analysis,UNDERWENT_EXAM,,PMC5804616_01,22,"Arterial blood gas analysis showed a PaO2 of 252.4 mmHg, a PaCO2 of 36.9 mmHg, and a pH of 7.424 with an inspiratory fraction of oxygen (FiO2) of 0.6"
P:PMC5804616_01,A:lung,LOCATED_IN,,PMC5804616_01,25,We assumed that lung atelectasis associated with airway secretion or pulmonary soiling through the fistulae was the most likely reason for the impaired oxygenation
P:PMC5804616_01,E:blood_gas_analysis,UNDERWENT_EXAM,,PMC5804616_01,28,"However, oxygenation only improved partially and arterial blood gas analysis showed a PaO2 of 101.7 mmHg with an FiO2 of 0.6"
P:PMC5804616_01,D:pneumothorax,DIAGNOSED_WITH,laterality=right,PMC5804616_01,29,"After the completion of surgery, chest X-ray revealed right pneumothorax (Fig. 2)"
P:PMC5804616_01,Pr:drainage,UNDERWENT_EXAM,laterality=right,PMC5804616_01,30,"After a chest drainage tube was inserted, right pneumothorax was ameliorated, and then SpO2 returned to the baseline (99%) with an FiO2 of 0.4"
P:PMC5804616_01,D:pneumothorax,DIAGNOSED_WITH,laterality=right,PMC5804616_01,30,"After a chest drainage tube was inserted, right pneumothorax was ameliorated, and then SpO2 returned to the baseline (99%) with an FiO2 of 0.4"
P:PMC5804616_01,D:pleural_effusion,LOCATED_IN,laterality=left,PMC5804616_01,32,"The postoperative course was mostly uneventful, except that 650 ml of pleural effusion in the left thoracic cavity was aspirated on postoperative day (POD) 1"
P:PMC5804616_01,A:thoracic_cavity,LOCATED_IN,laterality=left,PMC5804616_01,32,"The postoperative course was mostly uneventful, except that 650 ml of pleural effusion in the left thoracic cavity was aspirated on postoperative day (POD) 1"
P:PMC5804616_01,A:thoracic_cavity,LOCATED_IN,timeline=POD 1; timeline=POD 18; laterality=right,PMC5804616_01,33,"The chest tube in the right thoracic cavity was withdrawn on POD 1, and the patient was discharged from hospital on POD 18"
P:PMC5804616_01,Pr:anesthesia,UNDERWENT_EXAM,,PMC5804616_01,34,"Our management plan, comprising combination of general and epidural anesthesia and maintenance of spontaneous respiration during the surgical procedure, according to our previous report, went relatively well except for the unexpected hypoxemia due to intraoperative pneumothorax"
P:PMC5804616_01,D:pneumothorax,DIAGNOSED_WITH,,PMC5804616_01,34,"Our management plan, comprising combination of general and epidural anesthesia and maintenance of spontaneous respiration during the surgical procedure, according to our previous report, went relatively well except for the unexpected hypoxemia due to intraoperative pneumothorax"
P:PMC5804616_01,D:pneumothorax,DIAGNOSED_WITH,,PMC5804616_01,36,"Since no bullae were evident on preoperative computed tomography, spontaneous pneumothorax was considered unlikely to have occurred"
P:PMC5804616_01,R:fistula,MENTIONS,,PMC5804616_01,39,"For example, PPV may be possible with a tracheal fistula with sufficient distance between the fistula and carina, because a tube cuff can easily block the fistula"
P:PMC5804616_01,R:fistula,MENTIONS,,PMC5804616_01,40,"In a patient with a giant fistula at the carina, one-lung ventilation with a small tracheal tube, independent ventilation of each lung with two tracheal tubes, or high-frequency jet ventilation may be useful"
P:PMC5804616_01,R:fistula,MENTIONS,,PMC5804616_01,41,A veno-venous extracorporeal membrane oxygenator can also be used to improve oxygenation in patients with a fistula between the respiratory and digestive tracts
P:PMC5804616_01,A:tissues,LOCATED_IN,,PMC5804616_01,42,"In this case, we chose respiratory management with spontaneous respiration since we believed that tissues close to the esophagobronchial fistula should not be damaged"
P:PMC5804616_01,R:fistula,MENTIONS,,PMC5804616_01,42,"In this case, we chose respiratory management with spontaneous respiration since we believed that tissues close to the esophagobronchial fistula should not be damaged"
P:PMC5804616_01,R:fistula,MENTIONS,laterality=left; laterality=right; aspect=distal,PMC5804616_01,45,"If the fistula had been located in the distal part of the left main bronchus, far from the carina, we may have chosen using a right-sided double-lumen tube"
P:PMC5804616_01,E:methods,UNDERWENT_EXAM,,PMC5804616_01,46,Maintaining spontaneous respiration is one of the methods of respiratory management chosen in patients with esophagobronchial fistulae during general anesthesia
P:PMC5804616_01,Pr:anesthesia,UNDERWENT_EXAM,,PMC5804616_01,46,Maintaining spontaneous respiration is one of the methods of respiratory management chosen in patients with esophagobronchial fistulae during general anesthesia
P:PMC5804616_01,D:pneumothorax,LOCATED_IN,laterality=right,PMC5804616_01,48,We assume that right pneumothorax occurred during the surgical procedure when SpO2 suddenly dropped from 98 to 89%
P:PMC5804616_01,A:pleura,LOCATED_IN,,PMC5804616_01,50,"One of the lessons we learned from this case was that while spontaneous respiration may be useful in a patient with esophagobronchial fistulae, patients may be at higher risk of impaired oxygenation in the event of injury to the parietal pleura during surgery"
P:PMC5804616_01,D:pneumothorax,LOCATED_IN,,PMC5804616_01,51,"Although the exact mechanisms underlying the pneumothorax that occurred in this case during esophageal bypass surgery have not been proven, we assume that the parietal pleura was injured while surgical manipulations were being performed close to the thoracic cavity"
P:PMC5804616_01,A:thoracic_cavity,LOCATED_IN,,PMC5804616_01,51,"Although the exact mechanisms underlying the pneumothorax that occurred in this case during esophageal bypass surgery have not been proven, we assume that the parietal pleura was injured while surgical manipulations were being performed close to the thoracic cavity"
P:PMC5804616_01,D:pneumothorax,LOCATED_IN,,PMC5804616_01,52,"Before the present case, our university hospital had treated 48 cases of esophageal bypass surgery and postoperative pneumothorax was encountered in only one case (2.1%) (personal communication with Dr. Nakajima, Department of Surgery of Tokyo Medical and Dental University)"
P:PMC5804616_01,A:esophagus,LOCATED_IN,aspect=proximal; aspect=distal,PMC5804616_01,53,"Taking the fact that pneumothorax can occur (albeit rarely) into account, spontaneous respiration may have needed to be converted to PPV as soon as feasible after closing both the proximal and distal stumps of the esophagus"
P:PMC5804616_01,A:thoracic_cavity,LOCATED_IN,,PMC5804616_01,54,Having another backup plan to convert spontaneous respiration to PPV on suspicion of pneumothorax may be important for patients undergoing non-thoracic surgery being performed close to the thoracic cavity
P:PMC5804616_01,E:incidence,UNDERWENT_EXAM,,PMC5804616_01,55,We assume that one-lung ventilation rather than spontaneous respiration should be chosen in hospitals with higher incidence of pneumothorax after esophageal bypass surgery.
P:PMC5804616_01,D:pneumothorax,LOCATED_IN,,PMC5804616_01,55,We assume that one-lung ventilation rather than spontaneous respiration should be chosen in hospitals with higher incidence of pneumothorax after esophageal bypass surgery.
P:PMC3897989_01,R:jaundice,MENTIONS,laterality=right,PMC3897989_01,1,"A 65-year-old male was admitted to our hospital complaining of jaundice, pruritus, mild right upper abdominal pain and darkening urine"
P:PMC3897989_01,D:pruritus,PRESENTS_WITH,laterality=right,PMC3897989_01,1,"A 65-year-old male was admitted to our hospital complaining of jaundice, pruritus, mild right upper abdominal pain and darkening urine"
P:PMC3897989_01,S:abdominal_pain,PRESENTS_WITH,laterality=right,PMC3897989_01,1,"A 65-year-old male was admitted to our hospital complaining of jaundice, pruritus, mild right upper abdominal pain and darkening urine"
P:PMC3897989_01,A:urine,LOCATED_IN,laterality=right,PMC3897989_01,1,"A 65-year-old male was admitted to our hospital complaining of jaundice, pruritus, mild right upper abdominal pain and darkening urine"
P:PMC3897989_01,D:atrial_fibrillation,HAS_HISTORY,,PMC3897989_01,2,Past medical history revealed atrial fibrillation and the patient was on intermittent aspirin therapy
P:PMC3897989_01,M:aspirin,TAKES,,PMC3897989_01,2,Past medical history revealed atrial fibrillation and the patient was on intermittent aspirin therapy
P:PMC3897989_01,E:physical_examination,UNDERWENT_EXAM,,PMC3897989_01,4,"Physical examination revealed icteric sclera and skin, mild upper abdominal tenderness, arythmia, irregular heart sound and pulse deficit"
P:PMC3897989_01,A:sclera,LOCATED_IN,,PMC3897989_01,4,"Physical examination revealed icteric sclera and skin, mild upper abdominal tenderness, arythmia, irregular heart sound and pulse deficit"
P:PMC3897989_01,A:skin,LOCATED_IN,,PMC3897989_01,4,"Physical examination revealed icteric sclera and skin, mild upper abdominal tenderness, arythmia, irregular heart sound and pulse deficit"
P:PMC3897989_01,A:heart,LOCATED_IN,,PMC3897989_01,4,"Physical examination revealed icteric sclera and skin, mild upper abdominal tenderness, arythmia, irregular heart sound and pulse deficit"
P:PMC3897989_01,A:serum,LOCATED_IN,value=79 U/L; value=45 U/L; value=51 U/L; value=35 U/L; value=540 U/L; value=110 U/L; value=197 U/L; value=50 U/L,PMC3897989_01,5,"The laboratory test data at admission showed that the serum levels of alanine transaminase (ALT), aspartate transaminase (AST), alkaline phosphatase (ALP), gamma-glutamyltransferase (gamma-GT), total bilirubin (TBil) and direct bilirubin (DBil) were elevated to 79 U/L (5-45 U/L), 51 U/L (5-35 U/L), 540 U/L (30-110 U/L), 197 U/L (7-50 U/L), 408 mumol/L(0-20.5 mumol/L) and 283.7 mumol/L (0-6.8 mumol/L), respectively"
P:PMC3897989_01,M:bilirubin,TAKES,value=79 U/L; value=45 U/L; value=51 U/L; value=35 U/L; value=540 U/L; value=110 U/L; value=197 U/L; value=50 U/L,PMC3897989_01,5,"The laboratory test data at admission showed that the serum levels of alanine transaminase (ALT), aspartate transaminase (AST), alkaline phosphatase (ALP), gamma-glutamyltransferase (gamma-GT), total bilirubin (TBil) and direct bilirubin (DBil) were elevated to 79 U/L (5-45 U/L), 51 U/L (5-35 U/L), 540 U/L (30-110 U/L), 197 U/L (7-50 U/L), 408 mumol/L(0-20.5 mumol/L) and 283.7 mumol/L (0-6.8 mumol/L), respectively"
P:PMC3897989_01,A:serum,LOCATED_IN,dosage=180 mg; dosage=1620 mg; dosage=344 mg; dosage=263 mg; value=180 mg/dL; value=1620 mg/dL; value=344 mg/dL; value=263 mg/dL,PMC3897989_01,6,"Serum IgG and IgM were 3,180 mg/dL (694-1620 mg/dL) and 344 mg/dL (60-263 mg/dL), respectively"
P:PMC3897989_01,E:tomography,UNDERWENT_EXAM,,PMC3897989_01,10,"Both computed tomography (CT) and magnetic resonance image (MRI) revealed diffusive enlargement of the pancreas, capsuled by an armorlike low-density rim and enhanced homogenously (Figure 1)"
P:PMC3897989_01,A:pancreas,LOCATED_IN,,PMC3897989_01,10,"Both computed tomography (CT) and magnetic resonance image (MRI) revealed diffusive enlargement of the pancreas, capsuled by an armorlike low-density rim and enhanced homogenously (Figure 1)"
P:PMC3897989_01,A:bile,LOCATED_IN,laterality=right,PMC3897989_01,11,"Other abnormalities included significant dilation of intra- and extra-hepatic bile duct, diffusive thickening of the gallbladder wall and atrophy of the right kidney"
P:PMC3897989_01,A:gallbladder,LOCATED_IN,laterality=right,PMC3897989_01,11,"Other abnormalities included significant dilation of intra- and extra-hepatic bile duct, diffusive thickening of the gallbladder wall and atrophy of the right kidney"
P:PMC3897989_01,R:atrophy,MENTIONS,laterality=right,PMC3897989_01,11,"Other abnormalities included significant dilation of intra- and extra-hepatic bile duct, diffusive thickening of the gallbladder wall and atrophy of the right kidney"
P:PMC3897989_01,A:kidney,LOCATED_IN,laterality=right,PMC3897989_01,11,"Other abnormalities included significant dilation of intra- and extra-hepatic bile duct, diffusive thickening of the gallbladder wall and atrophy of the right kidney"
P:PMC3897989_01,A:bile,LOCATED_IN,value=66.89 ng/mL; value=5 ng/mL,PMC3897989_01,14,"Test of tumor markers from the bile showed CEA of 66.89 ng/mL (0-5 ng/mL) and CA199 larger than 4000 U/mL (<37.0 U/mL), but examinations of exfoliated cells proved negative for three consecutive times"
P:PMC3897989_01,A:cells,LOCATED_IN,value=66.89 ng/mL; value=5 ng/mL,PMC3897989_01,14,"Test of tumor markers from the bile showed CEA of 66.89 ng/mL (0-5 ng/mL) and CA199 larger than 4000 U/mL (<37.0 U/mL), but examinations of exfoliated cells proved negative for three consecutive times"
P:PMC3897989_01,D:cholestasis,LOCATED_IN,dosage=250 mg,PMC3897989_01,17,"Based on the biochemical evidence of cholestasis from the elevation of ALP, gamma-GT and TBil, and the presence of AMA, the patient was clinically diagnosed with PBC and UDCA (250 mg, three times per day) was initiated immediately after nasobiliary drainage, which partially improved the patient's liver function (Figure 2)"
P:PMC3897989_01,Pr:drainage,UNDERWENT_EXAM,dosage=250 mg,PMC3897989_01,17,"Based on the biochemical evidence of cholestasis from the elevation of ALP, gamma-GT and TBil, and the presence of AMA, the patient was clinically diagnosed with PBC and UDCA (250 mg, three times per day) was initiated immediately after nasobiliary drainage, which partially improved the patient's liver function (Figure 2)"
P:PMC3897989_01,A:liver,LOCATED_IN,dosage=250 mg,PMC3897989_01,17,"Based on the biochemical evidence of cholestasis from the elevation of ALP, gamma-GT and TBil, and the presence of AMA, the patient was clinically diagnosed with PBC and UDCA (250 mg, three times per day) was initiated immediately after nasobiliary drainage, which partially improved the patient's liver function (Figure 2)"
P:PMC3897989_01,E:biopsy,UNDERWENT_EXAM,,PMC3897989_01,20,"CT-guided pancreatic biopsy was performed, and histopathological evaluation showed dense lymphoplasmacytic infiltration and fibrosis"
P:PMC3897989_01,R:fibrosis,UNDERWENT_EXAM,,PMC3897989_01,20,"CT-guided pancreatic biopsy was performed, and histopathological evaluation showed dense lymphoplasmacytic infiltration and fibrosis"
P:PMC3897989_01,A:plasma,LOCATED_IN,,PMC3897989_01,21,IgG4+ plasma cell was stained and counted to be as high as 95 per high-power field (HPF) (Figure 3)
P:PMC3897989_01,E:diagnosis,UNDERWENT_EXAM,,PMC3897989_01,23,So the diagnosis of type I AIP was confirmed in accordance with the diagnostic criteria
P:PMC3897989_01,M:methylprednisolone,TAKES,dosage=40 mg,PMC3897989_01,24,Steroid therapy with intravenous methylprednisolone (MEP) (40 mg per day) was administered promptly
P:PMC3897989_01,A:serum,LOCATED_IN,value=376 U/L; value=38 U/L; value=243 U/L; value=47 U/L,PMC3897989_01,25,"Serum ALP, gamma-GP, TBil and DBil just before steroid therapy were 376 U/L, 38 U/L, 404.9 mumol/L and 289.2 mumol/L, respectively, and one week later were 243 U/L, 47 U/L, 47 U/L, 206.1 mumol/L and 167.1 mumol/L, respectively"
P:PMC3897989_01,A:serum,LOCATED_IN,dosage=32 mg,PMC3897989_01,26,"Then we stepped down the steroid therapy with oral MEP 32 mg daily, yet the serum liver enzymes and bilirubin bounced up"
P:PMC3897989_01,A:liver,LOCATED_IN,dosage=32 mg,PMC3897989_01,26,"Then we stepped down the steroid therapy with oral MEP 32 mg daily, yet the serum liver enzymes and bilirubin bounced up"
P:PMC3897989_01,M:bilirubin,TAKES,dosage=32 mg,PMC3897989_01,26,"Then we stepped down the steroid therapy with oral MEP 32 mg daily, yet the serum liver enzymes and bilirubin bounced up"
P:PMC3897989_01,A:pancreas,LOCATED_IN,,PMC3897989_01,29,"A repeat MRI showed remarkable reduction of the pancreas. 40 days after treatment, the IgG and IgM returned back into the normal range"
P:PMC3897989_01,A:back,LOCATED_IN,,PMC3897989_01,29,"A repeat MRI showed remarkable reduction of the pancreas. 40 days after treatment, the IgG and IgM returned back into the normal range"
P:PMC3897989_01,A:serum,LOCATED_IN,value=135 U/L; value=134 U/L,PMC3897989_01,30,"The serum levels of ALP, gamma-GP, TBil and DBil were 135 U/L, 134 U/L, 82.8 mumol/L and 54.9 mumol/L, respectively"
P:PMC3897989_01,S:pain,PRESENTS_WITH,laterality=right,PMC3897989_01,33,"About 40 days after discharge, the patient developed red maculopapules on his right chest with prickling-like pain, worsened with erosion and blisters"
P:PMC3897989_01,D:herpes_zoster,DIAGNOSED_WITH,dosage=500 mg,PMC3897989_01,34,The patient was diagnosed with herpes zoster and treated with acyclovir (500 mg twice a day) for 9 days
P:PMC3897989_01,M:acyclovir,TAKES,dosage=500 mg,PMC3897989_01,34,The patient was diagnosed with herpes zoster and treated with acyclovir (500 mg twice a day) for 9 days
P:PMC3897989_01,A:lung,LOCATED_IN,laterality=right,PMC3897989_01,35,"Unfortunately for the patient, a chest X-ray later showed multiple nodules in the right lung"
P:PMC3897989_01,A:lung,LOCATED_IN,,PMC3897989_01,37,CT-guided lung biopsy showed neutrophil aggregation and fibrous effusion within the alveoli
P:PMC3897989_01,E:biopsy,UNDERWENT_EXAM,,PMC3897989_01,37,CT-guided lung biopsy showed neutrophil aggregation and fibrous effusion within the alveoli
P:PMC3897989_01,D:abscess,DIAGNOSED_WITH,,PMC3897989_01,38,The patient was diagnosed with pulmonary abscess and was treated effectively with moxifloxacin (Figure 1)
P:PMC3897989_01,M:moxifloxacin,TAKES,,PMC3897989_01,38,The patient was diagnosed with pulmonary abscess and was treated effectively with moxifloxacin (Figure 1)
P:PMC3897989_01,A:liver,LOCATED_IN,,PMC3897989_01,40,The liver function and immunological indices of the patient were normal during the subsequent one-year follow-up period.
P:PMC2817501_01,D:dyspnea,DIAGNOSED_WITH,,PMC2817501_01,1,A-53-year old man admitted to our institution with exertional dyspnea and angina
P:PMC2817501_01,A:aortic_valve,LOCATED_IN,,PMC2817501_01,2,He had had aortic valve replacement with Starr-Edwards 2320 model caged ball mechanical valve prosthesis in 1974 and suffered a thromboembolic serebrovascular accident two years ago
P:PMC2817501_01,E:physical_examination,UNDERWENT_EXAM,laterality=left,PMC2817501_01,3,"His physical examination revealed left hemiparesis with blood pressure 120/80 mmHg, heart rate 92 beats/min and regular"
P:PMC2817501_01,E:blood_pressure,UNDERWENT_EXAM,laterality=left,PMC2817501_01,3,"His physical examination revealed left hemiparesis with blood pressure 120/80 mmHg, heart rate 92 beats/min and regular"
P:PMC2817501_01,E:heart_rate,UNDERWENT_EXAM,laterality=left,PMC2817501_01,3,"His physical examination revealed left hemiparesis with blood pressure 120/80 mmHg, heart rate 92 beats/min and regular"
P:PMC2817501_01,E:auscultation,UNDERWENT_EXAM,,PMC2817501_01,4,Cardiac auscultation revealed a 4/6 systolic murmur and rales were heard at the base of the lungs
P:PMC2817501_01,E:echocardiography,UNDERWENT_EXAM,laterality=left,PMC2817501_01,5,"Transesophageal echocardiography showed a functioning Starr-Edwards caged ball mechanical prosthesis with 30 mmHg gradient and rheumatic mitral valve disease with peak transmitral gradient of 20 mmHg and valve area 1.8 cm2 and 3-4 degree mitral insufficiency with a left ventricular ejection fraction of 30% with peak pulmonary artery pressure of 68 mmHg, besides there was a pannus formation in the surrounding valvular tissue"
P:PMC2817501_01,A:mitral_valve,LOCATED_IN,laterality=left,PMC2817501_01,5,"Transesophageal echocardiography showed a functioning Starr-Edwards caged ball mechanical prosthesis with 30 mmHg gradient and rheumatic mitral valve disease with peak transmitral gradient of 20 mmHg and valve area 1.8 cm2 and 3-4 degree mitral insufficiency with a left ventricular ejection fraction of 30% with peak pulmonary artery pressure of 68 mmHg, besides there was a pannus formation in the surrounding valvular tissue"
P:PMC2817501_01,R:disease,MENTIONS,laterality=left,PMC2817501_01,5,"Transesophageal echocardiography showed a functioning Starr-Edwards caged ball mechanical prosthesis with 30 mmHg gradient and rheumatic mitral valve disease with peak transmitral gradient of 20 mmHg and valve area 1.8 cm2 and 3-4 degree mitral insufficiency with a left ventricular ejection fraction of 30% with peak pulmonary artery pressure of 68 mmHg, besides there was a pannus formation in the surrounding valvular tissue"
P:PMC2817501_01,A:pulmonary_artery,LOCATED_IN,laterality=left,PMC2817501_01,5,"Transesophageal echocardiography showed a functioning Starr-Edwards caged ball mechanical prosthesis with 30 mmHg gradient and rheumatic mitral valve disease with peak transmitral gradient of 20 mmHg and valve area 1.8 cm2 and 3-4 degree mitral insufficiency with a left ventricular ejection fraction of 30% with peak pulmonary artery pressure of 68 mmHg, besides there was a pannus formation in the surrounding valvular tissue"
P:PMC2817501_01,Pr:reoperation,UNDERWENT_EXAM,,PMC2817501_01,7,The patient underwent a reoperation of double valve replacement and one vessel coronary artery bypass grafting through a median sternotomy by the help of cardiopulmonary bypass at mild hypothermia
P:PMC2817501_01,Pr:coronary_artery_bypass,UNDERWENT_EXAM,,PMC2817501_01,7,The patient underwent a reoperation of double valve replacement and one vessel coronary artery bypass grafting through a median sternotomy by the help of cardiopulmonary bypass at mild hypothermia
P:PMC2817501_01,Pr:sternotomy,UNDERWENT_EXAM,,PMC2817501_01,7,The patient underwent a reoperation of double valve replacement and one vessel coronary artery bypass grafting through a median sternotomy by the help of cardiopulmonary bypass at mild hypothermia
P:PMC2817501_01,Pr:cardiopulmonary_bypass,UNDERWENT_EXAM,,PMC2817501_01,7,The patient underwent a reoperation of double valve replacement and one vessel coronary artery bypass grafting through a median sternotomy by the help of cardiopulmonary bypass at mild hypothermia
P:PMC2817501_01,S:hypothermia,PRESENTS_WITH,,PMC2817501_01,7,The patient underwent a reoperation of double valve replacement and one vessel coronary artery bypass grafting through a median sternotomy by the help of cardiopulmonary bypass at mild hypothermia
P:PMC2817501_01,Pr:reoperation,UNDERWENT_EXAM,,PMC2817501_01,9,"At reoperation the mitral valve was replaced with a bileaflet prosthesis, St"
P:PMC2817501_01,A:mitral_valve,LOCATED_IN,,PMC2817501_01,9,"At reoperation the mitral valve was replaced with a bileaflet prosthesis, St"
P:PMC11131390_01,E:thyroid_function_tests,UNDERWENT_EXAM,,PMC11131390_01,2,"He was ordered thyroid function tests revealing mild overt hyperthyroidism: TSH = 0.01 microIU/L (Normal 0.27-4.2 microIU/L), free T4 = 3.7 ng/dL (Normal 0.93-1.7 ng/dL), and free T3 = 10.9 (Normal 2.0-4.4 pg/mL)"
P:PMC11131390_01,D:hyperthyroidism,DIAGNOSED_WITH,,PMC11131390_01,2,"He was ordered thyroid function tests revealing mild overt hyperthyroidism: TSH = 0.01 microIU/L (Normal 0.27-4.2 microIU/L), free T4 = 3.7 ng/dL (Normal 0.93-1.7 ng/dL), and free T3 = 10.9 (Normal 2.0-4.4 pg/mL)"
P:PMC11131390_01,E:diagnosis,UNDERWENT_EXAM,dosage=16.3 IU; dosage=1.75 IU; dosage=34 IU; dosage=115 IU; value=34 IU/mL; value=115 IU/mL,PMC11131390_01,4,"Serological investigations were consistent with a diagnosis of GD: TRAbs = 16.3 IU/L (Normal <1.75 IU/L), TPO antibodies = 268 (Normal <34 IU/mL), and thyroglobulin (Tg) antibodies = 1731 (Normal <115 IU/mL)"
P:PMC11131390_01,M:antibodies,TAKES,dosage=16.3 IU; dosage=1.75 IU; dosage=34 IU; dosage=115 IU; value=34 IU/mL; value=115 IU/mL,PMC11131390_01,4,"Serological investigations were consistent with a diagnosis of GD: TRAbs = 16.3 IU/L (Normal <1.75 IU/L), TPO antibodies = 268 (Normal <34 IU/mL), and thyroglobulin (Tg) antibodies = 1731 (Normal <115 IU/mL)"
P:PMC11131390_01,M:carbimazole,TAKES,dosage=20 mg,PMC11131390_01,5,"The patient was counseled about the nature of GD, about the benefits of quitting smoking, and he was offered medical treatment in the form of carbimazole (CBZ) 20 mg/day, given that methimazole is not available in Egypt"
P:PMC11131390_01,M:methimazole,TAKES,dosage=20 mg,PMC11131390_01,5,"The patient was counseled about the nature of GD, about the benefits of quitting smoking, and he was offered medical treatment in the form of carbimazole (CBZ) 20 mg/day, given that methimazole is not available in Egypt"
P:PMC11131390_01,S:weight_gain,PRESENTS_WITH,,PMC11131390_01,10,"In November 2017, 4 months after stopping CBZ, the patient presented with 4 kg weight gain (67-71 kg) and severe biochemical hypothyroidism, TSH = 73.5 microIU/L and free T4 = 0.35 ng/dL, which was repeatedly confirmed, TSH = 48.9 microIU/L and free T4 = 0.66 ng/dL (Figure 1)"
P:PMC11131390_01,D:hypothyroidism,PRESENTS_WITH,,PMC11131390_01,10,"In November 2017, 4 months after stopping CBZ, the patient presented with 4 kg weight gain (67-71 kg) and severe biochemical hypothyroidism, TSH = 73.5 microIU/L and free T4 = 0.35 ng/dL, which was repeatedly confirmed, TSH = 48.9 microIU/L and free T4 = 0.66 ng/dL (Figure 1)"
P:PMC11131390_01,E:body_weight,UNDERWENT_EXAM,,PMC11131390_01,11,"Considering the patient age (66 years) and body weight (71 kg), the patient was started on replacement therapy in the form of levothyroxine 75 microg/day (calculated as 1.1 microg/kg/day), and the dose was later titrated to achieve a target TSH of 0.3-3 microIU/L, which was finally achieved using 100 microg/day, and this target was maintained for 45 months (July 2019-April 2023)"
P:PMC11131390_01,D:hypothyroidism,LOCATED_IN,,PMC11131390_01,13,"The coincidence of quitting smoking in July 2017 and the spontaneous development of overt hypothyroidism in November 2017, only 4 months later, urged us to search for a possible link between quitting smoking and new onset hypothyroidism in patients with treated GD."
P:PMC10521634_01,S:dizziness,HAS_HISTORY,,PMC10521634_01,1,"A 38-year-old male patient with a history of UC was admitted to the Emergency Department of our institution for increased bowel movements (up to 8 stools/day), dizziness, and rectal bleeding"
P:PMC10521634_01,M:mesalamine,TAKES,dosage=4g; laterality=left,PMC10521634_01,2,"He was diagnosed two years ago with left-sided UC and managed conservatively with corticosteroids followed by oral mesalamine (5-ASA, 4g/day), for maintenance of remission, with favorable clinical response"
P:PMC10521634_01,E:diagnosis,UNDERWENT_EXAM,,PMC10521634_01,3,"One year after the initial diagnosis, the patient was readmitted for bloody diarrhea (up to 7 stools/day), fever, and abdominal pain without signs of peritonitis"
P:PMC10521634_01,S:diarrhea,PRESENTS_WITH,,PMC10521634_01,3,"One year after the initial diagnosis, the patient was readmitted for bloody diarrhea (up to 7 stools/day), fever, and abdominal pain without signs of peritonitis"
P:PMC10521634_01,S:fever,PRESENTS_WITH,,PMC10521634_01,3,"One year after the initial diagnosis, the patient was readmitted for bloody diarrhea (up to 7 stools/day), fever, and abdominal pain without signs of peritonitis"
P:PMC10521634_01,S:abdominal_pain,PRESENTS_WITH,,PMC10521634_01,3,"One year after the initial diagnosis, the patient was readmitted for bloody diarrhea (up to 7 stools/day), fever, and abdominal pain without signs of peritonitis"
P:PMC10521634_01,E:colonoscopy,UNDERWENT_EXAM,,PMC10521634_01,4,The colonoscopy showed extensive colitis and was classified as a grade 3 Mayo endoscopic score
P:PMC10521634_01,D:colitis,DIAGNOSED_WITH,,PMC10521634_01,4,The colonoscopy showed extensive colitis and was classified as a grade 3 Mayo endoscopic score
P:PMC10521634_01,E:platelet_count,UNDERWENT_EXAM,dosage=11.5g; dosage=5mg; value=5mg/dl,PMC10521634_01,5,"Laboratory findings showed a hemoglobin (Hb) level of 11.5g/dl, a platelet count of 800.000/MMC, a CRP level of 5mg/dl, and normal ferritin and albumin levels"
P:PMC10521634_01,D:infections,DIAGNOSED_WITH,dosage=300 mg,PMC10521634_01,6,An extensive work-up was performed to rule out any infections and VDZ 300 mg iv was initiated
P:PMC10521634_01,D:venous_thrombosis,DIAGNOSED_WITH,,PMC10521634_01,7,Venous thrombosis prophylaxis was also started with low molecular weight heparin (LMWH)
P:PMC10521634_01,M:heparin,TAKES,,PMC10521634_01,7,Venous thrombosis prophylaxis was also started with low molecular weight heparin (LMWH)
P:PMC10521634_01,D:thrombocytosis,DIAGNOSED_WITH,,PMC10521634_01,9,"After 14 weeks of VDZ treatment, a routine follow-up showed mild thrombocytosis, and normal Hb, ferritin, CRP, FC, and albumin levels"
P:PMC10521634_01,E:colonoscopy,UNDERWENT_EXAM,,PMC10521634_01,12,A colonoscopy is performed showing erythema and a large amount of fresh blood in the lumen without identifying the source (Figure 1)
P:PMC10521634_01,D:erythema,LOCATED_IN,,PMC10521634_01,12,A colonoscopy is performed showing erythema and a large amount of fresh blood in the lumen without identifying the source (Figure 1)
P:PMC10521634_01,A:blood,LOCATED_IN,,PMC10521634_01,12,A colonoscopy is performed showing erythema and a large amount of fresh blood in the lumen without identifying the source (Figure 1)
P:PMC10521634_01,A:colon,LOCATED_IN,,PMC10521634_01,14,"He is transferred into de ICU unit for monitoring, and a CT scan is performed showing active diffuse arterial bleeding from multiple sites at the descendent and the sigmoid colon (Figure 2)"
P:PMC10521634_01,Pr:colectomy,UNDERWENT_EXAM,,PMC10521634_01,15,Urgent subtotal colectomy and splenectomy with preservation of the rectum and terminal ileostomy are performed
P:PMC10521634_01,Pr:splenectomy,UNDERWENT_EXAM,,PMC10521634_01,15,Urgent subtotal colectomy and splenectomy with preservation of the rectum and terminal ileostomy are performed
P:PMC10521634_01,A:rectum,LOCATED_IN,,PMC10521634_01,15,Urgent subtotal colectomy and splenectomy with preservation of the rectum and terminal ileostomy are performed
P:PMC10521634_01,Pr:ileostomy,UNDERWENT_EXAM,,PMC10521634_01,15,Urgent subtotal colectomy and splenectomy with preservation of the rectum and terminal ileostomy are performed
P:PMC10521634_01,A:colon,LOCATED_IN,size=120 cm,PMC10521634_01,16,A total of 120 cm of the colon were surgically removed (Figure 3)
P:PMC10521634_01,A:colon,LOCATED_IN,,PMC10521634_01,17,"The histopathology report of the resected colon did not identify malignancy or dysplasia, but it showed severe and continuous active disease with diffuse erosions, fissuring ulcers, and focal transmural inflammation in the proximity of deeply ulcerated areas"
P:PMC10521634_01,R:disease,MENTIONS,,PMC10521634_01,17,"The histopathology report of the resected colon did not identify malignancy or dysplasia, but it showed severe and continuous active disease with diffuse erosions, fissuring ulcers, and focal transmural inflammation in the proximity of deeply ulcerated areas"
P:PMC10521634_01,R:inflammation,MENTIONS,,PMC10521634_01,17,"The histopathology report of the resected colon did not identify malignancy or dysplasia, but it showed severe and continuous active disease with diffuse erosions, fissuring ulcers, and focal transmural inflammation in the proximity of deeply ulcerated areas"
P:PMC10521634_01,D:thrombocytosis,DIAGNOSED_WITH,dosage=5mg,PMC10521634_01,18,"The postoperative treatment consisted of topic 5-ASA and LMWH (significant post-splenectomy thrombocytosis), but shortly after switched to infliximab biosimilar (IFX-B) 5mg/kg of weight"
P:PMC10521634_01,M:infliximab,TAKES,dosage=5mg,PMC10521634_01,18,"The postoperative treatment consisted of topic 5-ASA and LMWH (significant post-splenectomy thrombocytosis), but shortly after switched to infliximab biosimilar (IFX-B) 5mg/kg of weight"
P:PMC10521634_01,D:abdominal_abscess,DIAGNOSED_WITH,,PMC10521634_01,21,"Three months into IFX-B treatment, the patient developed a septic complication, an abdominal abscess"
P:PMC10521634_01,Pr:drainage,UNDERWENT_EXAM,,PMC10521634_01,22,"The patient underwent a CT scan and was taken to surgery for drainage of an underlying abscess, with a good surgical outcome"
P:PMC10521634_01,D:abscess,DIAGNOSED_WITH,,PMC10521634_01,22,"The patient underwent a CT scan and was taken to surgery for drainage of an underlying abscess, with a good surgical outcome"
P:PMC10521634_01,E:endoscopy,UNDERWENT_EXAM,,PMC10521634_01,23,"The endoscopy report showed Mayo 2 lesions, confirming active disease with cryptitis and crypt abscesses (Figure 4)"
P:PMC10521634_01,R:disease,UNDERWENT_EXAM,,PMC10521634_01,23,"The endoscopy report showed Mayo 2 lesions, confirming active disease with cryptitis and crypt abscesses (Figure 4)"
P:PMC10521634_01,M:azathioprine,TAKES,dosage=2.5mg,PMC10521634_01,24,"The medical team decided to shorten the dosing interval for IFX-B to 4 weeks and add azathioprine (AZA) 2.5mg/kg for a positive and desirable outcome of endoscopic remission. 24 weeks into combo treatment (INF-B+AZA), endoscopic remission was achieved allowing the surgical team to perform a restorative procedure and anastomosis."
P:PMC10710131_01,A:maxilla,LOCATED_IN,aspect=anterior,PMC10710131_01,1,Twenty-six cases with one to six teeth missing in the anterior maxilla were included as the clinical information database for digital PBL-CBL method
P:PMC10710131_01,A:connective_tissue,LOCATED_IN,,PMC10710131_01,5,Six patients received connective tissue grafting before soft tissue conditioning
P:PMC10710131_01,A:tooth,LOCATED_IN,,PMC10710131_01,8,The patient was a 26-year-old female patient who had #23 tooth extracted 5 years ago
P:PMC10710131_01,Pr:oral_hygiene,UNDERWENT_EXAM,,PMC10710131_01,9,"A clinical exam revealed good oral hygiene and a normal smile line (Figs. 1A, 1B and 1C)"
P:PMC10710131_01,D:gingival_recession,DIAGNOSED_WITH,,PMC10710131_01,10,The frontal and occlusal view of the residual ridge displayed a severely collapsed contour and gingival recession at #24 tooth (Figs. 1B and 1C)
P:PMC10710131_01,A:tooth,LOCATED_IN,,PMC10710131_01,10,The frontal and occlusal view of the residual ridge displayed a severely collapsed contour and gingival recession at #24 tooth (Figs. 1B and 1C)
P:PMC10488652_01,S:fever,HAS_HISTORY,,PMC10488652_01,1,"A 22-year-old female patient with no relevant medical history was admitted to the emergency room of a third-level clinic for clinical symptoms that began 10 days before admission, including intermittent fever up to 39 C, general malaise, headache, myalgia, a mild self-limiting rash episode, diarrhea, and occasional emesis"
P:PMC10488652_01,S:headache,HAS_HISTORY,,PMC10488652_01,1,"A 22-year-old female patient with no relevant medical history was admitted to the emergency room of a third-level clinic for clinical symptoms that began 10 days before admission, including intermittent fever up to 39 C, general malaise, headache, myalgia, a mild self-limiting rash episode, diarrhea, and occasional emesis"
P:PMC10488652_01,D:myalgia,HAS_HISTORY,,PMC10488652_01,1,"A 22-year-old female patient with no relevant medical history was admitted to the emergency room of a third-level clinic for clinical symptoms that began 10 days before admission, including intermittent fever up to 39 C, general malaise, headache, myalgia, a mild self-limiting rash episode, diarrhea, and occasional emesis"
P:PMC10488652_01,S:diarrhea,HAS_HISTORY,,PMC10488652_01,1,"A 22-year-old female patient with no relevant medical history was admitted to the emergency room of a third-level clinic for clinical symptoms that began 10 days before admission, including intermittent fever up to 39 C, general malaise, headache, myalgia, a mild self-limiting rash episode, diarrhea, and occasional emesis"
P:PMC10488652_01,E:physical_examination,UNDERWENT_EXAM,laterality=bilateral,PMC10488652_01,2,"On physical examination, the patient had mild pallor, icteric sclerae, supraclavicular and cervical adenopathies, synovitis in bilateral metacarpophalangeal joints, and grade II edema in the lower limbs"
P:PMC10488652_01,S:pallor,LOCATED_IN,laterality=bilateral,PMC10488652_01,2,"On physical examination, the patient had mild pallor, icteric sclerae, supraclavicular and cervical adenopathies, synovitis in bilateral metacarpophalangeal joints, and grade II edema in the lower limbs"
P:PMC10488652_01,D:synovitis,LOCATED_IN,laterality=bilateral,PMC10488652_01,2,"On physical examination, the patient had mild pallor, icteric sclerae, supraclavicular and cervical adenopathies, synovitis in bilateral metacarpophalangeal joints, and grade II edema in the lower limbs"
P:PMC10488652_01,A:joints,LOCATED_IN,laterality=bilateral,PMC10488652_01,2,"On physical examination, the patient had mild pallor, icteric sclerae, supraclavicular and cervical adenopathies, synovitis in bilateral metacarpophalangeal joints, and grade II edema in the lower limbs"
P:PMC10488652_01,S:edema,LOCATED_IN,laterality=bilateral,PMC10488652_01,2,"On physical examination, the patient had mild pallor, icteric sclerae, supraclavicular and cervical adenopathies, synovitis in bilateral metacarpophalangeal joints, and grade II edema in the lower limbs"
P:PMC10488652_01,A:kidney,LOCATED_IN,,PMC10488652_01,5,"The patient was anti-DNA negative, a kidney biopsy was recommended because of the presence of proteinuria, which was consistent with class II mesangial lupus nephritis"
P:PMC10488652_01,E:biopsy,UNDERWENT_EXAM,,PMC10488652_01,5,"The patient was anti-DNA negative, a kidney biopsy was recommended because of the presence of proteinuria, which was consistent with class II mesangial lupus nephritis"
P:PMC10488652_01,D:proteinuria,DIAGNOSED_WITH,,PMC10488652_01,5,"The patient was anti-DNA negative, a kidney biopsy was recommended because of the presence of proteinuria, which was consistent with class II mesangial lupus nephritis"
P:PMC10488652_01,D:lupus_nephritis,DIAGNOSED_WITH,,PMC10488652_01,5,"The patient was anti-DNA negative, a kidney biopsy was recommended because of the presence of proteinuria, which was consistent with class II mesangial lupus nephritis"
P:PMC10488652_01,D:anemia,DIAGNOSED_WITH,dosage=6.2 g,PMC10488652_01,6,"Autoimmune hemolytic anemia was also confirmed, with laboratory data revealing a cold agglutinin titer Positive dilution 1/128 at 4 C, hemoglobin 6.2 g/dl, hematocrit 18.1% and monospecific direct antiglobulin strongly positive for C3d and negative for IgG, leading to the diagnosis of cold agglutinin syndrome"
P:PMC10488652_01,E:hematocrit,UNDERWENT_EXAM,dosage=6.2 g,PMC10488652_01,6,"Autoimmune hemolytic anemia was also confirmed, with laboratory data revealing a cold agglutinin titer Positive dilution 1/128 at 4 C, hemoglobin 6.2 g/dl, hematocrit 18.1% and monospecific direct antiglobulin strongly positive for C3d and negative for IgG, leading to the diagnosis of cold agglutinin syndrome"
P:PMC10488652_01,R:syndrome,DIAGNOSED_WITH,dosage=6.2 g,PMC10488652_01,6,"Autoimmune hemolytic anemia was also confirmed, with laboratory data revealing a cold agglutinin titer Positive dilution 1/128 at 4 C, hemoglobin 6.2 g/dl, hematocrit 18.1% and monospecific direct antiglobulin strongly positive for C3d and negative for IgG, leading to the diagnosis of cold agglutinin syndrome"
P:PMC10488652_01,D:pancytopenia,DIAGNOSED_WITH,,PMC10488652_01,7,"The patient was transferred to the intensive care unit because of severe hematological involvement, as demonstrated by pancytopenia"
P:PMC10488652_01,M:dexamethasone,TAKES,dosage=40 mg; dosage=200 mg,PMC10488652_01,8,"Treatment was initiated with dexamethasone at a dose of 40 mg intravenously daily for 4 days and hydroxychloroquine at a dose of 200 mg daily orally, and the three cell lines showed clinical improvement and hematological recovery without the need for blood transfusions"
P:PMC10488652_01,M:hydroxychloroquine,TAKES,dosage=40 mg; dosage=200 mg,PMC10488652_01,8,"Treatment was initiated with dexamethasone at a dose of 40 mg intravenously daily for 4 days and hydroxychloroquine at a dose of 200 mg daily orally, and the three cell lines showed clinical improvement and hematological recovery without the need for blood transfusions"
P:PMC10488652_01,M:prednisone,TAKES,dosage=5 mg; dosage=200 mg; dosage=500 mg,PMC10488652_01,10,"The patient was discharged from the hospital after receiving outpatient treatment with prednisone at a dose of 5 mg daily orally, hydroxychloroquine at a dose of 200 mg daily orally and mycophenolate mofetil at a dose of 500 mg every 12 hours for one week and thereafter at a dose of 500 mg every 8 hours"
P:PMC10488652_01,M:hydroxychloroquine,TAKES,dosage=5 mg; dosage=200 mg; dosage=500 mg,PMC10488652_01,10,"The patient was discharged from the hospital after receiving outpatient treatment with prednisone at a dose of 5 mg daily orally, hydroxychloroquine at a dose of 200 mg daily orally and mycophenolate mofetil at a dose of 500 mg every 12 hours for one week and thereafter at a dose of 500 mg every 8 hours"
P:PMC11420039_01,D:eczema,DIAGNOSED_WITH,,PMC11420039_01,1,"A 74-year-old woman presented with widespread erythematous patches and vesicles on the limbs, which had appeared successively over a period of 2 weeks, and had previously been diagnosed as ""eczema"" at another hospital"
P:PMC11420039_01,M:acyclovir,TAKES,,PMC11420039_01,2,Treatment with acyclovir cream was ineffective
P:PMC11420039_01,A:buttocks,LOCATED_IN,,PMC11420039_01,4,"On admission, the patient exhibited erythematous papules, pustules ( Figure 1 ), particularly severe on the buttocks and both lower limbs, which were ulcerated with yellowish crusts"
P:PMC11420039_01,A:skin,LOCATED_IN,,PMC11420039_01,5,"The total area of skin lesions was approximately 1000 cm2, with an exudation area of approximately 200 cm2 ( Figures 2A, B )"
P:PMC11420039_01,E:diagnosis,UNDERWENT_EXAM,,PMC11420039_01,8,"For a definitive diagnosis, direct immunofluorescence (DIF) was performed on the skin lesions, showing linear deposits of IgG along the dermoepidermal junction, histological features consistent with HE staining, and significant infiltration of eosinophils ( Figures 3A, B )"
P:PMC11420039_01,A:skin,LOCATED_IN,,PMC11420039_01,8,"For a definitive diagnosis, direct immunofluorescence (DIF) was performed on the skin lesions, showing linear deposits of IgG along the dermoepidermal junction, histological features consistent with HE staining, and significant infiltration of eosinophils ( Figures 3A, B )"
P:PMC11420039_01,A:eosinophils,LOCATED_IN,,PMC11420039_01,8,"For a definitive diagnosis, direct immunofluorescence (DIF) was performed on the skin lesions, showing linear deposits of IgG along the dermoepidermal junction, histological features consistent with HE staining, and significant infiltration of eosinophils ( Figures 3A, B )"
P:PMC11420039_01,A:serum,LOCATED_IN,,PMC11420039_01,9,"Serum anti-bp180 antibody testing was positive, confirming a diagnosis of BP"
P:PMC11420039_01,E:diagnosis,UNDERWENT_EXAM,,PMC11420039_01,9,"Serum anti-bp180 antibody testing was positive, confirming a diagnosis of BP"
P:PMC11420039_01,M:methylprednisolone,TAKES,dosage=40 mg; dosage=20 mg; dosage=16 mg,PMC11420039_01,10,"The patient was treated with methylprednisolone 40 mg orally per day, which was adjusted to methylprednisolone tablets orally after one week, with a dose of 20 mg in the morning and 16 mg in the evening"
P:PMC11420039_01,M:tablets,TAKES,dosage=40 mg; dosage=20 mg; dosage=16 mg,PMC11420039_01,10,"The patient was treated with methylprednisolone 40 mg orally per day, which was adjusted to methylprednisolone tablets orally after one week, with a dose of 20 mg in the morning and 16 mg in the evening"
P:PMC11420039_01,A:skin,LOCATED_IN,,PMC11420039_01,11,"The patient's overall skin condition significantly improved, and she was discharged after two weeks"
P:PMC11420039_01,M:methylprednisolone,TAKES,,PMC11420039_01,12,The dosage of methylprednisolone tablets was gradually reduced after discharge
P:PMC11420039_01,M:tablets,TAKES,,PMC11420039_01,12,The dosage of methylprednisolone tablets was gradually reduced after discharge
P:PMC11420039_01,A:skin,LOCATED_IN,,PMC11420039_01,13,"Two months later, the patient developed a small number of new skin lesions throughout her body, prompting readmission to our dermatology department"
P:PMC11420039_01,M:methylprednisolone,TAKES,dosage=16 mg; dosage=12 mg,PMC11420039_01,14,"The methylprednisolone dosage was adjusted to 16 mg in the morning and 12 mg in the evening, and dupilumab injection was added"
P:PMC11420039_01,A:skin,LOCATED_IN,,PMC11420039_01,16,"Following treatment, the skin lesions partially crusted over"
P:PMC11420039_01,Pr:hospitalization,UNDERWENT_EXAM,,PMC11420039_01,17,"The patient was discharged after a week of hospitalization and continued to take methylprednisolone tablets orally at the original dosage regimen, with regular subcutaneous injections of dupilumab"
P:PMC11420039_01,M:methylprednisolone,TAKES,,PMC11420039_01,17,"The patient was discharged after a week of hospitalization and continued to take methylprednisolone tablets orally at the original dosage regimen, with regular subcutaneous injections of dupilumab"
P:PMC11420039_01,M:tablets,TAKES,,PMC11420039_01,17,"The patient was discharged after a week of hospitalization and continued to take methylprednisolone tablets orally at the original dosage regimen, with regular subcutaneous injections of dupilumab"
P:PMC11420039_01,Pr:injections,UNDERWENT_EXAM,,PMC11420039_01,17,"The patient was discharged after a week of hospitalization and continued to take methylprednisolone tablets orally at the original dosage regimen, with regular subcutaneous injections of dupilumab"
P:PMC11420039_01,S:fatigue,PRESENTS_WITH,,PMC11420039_01,18,"However, one month later, the patient developed symptoms of fatigue and dyspnea, leading to admission to our cardiology department"
P:PMC11420039_01,D:dyspnea,DIAGNOSED_WITH,,PMC11420039_01,18,"However, one month later, the patient developed symptoms of fatigue and dyspnea, leading to admission to our cardiology department"
P:PMC11420039_01,A:head,LOCATED_IN,,PMC11420039_01,20,"Chest CT revealed patchy changes ( Figure 4 ), while head CT and MRI showed no significant abnormalities ( Figures 5 )"
P:PMC11420039_01,A:blood,LOCATED_IN,,PMC11420039_01,21,"High-throughput pathogenic microorganism sequencing in peripheral blood (Next Generation Sequencing, NGS) suggested the presence of human herpesvirus 3 (VZV), human herpesvirus 5 (CMV), human herpesvirus 1 (HSV1), and human herpesvirus 4 (EBV), with viral sequence counts exceeding 100,000 ( Table 1 )"
P:PMC11420039_01,M:acyclovir,TAKES,,PMC11420039_01,22,"Therefore, the patient was diagnosed with viral septicemia and treated with acyclovir for antiviral therapy"
P:PMC11420039_01,M:methylprednisolone,TAKES,dosage=4 mg,PMC11420039_01,23,"Since no new skin rash was observed in this instance and considering the severely compromised immune status due to severe infection, the methylprednisolone dosage was reduced to 4 mg, and intravenous immunoglobulin was added to boost immunity after consultation with the dermatology department"
P:PMC11420039_01,M:antibodies,TAKES,,PMC11420039_01,24,"However, the patient's autoimmune antibody spectrum indicated positive anti-recombinant RO-52 antibodies, anti-nuclear antibodies, and anti-SSA antibodies ( Table 2 )"
P:PMC11420039_01,A:mouth,LOCATED_IN,,PMC11420039_01,25,Further inquiry into the medical history revealed noticeable symptoms of dry eyes and dry mouth reported by the patient's family over the past two months
P:PMC11420039_01,E:diagnosis,UNDERWENT_EXAM,,PMC11420039_01,26,"To confirm the diagnosis, a Schirmer test showed a positive result"
P:PMC11420039_01,R:syndrome,DIAGNOSED_WITH,,PMC11420039_01,27,"According to diagnostic criteria established by Vitali C, the patient was diagnosed with Secondary Sjogren's Syndrome"
P:PMC11420039_01,A:head,LOCATED_IN,,PMC11420039_01,29,Initial head MRI showed no significant changes
P:PMC11420039_01,A:cerebrospinal_fluid,LOCATED_IN,,PMC11420039_01,30,Subsequent lumbar puncture revealed Enterococcus and human herpesvirus 7 in the cerebrospinal fluid
P:PMC11420039_01,A:plasma,LOCATED_IN,,PMC11420039_01,31,"Considering that the patient suffered from severe immunosuppression, with reactivation of several herpesviruses in plasma, before having a microbial CNS infection and succumbing to lung infection"
P:PMC11420039_01,A:lung,LOCATED_IN,,PMC11420039_01,31,"Considering that the patient suffered from severe immunosuppression, with reactivation of several herpesviruses in plasma, before having a microbial CNS infection and succumbing to lung infection"
P:PMC11420039_01,M:meropenem,TAKES,,PMC11420039_01,32,"We prescribed broad-spectrum antimicrobial therapy with meropenem, linezolid, and acyclovir"
P:PMC11420039_01,M:linezolid,TAKES,,PMC11420039_01,32,"We prescribed broad-spectrum antimicrobial therapy with meropenem, linezolid, and acyclovir"
P:PMC11420039_01,M:acyclovir,TAKES,,PMC11420039_01,32,"We prescribed broad-spectrum antimicrobial therapy with meropenem, linezolid, and acyclovir"
P:PMC11420039_01,A:cells,LOCATED_IN,dosage=1.6 mg,PMC11420039_01,34,"Additionally, thymosin alpha-1 was used to boost T cells and the overall immune system, with a daily subcutaneous injection of 1.6 mg for 1 week"
P:PMC11420039_01,A:immune_system,LOCATED_IN,dosage=1.6 mg,PMC11420039_01,34,"Additionally, thymosin alpha-1 was used to boost T cells and the overall immune system, with a daily subcutaneous injection of 1.6 mg for 1 week"
P:PMC11259348_01,S:fever,PRESENTS_WITH,,PMC11259348_01,1,"A child admitted with fever, loose stools, and dark color urine was diagnosed with PCH after having positive Donath-Landsteiner test"
P:PMC11259348_01,A:urine,LOCATED_IN,,PMC11259348_01,1,"A child admitted with fever, loose stools, and dark color urine was diagnosed with PCH after having positive Donath-Landsteiner test"
P:PMC11259348_01,A:blood,LOCATED_IN,dosage=4 g,PMC11259348_01,2,"Since hemoglobin level was 4 g/dL, three blood units was ordered"
P:PMC11259348_01,A:blood,LOCATED_IN,,PMC11259348_01,3,Her blood group was A Rh D-positive and antibody screening was negative
P:PMC11259348_01,A:blood,LOCATED_IN,,PMC11259348_01,4,The patient was transfused with group-specific cross-match-compatible blood in three occasions using a blood warmer
P:PMC11259348_01,Pr:blood_transfusion,UNDERWENT_EXAM,,PMC11259348_01,5,"Following each blood transfusion, she developed episodes of hemoglobinuria."
P:PMC11259348_01,D:hemoglobinuria,DIAGNOSED_WITH,,PMC11259348_01,5,"Following each blood transfusion, she developed episodes of hemoglobinuria."
P:PMC11259348_02,D:transfusion_reaction,DIAGNOSED_WITH,,PMC11259348_02,1,Transfusion reaction investigations excluded the presence of erythrocyte alloantibodies and ABO incompatibility of the patient with transfused units
P:PMC11259348_02,R:hemolysis,MENTIONS,,PMC11259348_02,2,"Therefore, the exacerbations of hemolysis following blood transfusions were considered as triggered by Donath-Landsteiner antibody present in the patient's serum"
P:PMC11259348_02,A:blood,LOCATED_IN,,PMC11259348_02,2,"Therefore, the exacerbations of hemolysis following blood transfusions were considered as triggered by Donath-Landsteiner antibody present in the patient's serum"
P:PMC11259348_02,A:serum,LOCATED_IN,,PMC11259348_02,2,"Therefore, the exacerbations of hemolysis following blood transfusions were considered as triggered by Donath-Landsteiner antibody present in the patient's serum"
P:PMC11259348_02,R:hemolysis,MENTIONS,,PMC11259348_02,3,P antigen-negative red cell transfusion is an option for such situations to avoid further hemolysis
P:PMC11259348_02,E:molecular_typing,UNDERWENT_EXAM,,PMC11259348_02,4,"However, with the absence of specific antisera and molecular typing methods, selecting this type of blood unit was a challenge"
P:PMC11259348_02,E:methods,UNDERWENT_EXAM,,PMC11259348_02,4,"However, with the absence of specific antisera and molecular typing methods, selecting this type of blood unit was a challenge"
P:PMC11259348_02,A:blood,LOCATED_IN,,PMC11259348_02,4,"However, with the absence of specific antisera and molecular typing methods, selecting this type of blood unit was a challenge"
P:PMC11259348_02,A:cells,LOCATED_IN,,PMC11259348_02,5,"In Donath-Landsteiner test, Donath-Landsteiner antigen (probably P specificity)-positive red cells are hemolyzed by Donath-Landsteiner antibody in the patient's serum"
P:PMC11259348_02,A:serum,LOCATED_IN,,PMC11259348_02,5,"In Donath-Landsteiner test, Donath-Landsteiner antigen (probably P specificity)-positive red cells are hemolyzed by Donath-Landsteiner antibody in the patient's serum"
P:PMC11259348_02,R:hemolysis,MENTIONS,,PMC11259348_02,6,The hemolysis is detected in the supernatant compared to the color of the patient's serum
P:PMC11259348_02,A:serum,LOCATED_IN,,PMC11259348_02,6,The hemolysis is detected in the supernatant compared to the color of the patient's serum
P:PMC11259348_02,M:suspensions,TAKES,,PMC11259348_02,8,"When a set of group-specific donor red cell suspensions are mixed in 1:9 ratio with the patient's serum (containing Donath-Landsteiner antibody) and incubated at 0 C followed by 37 C, supernatant of the tubes containing P-positive red cells should appear darker than the patient's serum due to the hemolysis"
P:PMC11259348_02,A:serum,LOCATED_IN,,PMC11259348_02,8,"When a set of group-specific donor red cell suspensions are mixed in 1:9 ratio with the patient's serum (containing Donath-Landsteiner antibody) and incubated at 0 C followed by 37 C, supernatant of the tubes containing P-positive red cells should appear darker than the patient's serum due to the hemolysis"
P:PMC11259348_02,A:cells,LOCATED_IN,,PMC11259348_02,8,"When a set of group-specific donor red cell suspensions are mixed in 1:9 ratio with the patient's serum (containing Donath-Landsteiner antibody) and incubated at 0 C followed by 37 C, supernatant of the tubes containing P-positive red cells should appear darker than the patient's serum due to the hemolysis"
P:PMC11259348_02,R:hemolysis,MENTIONS,,PMC11259348_02,8,"When a set of group-specific donor red cell suspensions are mixed in 1:9 ratio with the patient's serum (containing Donath-Landsteiner antibody) and incubated at 0 C followed by 37 C, supernatant of the tubes containing P-positive red cells should appear darker than the patient's serum due to the hemolysis"
P:PMC11259348_02,A:cells,LOCATED_IN,,PMC11259348_02,9,"Necessarily, the tubes without a color change following incubation need to carry P-negative red cells"
P:PMC11259348_02,A:cells,LOCATED_IN,,PMC11259348_02,10,"Ideally, positive and negative controls should be run in parallel to the test using P-positive and P-negative red cells against the Donath-Landsteiner antibody-positive serum"
P:PMC11259348_02,A:serum,LOCATED_IN,,PMC11259348_02,10,"Ideally, positive and negative controls should be run in parallel to the test using P-positive and P-negative red cells against the Donath-Landsteiner antibody-positive serum"
P:PMC11259348_02,A:cells,LOCATED_IN,,PMC11259348_02,11,"Since P-negative red cells were not available, only test control was performed as follows"
P:PMC11259348_02,A:cells,LOCATED_IN,,PMC11259348_02,12,"In positive control, P-positive red cells are mixed in 1:9 ratio with the patient's serum expecting hemolysis and a color change of the supernatant following antigen-antibody reaction"
P:PMC11259348_02,A:serum,LOCATED_IN,,PMC11259348_02,12,"In positive control, P-positive red cells are mixed in 1:9 ratio with the patient's serum expecting hemolysis and a color change of the supernatant following antigen-antibody reaction"
P:PMC11259348_02,R:hemolysis,MENTIONS,,PMC11259348_02,12,"In positive control, P-positive red cells are mixed in 1:9 ratio with the patient's serum expecting hemolysis and a color change of the supernatant following antigen-antibody reaction"
P:PMC11259348_02,A:cells,LOCATED_IN,,PMC11259348_02,13,"In negative control tube, P-positive cells are reacted with fresh serum of a healthy person with the same blood group"
P:PMC11259348_02,A:serum,LOCATED_IN,,PMC11259348_02,13,"In negative control tube, P-positive cells are reacted with fresh serum of a healthy person with the same blood group"
P:PMC11259348_02,A:blood,LOCATED_IN,,PMC11259348_02,13,"In negative control tube, P-positive cells are reacted with fresh serum of a healthy person with the same blood group"
P:PMC11259348_02,A:serum,LOCATED_IN,,PMC11259348_02,14,Its supernatant color should be similar to the patient's serum
P:PMC11259348_02,A:cells,LOCATED_IN,,PMC11259348_02,15,P-positive red cells can be prepared by pooling three randomly selected group-specific blood units
P:PMC11259348_02,A:blood,LOCATED_IN,,PMC11259348_02,15,P-positive red cells can be prepared by pooling three randomly selected group-specific blood units
P:PMC11259348_02,A:blood,LOCATED_IN,,PMC11259348_02,17,"Group A-positive ten blood packs were selected, and 50% red cell suspensions were made from each (P1, P2, P3,...)
Ten clean test tubes were taken and labeled (T1-T10)
One volume of P1 cell suspension was added to T1 test tube and followed the same procedure for the rest of cell suspensions (e.g., from P2 to T2, P3 to T3,...)
Then, nine volumes of 37 C separated patient's serum was added to each T1-T10 tubes
Positive control - Nine volumes of 37 C separated patient's serum was added to one volume of 50% cell suspension prepared from pooling three group A blood units
Negative control - Nine volumes of 37 C separated fresh serum of a group A healthy person was added to one volume of 50% cell suspension prepared from pooling three group A blood units
T1-T10 and control tubes were incubated at 0 C in crushed ice for 1 h and then immediately transferred to water bath at 37 C"
P:PMC11259348_02,M:suspensions,TAKES,,PMC11259348_02,17,"Group A-positive ten blood packs were selected, and 50% red cell suspensions were made from each (P1, P2, P3,...)
Ten clean test tubes were taken and labeled (T1-T10)
One volume of P1 cell suspension was added to T1 test tube and followed the same procedure for the rest of cell suspensions (e.g., from P2 to T2, P3 to T3,...)
Then, nine volumes of 37 C separated patient's serum was added to each T1-T10 tubes
Positive control - Nine volumes of 37 C separated patient's serum was added to one volume of 50% cell suspension prepared from pooling three group A blood units
Negative control - Nine volumes of 37 C separated fresh serum of a group A healthy person was added to one volume of 50% cell suspension prepared from pooling three group A blood units
T1-T10 and control tubes were incubated at 0 C in crushed ice for 1 h and then immediately transferred to water bath at 37 C"
P:PMC11259348_02,A:serum,LOCATED_IN,,PMC11259348_02,17,"Group A-positive ten blood packs were selected, and 50% red cell suspensions were made from each (P1, P2, P3,...)
Ten clean test tubes were taken and labeled (T1-T10)
One volume of P1 cell suspension was added to T1 test tube and followed the same procedure for the rest of cell suspensions (e.g., from P2 to T2, P3 to T3,...)
Then, nine volumes of 37 C separated patient's serum was added to each T1-T10 tubes
Positive control - Nine volumes of 37 C separated patient's serum was added to one volume of 50% cell suspension prepared from pooling three group A blood units
Negative control - Nine volumes of 37 C separated fresh serum of a group A healthy person was added to one volume of 50% cell suspension prepared from pooling three group A blood units
T1-T10 and control tubes were incubated at 0 C in crushed ice for 1 h and then immediately transferred to water bath at 37 C"
P:PMC11259348_02,A:serum,LOCATED_IN,,PMC11259348_02,18,"After 30 min incubation period, all tubes were centrifuged under low spin for 15 s, and the supernatants were inspected compared to the patient's serum color"
P:PMC11259348_02,A:serum,LOCATED_IN,,PMC11259348_02,19,"The supernatant color of the positive control was darker compared to the patient's serum, while in the negative control, color was similar to the patient's serum
Enhanced hemolysis was evident in nine out of ten testing samples"
P:PMC11259348_02,R:hemolysis,MENTIONS,,PMC11259348_02,19,"The supernatant color of the positive control was darker compared to the patient's serum, while in the negative control, color was similar to the patient's serum
Enhanced hemolysis was evident in nine out of ten testing samples"
P:PMC11259348_02,A:cells,LOCATED_IN,,PMC11259348_02,20,"Supernatant of the tenth tube did not show color change compared to the patient's serum, indicating the negativity for P antigen in the red cells of that specific donor
Whole test was repeated, and the results were confirmed."
P:PMC11368112_01,S:fever,HAS_HISTORY,duration=2-day history,PMC11368112_01,1,"A 35-year-old male with a 2-day history of chest tightness and fever was admitted to the emergency department on July 13, 2022"
P:PMC11368112_01,A:lower_extremity,LOCATED_IN,,PMC11368112_01,2,"His medical history included lower extremity venous thrombosis, pulmonary nodules, cardiac surgery, and hypertension"
P:PMC11368112_01,D:venous_thrombosis,HAS_HISTORY,,PMC11368112_01,2,"His medical history included lower extremity venous thrombosis, pulmonary nodules, cardiac surgery, and hypertension"
P:PMC11368112_01,D:hypertension,HAS_HISTORY,,PMC11368112_01,2,"His medical history included lower extremity venous thrombosis, pulmonary nodules, cardiac surgery, and hypertension"
P:PMC11368112_01,D:dyspnea,DIAGNOSED_WITH,,PMC11368112_01,3,"Two days ago, he experienced significant dyspnea accompanied by intermittent fever and chills"
P:PMC11368112_01,S:fever,PRESENTS_WITH,,PMC11368112_01,3,"Two days ago, he experienced significant dyspnea accompanied by intermittent fever and chills"
P:PMC11368112_01,S:chills,PRESENTS_WITH,,PMC11368112_01,3,"Two days ago, he experienced significant dyspnea accompanied by intermittent fever and chills"
P:PMC11368112_01,E:physical_examination,UNDERWENT_EXAM,,PMC11368112_01,4,"His physical examination revealed a temperature of 38.7 C, with rapid respiration but no other obvious abnormalities"
P:PMC11368112_01,A:neutrophils,LOCATED_IN,dosage=65 mg; dosage=26.12 mg; size=55 mm,PMC11368112_01,5,"The laboratory results were as follows: WBC, 12.65 x 109/L; neutrophils, 85%; CRP, 65 mg/L; ESR, 55 mm/h; and D-dimer, 26.12 mg/L"
P:PMC11368112_01,D:thrombosis,LOCATED_IN,laterality=bilateral; laterality=left,PMC11368112_01,6,"Venous ultrasound revealed thrombosis in the common femoral vein, bilateral external iliac veins, and left superficial femoral vein in both lower limbs"
P:PMC11368112_01,A:femoral_vein,LOCATED_IN,laterality=bilateral; laterality=left,PMC11368112_01,6,"Venous ultrasound revealed thrombosis in the common femoral vein, bilateral external iliac veins, and left superficial femoral vein in both lower limbs"
P:PMC11368112_01,A:veins,LOCATED_IN,laterality=bilateral; laterality=left,PMC11368112_01,6,"Venous ultrasound revealed thrombosis in the common femoral vein, bilateral external iliac veins, and left superficial femoral vein in both lower limbs"
P:PMC11368112_01,D:tachycardia,DIAGNOSED_WITH,,PMC11368112_01,7,ECG indicated sinus tachycardia
P:PMC11368112_01,D:embolism,LOCATED_IN,laterality=right,PMC11368112_01,8,"Pulmonary CTA indicated embolism in both lower pulmonary artery branches, a new embolus in the right lower pulmonary artery branch, and exudative changes in the lower lobes of both lungs (Figure 1a and b)"
P:PMC11368112_01,A:pulmonary_artery,LOCATED_IN,laterality=right,PMC11368112_01,8,"Pulmonary CTA indicated embolism in both lower pulmonary artery branches, a new embolus in the right lower pulmonary artery branch, and exudative changes in the lower lobes of both lungs (Figure 1a and b)"
P:PMC11368112_01,E:diagnosis,UNDERWENT_EXAM,,PMC11368112_01,9,The patient was transferred to the respiratory department with a diagnosis of pulmonary embolism (PE)
P:PMC11368112_01,D:pulmonary_embolism,DIAGNOSED_WITH,,PMC11368112_01,9,The patient was transferred to the respiratory department with a diagnosis of pulmonary embolism (PE)
P:PMC11368112_01,S:chills,PRESENTS_WITH,,PMC11368112_01,10,"During the night, his temperature spiked to 39.5 C, accompanied by chills"
P:PMC11368112_01,M:meropenem,TAKES,,PMC11368112_01,11,"Despite an empirical escalation of anti-infective therapy with meropenem and linezolid, his fever persisted, reaching a peak of 39.8 C on the fifth day of hospitalization"
P:PMC11368112_01,M:linezolid,TAKES,,PMC11368112_01,11,"Despite an empirical escalation of anti-infective therapy with meropenem and linezolid, his fever persisted, reaching a peak of 39.8 C on the fifth day of hospitalization"
P:PMC11368112_01,S:fever,PRESENTS_WITH,,PMC11368112_01,11,"Despite an empirical escalation of anti-infective therapy with meropenem and linezolid, his fever persisted, reaching a peak of 39.8 C on the fifth day of hospitalization"
P:PMC11368112_01,Pr:hospitalization,UNDERWENT_EXAM,,PMC11368112_01,11,"Despite an empirical escalation of anti-infective therapy with meropenem and linezolid, his fever persisted, reaching a peak of 39.8 C on the fifth day of hospitalization"
P:PMC11368112_01,A:blood,LOCATED_IN,,PMC11368112_01,12,Blood and sputum cultures were negative
P:PMC11368112_01,A:sputum,LOCATED_IN,,PMC11368112_01,12,Blood and sputum cultures were negative
P:PMC11368112_01,S:fever,PRESENTS_WITH,,PMC11368112_01,13,"The patient reported experiencing a similar high fever two months earlier following cardiac surgery, which had subsided with anti-infective and antipyretic treatment"
P:PMC11368112_01,A:coronary_sinus,LOCATED_IN,laterality=right,PMC11368112_01,14,"Two months earlier, an esophageal echocardiogram had indicated a hyperechoic right atrium with a widened coronary sinus (Figure 2a)"
P:PMC11368112_01,A:coronary_sinus,LOCATED_IN,size=3 cm; laterality=right,PMC11368112_01,16,Intraoperative findings revealed a 3 x 3 cm cystic mass containing yellow cloudy fluid in the coronary sinus of the right atrium
P:PMC11368112_01,A:cells,LOCATED_IN,,PMC11368112_01,17,Intraoperative cryopathologic analysis indicated inflammatory exudation with necrotic tissue and infiltration of inflammatory cells (Figure 2b)
P:PMC11368112_01,D:tuberculosis,DIAGNOSED_WITH,,PMC11368112_01,18,"The cardiology department consulted with hematology, infection, and vascular departments before and after the surgery, suspecting tuberculosis and fungal infection; however, a definitive diagnosis was not reached"
P:PMC11368112_01,E:diagnosis,UNDERWENT_EXAM,,PMC11368112_01,18,"The cardiology department consulted with hematology, infection, and vascular departments before and after the surgery, suspecting tuberculosis and fungal infection; however, a definitive diagnosis was not reached"
P:PMC11368112_01,E:physical_examination,UNDERWENT_EXAM,size=0.8 cm; laterality=bilateral,PMC11368112_01,19,"Physical examination revealed multiple ulcers (0.2-0.8 cm in diameter) on the patient's bilateral lower extremities, groin, and scrotum, along with scattered old rashes"
P:PMC11368112_01,A:extremities,LOCATED_IN,size=0.8 cm; laterality=bilateral,PMC11368112_01,19,"Physical examination revealed multiple ulcers (0.2-0.8 cm in diameter) on the patient's bilateral lower extremities, groin, and scrotum, along with scattered old rashes"
P:PMC11368112_01,A:groin,LOCATED_IN,size=0.8 cm; laterality=bilateral,PMC11368112_01,19,"Physical examination revealed multiple ulcers (0.2-0.8 cm in diameter) on the patient's bilateral lower extremities, groin, and scrotum, along with scattered old rashes"
P:PMC11368112_01,A:scrotum,LOCATED_IN,size=0.8 cm; laterality=bilateral,PMC11368112_01,19,"Physical examination revealed multiple ulcers (0.2-0.8 cm in diameter) on the patient's bilateral lower extremities, groin, and scrotum, along with scattered old rashes"
P:PMC11368112_01,A:oropharynx,LOCATED_IN,,PMC11368112_01,20,Examination of the oropharynx indicated multiple ulcers on the tongue and labium
P:PMC11368112_01,A:tongue,LOCATED_IN,,PMC11368112_01,20,Examination of the oropharynx indicated multiple ulcers on the tongue and labium
P:PMC11368112_01,Pr:hospitalization,UNDERWENT_EXAM,,PMC11368112_01,21,"On the 7th day of hospitalization, the patient underwent a skin biopsy, which revealed epidermal ulceration with lipofuscinosis (Figure 2c)"
P:PMC11368112_01,A:skin,LOCATED_IN,,PMC11368112_01,21,"On the 7th day of hospitalization, the patient underwent a skin biopsy, which revealed epidermal ulceration with lipofuscinosis (Figure 2c)"
P:PMC11368112_01,E:biopsy,UNDERWENT_EXAM,,PMC11368112_01,21,"On the 7th day of hospitalization, the patient underwent a skin biopsy, which revealed epidermal ulceration with lipofuscinosis (Figure 2c)"
P:PMC11368112_01,E:ultrasonography,UNDERWENT_EXAM,,PMC11368112_01,22,"BD was diagnosed after a multidisciplinary discussion involving rheumatology, cardiac microvascular surgery, pathology, dermatology, vascular surgery, and ultrasonography, based on the International Criteria for Behcet's Disease (ICBD)"
P:PMC11368112_01,R:disease,DIAGNOSED_WITH,,PMC11368112_01,22,"BD was diagnosed after a multidisciplinary discussion involving rheumatology, cardiac microvascular surgery, pathology, dermatology, vascular surgery, and ultrasonography, based on the International Criteria for Behcet's Disease (ICBD)"
P:PMC11368112_01,M:methylprednisolone,TAKES,dosage=80 mg; dosage=60 mg; dosage=5 mg; dosage=200 mg,PMC11368112_01,23,"After multidisciplinary consultation, a treatment plan was initiated, including methylprednisolone at 80 mg per day for two weeks, with 60 mg per day for three months (reduced by 5 mg weekly to reach 5 mg daily), cyclosporine at 200 mg per day, and warfarin to maintain a target international normalized ratio of 2.0-3.0"
P:PMC11368112_01,M:cyclosporine,TAKES,dosage=80 mg; dosage=60 mg; dosage=5 mg; dosage=200 mg,PMC11368112_01,23,"After multidisciplinary consultation, a treatment plan was initiated, including methylprednisolone at 80 mg per day for two weeks, with 60 mg per day for three months (reduced by 5 mg weekly to reach 5 mg daily), cyclosporine at 200 mg per day, and warfarin to maintain a target international normalized ratio of 2.0-3.0"
P:PMC11368112_01,M:warfarin,TAKES,dosage=80 mg; dosage=60 mg; dosage=5 mg; dosage=200 mg,PMC11368112_01,23,"After multidisciplinary consultation, a treatment plan was initiated, including methylprednisolone at 80 mg per day for two weeks, with 60 mg per day for three months (reduced by 5 mg weekly to reach 5 mg daily), cyclosporine at 200 mg per day, and warfarin to maintain a target international normalized ratio of 2.0-3.0"
P:PMC11368112_01,E:international_normalized_ratio,UNDERWENT_EXAM,dosage=80 mg; dosage=60 mg; dosage=5 mg; dosage=200 mg,PMC11368112_01,23,"After multidisciplinary consultation, a treatment plan was initiated, including methylprednisolone at 80 mg per day for two weeks, with 60 mg per day for three months (reduced by 5 mg weekly to reach 5 mg daily), cyclosporine at 200 mg per day, and warfarin to maintain a target international normalized ratio of 2.0-3.0"
P:PMC11368112_01,A:pulmonary_artery,LOCATED_IN,laterality=right; laterality=left,PMC11368112_01,26,"Two weeks post-treatment, pulmonary artery CTA indicated the disappearance of emboli in the right lower pulmonary branch and a reduction in the size of emboli in the left lower pulmonary branch (Figure 1c and d)"
P:PMC11345641_01,E:ultrasonography,UNDERWENT_EXAM,,PMC11345641_01,1,"In December 2021, a 48-year-old woman was admitted to our center for a pelvic mass initially identified seven years earlier by transabdominal ultrasonography, which suggested a leiomyoma"
P:PMC11345641_01,D:leiomyoma,LOCATED_IN,,PMC11345641_01,1,"In December 2021, a 48-year-old woman was admitted to our center for a pelvic mass initially identified seven years earlier by transabdominal ultrasonography, which suggested a leiomyoma"
P:PMC11345641_01,S:abdominal_pain,PRESENTS_WITH,,PMC11345641_01,3,She has experienced abdominal pain and noticeable abdominal enlargement over the past five months
P:PMC11345641_01,Pr:hospitalization,UNDERWENT_EXAM,,PMC11345641_01,4,"Following her hospitalization, a comprehensive preoperative evaluation was conducted"
P:PMC11345641_01,A:serum,LOCATED_IN,,PMC11345641_01,5,"All serum tumor markers, including carbohydrate antigen 12-5 (CA12-5), CA19-9, alpha-fetoprotein (AFP), human epididymis protein 4 (HE4), and carcinoembryonic antigen (CEA), were within normal limits"
P:PMC11345641_01,A:epididymis,LOCATED_IN,,PMC11345641_01,5,"All serum tumor markers, including carbohydrate antigen 12-5 (CA12-5), CA19-9, alpha-fetoprotein (AFP), human epididymis protein 4 (HE4), and carcinoembryonic antigen (CEA), were within normal limits"
P:PMC11345641_01,A:serum,LOCATED_IN,value=289U/L,PMC11345641_01,6,"However, her serum lactate dehydrogenase (LDH) level was elevated to 289U/L"
P:PMC11345641_01,E:ultrasonography,UNDERWENT_EXAM,size=4cm; aspect=anterior,PMC11345641_01,7,"Ultrasonography identified a heterogeneously echogenic mass in the anterior wall of the uterus measuring 12.6x12.0x8.4cm with a regular outline and clear boundaries, consistent with a uterine fibroid"
P:PMC11345641_01,A:uterus,LOCATED_IN,size=4cm; aspect=anterior,PMC11345641_01,7,"Ultrasonography identified a heterogeneously echogenic mass in the anterior wall of the uterus measuring 12.6x12.0x8.4cm with a regular outline and clear boundaries, consistent with a uterine fibroid"
P:PMC11345641_01,E:biopsy,UNDERWENT_EXAM,,PMC11345641_01,11,"An endometrial biopsy was performed, which indicated a secretory-responsive endometrium"
P:PMC11345641_01,A:endometrium,LOCATED_IN,,PMC11345641_01,11,"An endometrial biopsy was performed, which indicated a secretory-responsive endometrium"
P:PMC11345641_01,Pr:hysterectomy,UNDERWENT_EXAM,laterality=bilateral,PMC11345641_01,12,"On December 14, 2021, we performed a total laparoscopic hysterectomy and bilateral salpingectomy on a patient"
P:PMC11345641_01,Pr:salpingectomy,UNDERWENT_EXAM,laterality=bilateral,PMC11345641_01,12,"On December 14, 2021, we performed a total laparoscopic hysterectomy and bilateral salpingectomy on a patient"
P:PMC11345641_01,A:uterus,LOCATED_IN,size=12 cm; aspect=anterior,PMC11345641_01,13,"During surgery, the uterus resembled that of a five-month pregnancy in size and was irregularly shaped with multiple fibroids, the largest being 12 cm in diameter on the anterior wall"
P:PMC11345641_01,A:uterus,LOCATED_IN,,PMC11345641_01,14,The uterus was removed transvaginally without protective measures
P:PMC11345641_01,D:leiomyoma,DIAGNOSED_WITH,,PMC11345641_01,16,"Microscopic examination post-surgery revealed the mass to be a leiomyoma, with most areas infarcted and some showing bizarre nuclei and rare mitotic figures (0-1/10 HPF) ( Figure 3 )"
P:PMC11345641_01,E:ultrasonography,UNDERWENT_EXAM,,PMC11345641_01,18,"A month post-operation, transabdominal ultrasonography showed no abnormalities"
P:PMC11345641_01,E:ultrasonography,UNDERWENT_EXAM,size=8 cm; laterality=right,PMC11345641_01,20,"Repeat ultrasonography identified several heterogeneous masses of varying sizes in the right pelvic and abdominal regions, the largest measuring 12.5x11.8x7.8 cm"
P:PMC11345641_01,A:omentum,LOCATED_IN,laterality=right,PMC11345641_01,21,"Further MRI revealed multiple abnormal signal shadows involving the vaginal stump, right lower quadrant, omentum, mesentery, intestinal space, pelvic cavity, and areas near the common iliac vessel bifurcation and rectum"
P:PMC11345641_01,A:mesentery,LOCATED_IN,laterality=right,PMC11345641_01,21,"Further MRI revealed multiple abnormal signal shadows involving the vaginal stump, right lower quadrant, omentum, mesentery, intestinal space, pelvic cavity, and areas near the common iliac vessel bifurcation and rectum"
P:PMC11345641_01,A:rectum,LOCATED_IN,laterality=right,PMC11345641_01,21,"Further MRI revealed multiple abnormal signal shadows involving the vaginal stump, right lower quadrant, omentum, mesentery, intestinal space, pelvic cavity, and areas near the common iliac vessel bifurcation and rectum"
P:PMC11345641_01,A:subcutaneous_fat,LOCATED_IN,laterality=right,PMC11345641_01,22,"A lesion in the right lower quadrant had penetrated the right transversus abdominis muscle, reaching the subcutaneous fat ( Figure 4 )"
P:PMC11345641_01,A:serum,LOCATED_IN,value=340 U/L,PMC11345641_01,23,"Serum CA12-5 and LDH levels were elevated to 46.4 U/mL and 340 U/L, respectively, while other markers remained normal"
P:PMC11345641_01,E:physical_examination,UNDERWENT_EXAM,,PMC11345641_01,24,"Physical examination revealed significant abdominal distention with a large, palpable mass extending three fingers above the umbilicus and showing limited mobility"
P:PMC11345641_01,A:fingers,LOCATED_IN,,PMC11345641_01,24,"Physical examination revealed significant abdominal distention with a large, palpable mass extending three fingers above the umbilicus and showing limited mobility"
P:PMC11345641_01,A:umbilicus,LOCATED_IN,,PMC11345641_01,24,"Physical examination revealed significant abdominal distention with a large, palpable mass extending three fingers above the umbilicus and showing limited mobility"
P:PMC11345641_01,Pr:laparotomy,UNDERWENT_EXAM,laterality=right,PMC11345641_01,26,"On April 29, 2022, we performed an exploratory laparotomy, including resections of pelvic, abdominal, and mesenteric tumors, and a palliative resection of the right colon tumor"
P:PMC11345641_01,A:colon,LOCATED_IN,laterality=right,PMC11345641_01,26,"On April 29, 2022, we performed an exploratory laparotomy, including resections of pelvic, abdominal, and mesenteric tumors, and a palliative resection of the right colon tumor"
P:PMC11345641_01,A:abdominal_cavity,LOCATED_IN,size=20 cm,PMC11345641_01,27,"During surgery, we identified a 20 cm tumor in the abdominal cavity, covered by the greater omentum and prone to bleeding, with complex, primarily mucous internal tissue"
P:PMC11345641_01,A:omentum,LOCATED_IN,size=20 cm,PMC11345641_01,27,"During surgery, we identified a 20 cm tumor in the abdominal cavity, covered by the greater omentum and prone to bleeding, with complex, primarily mucous internal tissue"
P:PMC11345641_01,A:colon,LOCATED_IN,laterality=right,PMC11345641_01,28,"The tumor encased parts of the ascending and transverse colon, as well as the ileum, and extended through the right peritoneum to the right rectus abdominis muscle"
P:PMC11345641_01,A:ileum,LOCATED_IN,laterality=right,PMC11345641_01,28,"The tumor encased parts of the ascending and transverse colon, as well as the ileum, and extended through the right peritoneum to the right rectus abdominis muscle"
P:PMC11345641_01,A:peritoneum,LOCATED_IN,laterality=right,PMC11345641_01,28,"The tumor encased parts of the ascending and transverse colon, as well as the ileum, and extended through the right peritoneum to the right rectus abdominis muscle"
P:PMC11345641_01,A:rectus_abdominis,LOCATED_IN,laterality=right,PMC11345641_01,28,"The tumor encased parts of the ascending and transverse colon, as well as the ileum, and extended through the right peritoneum to the right rectus abdominis muscle"
P:PMC11345641_01,A:colon,LOCATED_IN,size=3 cm; size=7 cm,PMC11345641_01,29,"Additional tumors up to 3 cm in diameter were found on the small intestine and descending colon, and larger tumors up to 7 cm were present in the pelvis"
P:PMC11345641_01,A:pelvis,LOCATED_IN,size=3 cm; size=7 cm,PMC11345641_01,29,"Additional tumors up to 3 cm in diameter were found on the small intestine and descending colon, and larger tumors up to 7 cm were present in the pelvis"
P:PMC11345641_01,A:lymph_nodes,LOCATED_IN,size=4 cm,PMC11345641_01,30,"Enlarged retroperitoneal lymph nodes were noted, the largest measuring 4 cm"
P:PMC11345641_01,A:colon,LOCATED_IN,laterality=right,PMC11345641_01,34,"Microscopic analysis confirmed undifferentiated sarcomas in the abdominal and pelvic masses, with tumor involvement noted in the right colon, part of the ileum, mesentery and its lymph nodes, omentum, and appendix ( Figure 5 )"
P:PMC11345641_01,A:ileum,LOCATED_IN,laterality=right,PMC11345641_01,34,"Microscopic analysis confirmed undifferentiated sarcomas in the abdominal and pelvic masses, with tumor involvement noted in the right colon, part of the ileum, mesentery and its lymph nodes, omentum, and appendix ( Figure 5 )"
P:PMC11345641_01,A:mesentery,LOCATED_IN,laterality=right,PMC11345641_01,34,"Microscopic analysis confirmed undifferentiated sarcomas in the abdominal and pelvic masses, with tumor involvement noted in the right colon, part of the ileum, mesentery and its lymph nodes, omentum, and appendix ( Figure 5 )"
P:PMC11345641_01,A:lymph_nodes,LOCATED_IN,laterality=right,PMC11345641_01,34,"Microscopic analysis confirmed undifferentiated sarcomas in the abdominal and pelvic masses, with tumor involvement noted in the right colon, part of the ileum, mesentery and its lymph nodes, omentum, and appendix ( Figure 5 )"
P:PMC11345641_01,A:omentum,LOCATED_IN,laterality=right,PMC11345641_01,34,"Microscopic analysis confirmed undifferentiated sarcomas in the abdominal and pelvic masses, with tumor involvement noted in the right colon, part of the ileum, mesentery and its lymph nodes, omentum, and appendix ( Figure 5 )"
P:PMC11345641_01,A:appendix,LOCATED_IN,laterality=right,PMC11345641_01,34,"Microscopic analysis confirmed undifferentiated sarcomas in the abdominal and pelvic masses, with tumor involvement noted in the right colon, part of the ileum, mesentery and its lymph nodes, omentum, and appendix ( Figure 5 )"
P:PMC11345641_01,D:pleural_effusion,DIAGNOSED_WITH,laterality=right,PMC11345641_01,35,"Postoperatively, the patient experienced pleural effusion, right hydronephrosis, and poor incision healing"
P:PMC11345641_01,D:hydronephrosis,DIAGNOSED_WITH,laterality=right,PMC11345641_01,35,"Postoperatively, the patient experienced pleural effusion, right hydronephrosis, and poor incision healing"
P:PMC11723754_01,A:spinal_cord,LOCATED_IN,,PMC11723754_01,1,Seven-month-old elsewhere operated case of traumatic spinal cord injury (cause: fall from height) with neurogenic bowel and bladder with Grade III pressure injury over sacral region
P:PMC11723754_01,D:neurogenic_bowel,LOCATED_IN,,PMC11723754_01,1,Seven-month-old elsewhere operated case of traumatic spinal cord injury (cause: fall from height) with neurogenic bowel and bladder with Grade III pressure injury over sacral region
P:PMC11723754_01,E:blood_pressure,UNDERWENT_EXAM,,PMC11723754_01,6,"During the course of his hospitalisation, three weeks post admission, the patient developed a fall in blood pressure along with increased respiratory rate"
P:PMC11723754_01,E:respiratory_rate,UNDERWENT_EXAM,,PMC11723754_01,6,"During the course of his hospitalisation, three weeks post admission, the patient developed a fall in blood pressure along with increased respiratory rate"
P:PMC11723754_01,Pr:resuscitation,UNDERWENT_EXAM,,PMC11723754_01,7,The condition of the patient was assessed and fluid resuscitation was started in the ward itself
P:PMC11723754_01,R:syndrome,MENTIONS,,PMC11723754_01,8,"There was no improvement in his BP despite fluid resuscitation, due to which inotropic drugs were started to maintain BP and to prevent multiple organ dysfunction syndrome (MODS)"
P:PMC11723754_01,R:shock,DIAGNOSED_WITH,,PMC11723754_01,11,The patient was transferred to the ICU for further care and was diagnosed with septicaemia with septic shock
P:PMC11723754_01,Pr:resuscitation,UNDERWENT_EXAM,,PMC11723754_01,13,"Patient was treated aggressively with fluid resuscitation, with strict input output monitoring, inotropic Noradrenaline"
P:PMC11723754_01,E:liver_function_tests,UNDERWENT_EXAM,,PMC11723754_01,16,"After stabilisation in ICU, he was then managed in the PMR ward during which renal and liver function tests normalised, total count decreased, blood and urine cultures were sterile"
P:PMC11723754_01,A:blood,LOCATED_IN,,PMC11723754_01,16,"After stabilisation in ICU, he was then managed in the PMR ward during which renal and liver function tests normalised, total count decreased, blood and urine cultures were sterile"
P:PMC11723754_01,A:urine,LOCATED_IN,,PMC11723754_01,16,"After stabilisation in ICU, he was then managed in the PMR ward during which renal and liver function tests normalised, total count decreased, blood and urine cultures were sterile"
P:PMC11723754_01,A:granulation_tissue,LOCATED_IN,,PMC11723754_01,19,"Patient was discharged with stable vitals, healthy pressure injuries having granulation tissue and a decreased surface area"
P:PMC11723754_01,A:hip,LOCATED_IN,laterality=bilateral,PMC11723754_01,20,Patient was given bilateral hip knee ankle foot orthosis (HKAFO) for therapeutic standing and home-based neurorehabilitation program.
P:PMC11723754_01,A:knee,LOCATED_IN,laterality=bilateral,PMC11723754_01,20,Patient was given bilateral hip knee ankle foot orthosis (HKAFO) for therapeutic standing and home-based neurorehabilitation program.
P:PMC11723754_01,A:ankle,LOCATED_IN,laterality=bilateral,PMC11723754_01,20,Patient was given bilateral hip knee ankle foot orthosis (HKAFO) for therapeutic standing and home-based neurorehabilitation program.
P:PMC11723754_01,A:foot,LOCATED_IN,laterality=bilateral,PMC11723754_01,20,Patient was given bilateral hip knee ankle foot orthosis (HKAFO) for therapeutic standing and home-based neurorehabilitation program.
P:PMC11783470_01,A:melena,LOCATED_IN,,PMC11783470_01,3,"She denied dysphagia, odynophagia, heartburn, nausea, vomiting, abdominal pain, altered bowel habits, melena, hematochezia, and unintentional weight loss"
P:PMC11783470_01,S:weight_loss,PRESENTS_WITH,,PMC11783470_01,3,"She denied dysphagia, odynophagia, heartburn, nausea, vomiting, abdominal pain, altered bowel habits, melena, hematochezia, and unintentional weight loss"
P:PMC11783470_01,E:physical_examination,UNDERWENT_EXAM,,PMC11783470_01,5,Physical examination was unrevealing with the exception of mild conjunctival pallor
P:PMC11783470_01,S:pallor,PRESENTS_WITH,,PMC11783470_01,5,Physical examination was unrevealing with the exception of mild conjunctival pallor
P:PMC11783470_01,M:iron,TAKES,dosage=11.5 g; dosage=76 mcg; value=200 ng/mL,PMC11783470_01,6,"Laboratory data: hemoglobin 11.5 g/dL, transferrin saturation 12.8%, ferritin 200 ng/mL, and iron 76 mcg/dL"
P:PMC11783470_01,M:iron,TAKES,,PMC11783470_01,7,"Despite the normal ferritin level, the low transferrin saturation <20% was in favor of iron deficiency and the patient underwent esophagogastroduodenoscopy (EGD) and colonoscopy at a different institution for evaluation of IDA"
P:PMC11783470_01,E:colonoscopy,UNDERWENT_EXAM,,PMC11783470_01,7,"Despite the normal ferritin level, the low transferrin saturation <20% was in favor of iron deficiency and the patient underwent esophagogastroduodenoscopy (EGD) and colonoscopy at a different institution for evaluation of IDA"
P:PMC11783470_01,E:biopsy,UNDERWENT_EXAM,,PMC11783470_01,8,A 7-mm fundic lesion was identified during EGD; the lesion was biopsied and 2 hemostatic clips were placed due to oozing at the biopsy site (Image 1)
P:PMC11783470_01,E:biopsy,UNDERWENT_EXAM,,PMC11783470_01,9,"Biopsy of the gastric lesion demonstrated well-circumscribed proliferation of chief cells arranged in small, tight tubules, consistent with an OGA"
P:PMC11783470_01,A:cells,LOCATED_IN,,PMC11783470_01,9,"Biopsy of the gastric lesion demonstrated well-circumscribed proliferation of chief cells arranged in small, tight tubules, consistent with an OGA"
P:PMC11783470_01,E:diagnosis,UNDERWENT_EXAM,,PMC11783470_01,13,The excised specimen was consistent with the known diagnosis of OGA (Image 2)
P:PMC11783470_01,D:menorrhagia,DIAGNOSED_WITH,,PMC11783470_01,14,"Given the absence of menorrhagia and negative bidirectional endoscopy, the patient was advised to follow up at the gastroenterology clinic and discuss video capsule endoscopy to exclude small intestinal causes of anemia"
P:PMC11783470_01,E:endoscopy,UNDERWENT_EXAM,,PMC11783470_01,14,"Given the absence of menorrhagia and negative bidirectional endoscopy, the patient was advised to follow up at the gastroenterology clinic and discuss video capsule endoscopy to exclude small intestinal causes of anemia"
P:PMC11783470_01,E:capsule_endoscopy,UNDERWENT_EXAM,,PMC11783470_01,14,"Given the absence of menorrhagia and negative bidirectional endoscopy, the patient was advised to follow up at the gastroenterology clinic and discuss video capsule endoscopy to exclude small intestinal causes of anemia"
P:PMC11783470_01,D:anemia,DIAGNOSED_WITH,,PMC11783470_01,14,"Given the absence of menorrhagia and negative bidirectional endoscopy, the patient was advised to follow up at the gastroenterology clinic and discuss video capsule endoscopy to exclude small intestinal causes of anemia"
P:PMC11722600_01,Pr:cesarean_section,UNDERWENT_EXAM,laterality=right,PMC11722600_01,1,"A 41-year-old female with a history of cesarean section presented to the emergency department with continuous abdominal pain for 12 h, localized in the right iliac fossa (RIF)"
P:PMC11722600_01,S:abdominal_pain,PRESENTS_WITH,laterality=right,PMC11722600_01,1,"A 41-year-old female with a history of cesarean section presented to the emergency department with continuous abdominal pain for 12 h, localized in the right iliac fossa (RIF)"
P:PMC11722600_01,E:physical_examination,UNDERWENT_EXAM,,PMC11722600_01,5,"Physical examination revealed abdominal pain in RIF, with localized tenderness in the RIF but no rebound tenderness was found"
P:PMC11722600_01,S:abdominal_pain,PRESENTS_WITH,,PMC11722600_01,5,"Physical examination revealed abdominal pain in RIF, with localized tenderness in the RIF but no rebound tenderness was found"
P:PMC11722600_01,A:blood_cells,LOCATED_IN,dosage=55 mg; dosage=5 mg; size=29 mm; size=20 mm,PMC11722600_01,7,"Laboratory results showed white blood cells at 8800/mm3 (normal range (NR) 3800-10,000/mm3), C-reactive protein (CRP) at 55 mg/L (NR <5 mg/L), erythrocyte sedimentation rate at 29 mm/h (NR 3-20 mm/h), negative chorionic gonadotropin, and other values within normality"
P:PMC11722600_01,M:chorionic_gonadotropin,TAKES,dosage=55 mg; dosage=5 mg; size=29 mm; size=20 mm,PMC11722600_01,7,"Laboratory results showed white blood cells at 8800/mm3 (normal range (NR) 3800-10,000/mm3), C-reactive protein (CRP) at 55 mg/L (NR <5 mg/L), erythrocyte sedimentation rate at 29 mm/h (NR 3-20 mm/h), negative chorionic gonadotropin, and other values within normality"
P:PMC11722600_01,A:appendix,LOCATED_IN,size=8 mm; size=4 cm; laterality=right,PMC11722600_01,9,"Abdominal CT with intravenous contrast (Image 1A, Image 1B) revealed an enlarged cecal appendix measuring 8 mm in thickness with inflammatory changes, and an enlarged right ovary measuring 4 cm"
P:PMC11722600_01,A:ovary,LOCATED_IN,size=8 mm; size=4 cm; laterality=right,PMC11722600_01,9,"Abdominal CT with intravenous contrast (Image 1A, Image 1B) revealed an enlarged cecal appendix measuring 8 mm in thickness with inflammatory changes, and an enlarged right ovary measuring 4 cm"
P:PMC11722600_01,D:appendicitis,LOCATED_IN,laterality=right,PMC11722600_01,10,"Laparoscopic exploration was decided, which revealed phlegmonous appendicitis without peritonitis, showing the appendix swollen, erythematous and thickened, with purulent material in the lumen and fibrinous exudates on the serial surface; and concurrent inflammatory congestion of the right fallopian tube"
P:PMC11722600_01,Pr:appendectomy,UNDERWENT_EXAM,laterality=right,PMC11722600_01,11,"A laparoscopic appendectomy was performed successfully, and gynecology was consulted for a right salpingectomy due to the inflammatory process"
P:PMC11722600_01,Pr:salpingectomy,UNDERWENT_EXAM,laterality=right,PMC11722600_01,11,"A laparoscopic appendectomy was performed successfully, and gynecology was consulted for a right salpingectomy due to the inflammatory process"
P:PMC11722600_01,A:appendix,LOCATED_IN,,PMC11722600_01,14,"Histopathology of the appendix describes the presence of ectopic endometrial stroma within the muscularis layer of the appendix, a hallmark of endometriosis; it revealedsigns of recent bleeding that suggests active involvement, consistent with one of the characteristic features of endometriotic tissue, which includes hemorrhage from ectopic endometrial glands and stroma; it also described endometrial stroma within the muscular layer (Image 2, Image 3, Image 4)"
P:PMC11722600_01,D:endometriosis,LOCATED_IN,,PMC11722600_01,14,"Histopathology of the appendix describes the presence of ectopic endometrial stroma within the muscularis layer of the appendix, a hallmark of endometriosis; it revealedsigns of recent bleeding that suggests active involvement, consistent with one of the characteristic features of endometriotic tissue, which includes hemorrhage from ectopic endometrial glands and stroma; it also described endometrial stroma within the muscular layer (Image 2, Image 3, Image 4)"
P:PMC11722600_01,R:hemorrhage,DIAGNOSED_WITH,,PMC11722600_01,14,"Histopathology of the appendix describes the presence of ectopic endometrial stroma within the muscularis layer of the appendix, a hallmark of endometriosis; it revealedsigns of recent bleeding that suggests active involvement, consistent with one of the characteristic features of endometriotic tissue, which includes hemorrhage from ectopic endometrial glands and stroma; it also described endometrial stroma within the muscular layer (Image 2, Image 3, Image 4)"
P:PMC11722600_02,D:endometriosis,HAS_HISTORY,,PMC11722600_02,1,"A 44-year-old female with a history of endometriosis on hormonal treatment, previous surgeries including two cesarean sections and a laparoscopic exploration with resection of pelvic endometriotic foci two years prior, presented with abdominal pain for 72 h, initially in the epigastrium and later localized in RIF, associated with oral intolerance"
P:PMC11722600_02,S:abdominal_pain,PRESENTS_WITH,,PMC11722600_02,1,"A 44-year-old female with a history of endometriosis on hormonal treatment, previous surgeries including two cesarean sections and a laparoscopic exploration with resection of pelvic endometriotic foci two years prior, presented with abdominal pain for 72 h, initially in the epigastrium and later localized in RIF, associated with oral intolerance"
P:PMC11722600_02,E:physical_examination,UNDERWENT_EXAM,,PMC11722600_02,4,"Physical examination showed abdominal pain in RIF, with localized tenderness and positive McBurney's sign"
P:PMC11722600_02,S:abdominal_pain,PRESENTS_WITH,,PMC11722600_02,4,"Physical examination showed abdominal pain in RIF, with localized tenderness and positive McBurney's sign"
P:PMC11722600_02,D:leukocytosis,DIAGNOSED_WITH,dosage=85 mg; dosage=5 mg; value=5 mg/dL,PMC11722600_02,6,"Laboratory tests indicated leukocytosis with 17,200/mm3 white blood cells (NR 3800-10,000/mm3), CRP at 85 mg/L (NR <5 mg/dL)"
P:PMC11722600_02,A:blood_cells,LOCATED_IN,dosage=85 mg; dosage=5 mg; value=5 mg/dL,PMC11722600_02,6,"Laboratory tests indicated leukocytosis with 17,200/mm3 white blood cells (NR 3800-10,000/mm3), CRP at 85 mg/L (NR <5 mg/dL)"
P:PMC11722600_02,E:diagnosis,UNDERWENT_EXAM,size=17 mm,PMC11722600_02,7,"A presumptive diagnosis of acute appendicitis was made, and an abdominal and pelvic CT revealed an enlarged cecal appendix measuring 17 mm in diameter with marked inflammatory process around the cecum and terminal ileum, suggestive of an appendiceal phlegmon"
P:PMC11722600_02,D:appendicitis,DIAGNOSED_WITH,size=17 mm,PMC11722600_02,7,"A presumptive diagnosis of acute appendicitis was made, and an abdominal and pelvic CT revealed an enlarged cecal appendix measuring 17 mm in diameter with marked inflammatory process around the cecum and terminal ileum, suggestive of an appendiceal phlegmon"
P:PMC11722600_02,A:appendix,LOCATED_IN,size=17 mm,PMC11722600_02,7,"A presumptive diagnosis of acute appendicitis was made, and an abdominal and pelvic CT revealed an enlarged cecal appendix measuring 17 mm in diameter with marked inflammatory process around the cecum and terminal ileum, suggestive of an appendiceal phlegmon"
P:PMC11722600_02,E:diagnosis,UNDERWENT_EXAM,,PMC11722600_02,8,"With a diagnosis of advanced appendicitis, non-operative treatment with intravenous antibiotics was initially indicated"
P:PMC11722600_02,D:appendicitis,DIAGNOSED_WITH,,PMC11722600_02,8,"With a diagnosis of advanced appendicitis, non-operative treatment with intravenous antibiotics was initially indicated"
P:PMC11722600_02,S:fever,PRESENTS_WITH,aspect=anterior,PMC11722600_02,9,"The evolution was irregular, with fever, increased abdominal pain, tachycardia, and rising acute phase reactants, leading to exploratory laparoscopy which revealed inflammatory process in RIF adhered to the anterior and lateral parietal peritoneum involving the cecum, terminal ileum, and greater omentum"
P:PMC11722600_02,S:abdominal_pain,PRESENTS_WITH,aspect=anterior,PMC11722600_02,9,"The evolution was irregular, with fever, increased abdominal pain, tachycardia, and rising acute phase reactants, leading to exploratory laparoscopy which revealed inflammatory process in RIF adhered to the anterior and lateral parietal peritoneum involving the cecum, terminal ileum, and greater omentum"
P:PMC11722600_02,D:tachycardia,PRESENTS_WITH,aspect=anterior,PMC11722600_02,9,"The evolution was irregular, with fever, increased abdominal pain, tachycardia, and rising acute phase reactants, leading to exploratory laparoscopy which revealed inflammatory process in RIF adhered to the anterior and lateral parietal peritoneum involving the cecum, terminal ileum, and greater omentum"
P:PMC11722600_02,E:laparoscopy,UNDERWENT_EXAM,aspect=anterior,PMC11722600_02,9,"The evolution was irregular, with fever, increased abdominal pain, tachycardia, and rising acute phase reactants, leading to exploratory laparoscopy which revealed inflammatory process in RIF adhered to the anterior and lateral parietal peritoneum involving the cecum, terminal ileum, and greater omentum"
P:PMC11722600_02,A:peritoneum,LOCATED_IN,aspect=anterior,PMC11722600_02,9,"The evolution was irregular, with fever, increased abdominal pain, tachycardia, and rising acute phase reactants, leading to exploratory laparoscopy which revealed inflammatory process in RIF adhered to the anterior and lateral parietal peritoneum involving the cecum, terminal ileum, and greater omentum"
P:PMC11722600_02,A:cecum,LOCATED_IN,aspect=anterior,PMC11722600_02,9,"The evolution was irregular, with fever, increased abdominal pain, tachycardia, and rising acute phase reactants, leading to exploratory laparoscopy which revealed inflammatory process in RIF adhered to the anterior and lateral parietal peritoneum involving the cecum, terminal ileum, and greater omentum"
P:PMC11722600_02,A:ileum,LOCATED_IN,aspect=anterior,PMC11722600_02,9,"The evolution was irregular, with fever, increased abdominal pain, tachycardia, and rising acute phase reactants, leading to exploratory laparoscopy which revealed inflammatory process in RIF adhered to the anterior and lateral parietal peritoneum involving the cecum, terminal ileum, and greater omentum"
P:PMC11722600_02,A:omentum,LOCATED_IN,aspect=anterior,PMC11722600_02,9,"The evolution was irregular, with fever, increased abdominal pain, tachycardia, and rising acute phase reactants, leading to exploratory laparoscopy which revealed inflammatory process in RIF adhered to the anterior and lateral parietal peritoneum involving the cecum, terminal ileum, and greater omentum"
P:PMC11722600_02,D:abscess,DIAGNOSED_WITH,,PMC11722600_02,10,A 75 cc abscess of purulent fluid was drained
P:PMC11722600_02,A:pelvis,LOCATED_IN,laterality=right,PMC11722600_02,12,Two Jackson Pratt (JP) drains were placed in the pelvis and right paracolic space
P:PMC11722600_02,Pr:drainage,UNDERWENT_EXAM,,PMC11722600_02,14,"The patient improved and was discharged after 7 days of admisison; before this a control CT was performed to ensure complete drainage of the periappendiceal collection, as this case presented an atypical scenario for our team"
P:PMC11722600_02,A:appendix,LOCATED_IN,,PMC11722600_02,15,"At 6 months, a follow-up CT (Image 5A, Image 5B) showed an enlarged cecal appendix with a coprolite inside, without acute inflammatory process or collections"
P:PMC11722600_02,Pr:appendectomy,UNDERWENT_EXAM,,PMC11722600_02,16,"Although the patient was asymptomatic, a scheduled laparoscopic appendectomy was suggested due to the persistent enlargement of the appendix, coprolite, and the young age of the patient with a risk of future inflammatory episodes"
P:PMC11722600_02,A:appendix,LOCATED_IN,,PMC11722600_02,16,"Although the patient was asymptomatic, a scheduled laparoscopic appendectomy was suggested due to the persistent enlargement of the appendix, coprolite, and the young age of the patient with a risk of future inflammatory episodes"
P:PMC11722600_02,E:risk,UNDERWENT_EXAM,,PMC11722600_02,16,"Although the patient was asymptomatic, a scheduled laparoscopic appendectomy was suggested due to the persistent enlargement of the appendix, coprolite, and the young age of the patient with a risk of future inflammatory episodes"
P:PMC11722600_02,Pr:appendectomy,UNDERWENT_EXAM,,PMC11722600_02,17,"Laparoscopic appendectomy was performed, revealing a cecal appendix with a significant inflammatory component"
P:PMC11722600_02,A:appendix,LOCATED_IN,,PMC11722600_02,17,"Laparoscopic appendectomy was performed, revealing a cecal appendix with a significant inflammatory component"
P:PMC11722600_02,A:appendix,LOCATED_IN,size=2.5 cm; size=45 mm,PMC11722600_02,18,"The base of the appendix had a diameter of approximately 2.5 cm, requiring the use of a 45 mm blue cutting linear stapler"
P:PMC11722600_02,A:appendix,LOCATED_IN,,PMC11722600_02,20,"Histopathological examination showed a cecal appendix with a coprolite inside its lumen and chronic inflammatory process, with endometrial glands lined by cylindrical cells without atypia in the muscular and serosal layers, lined by normal columnar epithelial cells, a classic histological feature of endometriosis; these were surrounded by fusocellular stromal cells with a spindle shape that resembles the endometrial stroma found in the uterine lining with foci of recent bleeding, that indicates hemorrhage associated with endometrial activity in ectopic location; no malignant lesions were found (Image 6A, Image 6B, Image 7)"
P:PMC11722600_02,A:cells,LOCATED_IN,,PMC11722600_02,20,"Histopathological examination showed a cecal appendix with a coprolite inside its lumen and chronic inflammatory process, with endometrial glands lined by cylindrical cells without atypia in the muscular and serosal layers, lined by normal columnar epithelial cells, a classic histological feature of endometriosis; these were surrounded by fusocellular stromal cells with a spindle shape that resembles the endometrial stroma found in the uterine lining with foci of recent bleeding, that indicates hemorrhage associated with endometrial activity in ectopic location; no malignant lesions were found (Image 6A, Image 6B, Image 7)"
P:PMC11722600_02,A:epithelial_cells,LOCATED_IN,,PMC11722600_02,20,"Histopathological examination showed a cecal appendix with a coprolite inside its lumen and chronic inflammatory process, with endometrial glands lined by cylindrical cells without atypia in the muscular and serosal layers, lined by normal columnar epithelial cells, a classic histological feature of endometriosis; these were surrounded by fusocellular stromal cells with a spindle shape that resembles the endometrial stroma found in the uterine lining with foci of recent bleeding, that indicates hemorrhage associated with endometrial activity in ectopic location; no malignant lesions were found (Image 6A, Image 6B, Image 7)"
P:PMC11722600_02,D:endometriosis,LOCATED_IN,,PMC11722600_02,20,"Histopathological examination showed a cecal appendix with a coprolite inside its lumen and chronic inflammatory process, with endometrial glands lined by cylindrical cells without atypia in the muscular and serosal layers, lined by normal columnar epithelial cells, a classic histological feature of endometriosis; these were surrounded by fusocellular stromal cells with a spindle shape that resembles the endometrial stroma found in the uterine lining with foci of recent bleeding, that indicates hemorrhage associated with endometrial activity in ectopic location; no malignant lesions were found (Image 6A, Image 6B, Image 7)"
P:PMC11722600_02,A:stromal_cells,LOCATED_IN,,PMC11722600_02,20,"Histopathological examination showed a cecal appendix with a coprolite inside its lumen and chronic inflammatory process, with endometrial glands lined by cylindrical cells without atypia in the muscular and serosal layers, lined by normal columnar epithelial cells, a classic histological feature of endometriosis; these were surrounded by fusocellular stromal cells with a spindle shape that resembles the endometrial stroma found in the uterine lining with foci of recent bleeding, that indicates hemorrhage associated with endometrial activity in ectopic location; no malignant lesions were found (Image 6A, Image 6B, Image 7)"
P:PMC11722600_02,R:hemorrhage,UNDERWENT_EXAM,,PMC11722600_02,20,"Histopathological examination showed a cecal appendix with a coprolite inside its lumen and chronic inflammatory process, with endometrial glands lined by cylindrical cells without atypia in the muscular and serosal layers, lined by normal columnar epithelial cells, a classic histological feature of endometriosis; these were surrounded by fusocellular stromal cells with a spindle shape that resembles the endometrial stroma found in the uterine lining with foci of recent bleeding, that indicates hemorrhage associated with endometrial activity in ectopic location; no malignant lesions were found (Image 6A, Image 6B, Image 7)"
P:PMC12215201_01,S:fatigue,PRESENTS_WITH,,PMC12215201_01,1,"A 56-year-old Puerto Rican male with no past medical history originally presented to the emergency department with complaints of 2 months of fatigue, swollen abdomen, decreased appetite, and weight loss"
P:PMC12215201_01,A:abdomen,LOCATED_IN,,PMC12215201_01,1,"A 56-year-old Puerto Rican male with no past medical history originally presented to the emergency department with complaints of 2 months of fatigue, swollen abdomen, decreased appetite, and weight loss"
P:PMC12215201_01,S:weight_loss,PRESENTS_WITH,,PMC12215201_01,1,"A 56-year-old Puerto Rican male with no past medical history originally presented to the emergency department with complaints of 2 months of fatigue, swollen abdomen, decreased appetite, and weight loss"
P:PMC12215201_01,S:pain,PRESENTS_WITH,,PMC12215201_01,2,"He also endorsed pain in his abdomen, which prompted him to seek medical attention"
P:PMC12215201_01,A:abdomen,LOCATED_IN,,PMC12215201_01,2,"He also endorsed pain in his abdomen, which prompted him to seek medical attention"
P:PMC12215201_01,E:physical_examination,UNDERWENT_EXAM,,PMC12215201_01,8,Physical examination revealed a diffusely tender and distended abdomen with shifting dullness indicative of ascites
P:PMC12215201_01,A:abdomen,LOCATED_IN,,PMC12215201_01,8,Physical examination revealed a diffusely tender and distended abdomen with shifting dullness indicative of ascites
P:PMC12215201_01,R:ascites,UNDERWENT_EXAM,,PMC12215201_01,8,Physical examination revealed a diffusely tender and distended abdomen with shifting dullness indicative of ascites
P:PMC12215201_01,E:platelet_count,UNDERWENT_EXAM,dosage=6.1 g; dosage=3.2 mg; dosage=315 IU; dosage=305 IU; dosage=209 IU; dosage=2.6 g; value=3.2 mg/dL,PMC12215201_01,9,"Laboratory results showed hemoglobin 6.1 g/dL, platelet count 63 x 103/mm3, total bilirubin 3.2 mg/dL, alkaline phosphatase 315 IU/L, AST 305 IU/L, ALT 209 IU/L, and albumin 2.6 g/dL"
P:PMC12215201_01,M:bilirubin,TAKES,dosage=6.1 g; dosage=3.2 mg; dosage=315 IU; dosage=305 IU; dosage=209 IU; dosage=2.6 g; value=3.2 mg/dL,PMC12215201_01,9,"Laboratory results showed hemoglobin 6.1 g/dL, platelet count 63 x 103/mm3, total bilirubin 3.2 mg/dL, alkaline phosphatase 315 IU/L, AST 305 IU/L, ALT 209 IU/L, and albumin 2.6 g/dL"
P:PMC12215201_01,A:liver,LOCATED_IN,size=2.1 cm,PMC12215201_01,10,"An abdominal ultrasound performed showed multiple solid masses in the liver, the most extensive one measuring 2.5 x 2.7 x 2.1 cm"
P:PMC12215201_01,A:spleen,LOCATED_IN,size=4.6 cm,PMC12215201_01,11,"The spleen was enlarged and infiltrated with various masses, with very little healthy tissue and at least one discrete mass measuring 4.1 x 3.8 x 4.6 cm"
P:PMC12215201_01,A:abdomen,LOCATED_IN,,PMC12215201_01,12,"He also underwent CT of the abdomen and pelvis with intravenous contrast, which exhibited multiple hypodense lesions in the liver and spleen with the peripheral enhancement of the contrast (Fig. 1) suggestive of metastatic lesions"
P:PMC12215201_01,A:pelvis,LOCATED_IN,,PMC12215201_01,12,"He also underwent CT of the abdomen and pelvis with intravenous contrast, which exhibited multiple hypodense lesions in the liver and spleen with the peripheral enhancement of the contrast (Fig. 1) suggestive of metastatic lesions"
P:PMC12215201_01,A:lung,LOCATED_IN,laterality=bilateral,PMC12215201_01,13,"There was also evidence of involvement of the lung, bilateral kidney, and bones with massive abdominopelvic ascites extending into the presacral region and bilateral pleural effusions"
P:PMC12215201_01,A:kidney,LOCATED_IN,laterality=bilateral,PMC12215201_01,13,"There was also evidence of involvement of the lung, bilateral kidney, and bones with massive abdominopelvic ascites extending into the presacral region and bilateral pleural effusions"
P:PMC12215201_01,R:ascites,MENTIONS,laterality=bilateral,PMC12215201_01,13,"There was also evidence of involvement of the lung, bilateral kidney, and bones with massive abdominopelvic ascites extending into the presacral region and bilateral pleural effusions"
P:PMC12215201_01,A:blood_cells,LOCATED_IN,,PMC12215201_01,14,"The patient received packed red blood cells and platelets for worsening anemia and thrombocytopenia, respectively, during his hospital stay"
P:PMC12215201_01,D:anemia,DIAGNOSED_WITH,,PMC12215201_01,14,"The patient received packed red blood cells and platelets for worsening anemia and thrombocytopenia, respectively, during his hospital stay"
P:PMC12215201_01,D:thrombocytopenia,DIAGNOSED_WITH,,PMC12215201_01,14,"The patient received packed red blood cells and platelets for worsening anemia and thrombocytopenia, respectively, during his hospital stay"
P:PMC12215201_01,E:paracentesis,UNDERWENT_EXAM,,PMC12215201_01,15,The patient underwent paracentesis twice with removal of 5.2 L and 6.1 L bloody ascitic fluid
P:PMC12215201_01,A:ascitic_fluid,LOCATED_IN,,PMC12215201_01,15,The patient underwent paracentesis twice with removal of 5.2 L and 6.1 L bloody ascitic fluid
P:PMC12215201_01,A:ascitic_fluid,LOCATED_IN,dosage=1 g; dosage=2 g; dosage=1.1 g,PMC12215201_01,16,"The ascitic fluid protein was 1 g/dL and 2 g/dL with serum ascitic albumin gradient (SAAG) of 1 g/dL and 1.1 g/dL, respectively, indicating exudative ascites"
P:PMC12215201_01,A:serum,LOCATED_IN,dosage=1 g; dosage=2 g; dosage=1.1 g,PMC12215201_01,16,"The ascitic fluid protein was 1 g/dL and 2 g/dL with serum ascitic albumin gradient (SAAG) of 1 g/dL and 1.1 g/dL, respectively, indicating exudative ascites"
P:PMC12215201_01,R:ascites,MENTIONS,dosage=1 g; dosage=2 g; dosage=1.1 g,PMC12215201_01,16,"The ascitic fluid protein was 1 g/dL and 2 g/dL with serum ascitic albumin gradient (SAAG) of 1 g/dL and 1.1 g/dL, respectively, indicating exudative ascites"
P:PMC12215201_01,A:duodenum,LOCATED_IN,,PMC12215201_01,19,Esophagogastroduodenoscopy demonstrated multiple erythematous nodular lesions in the gastric body (Fig. 2) and duodenum (Fig. 3)
P:PMC12215201_01,E:capsule_endoscopy,UNDERWENT_EXAM,,PMC12215201_01,21,Video capsule endoscopy showed numerous metastatic lesions seen throughout the stomach and small bowel
P:PMC12215201_01,A:stomach,LOCATED_IN,,PMC12215201_01,21,Video capsule endoscopy showed numerous metastatic lesions seen throughout the stomach and small bowel
P:PMC12215201_01,D:thrombocytopenia,DIAGNOSED_WITH,,PMC12215201_01,22,The patient received more platelet transfusions for worsening thrombocytopenia
P:PMC12215201_01,A:liver,LOCATED_IN,,PMC12215201_01,23,"The patient underwent liver biopsy, which showed small aggregates of anastomosing vascular channels with highly atypical cells suggestive of angiosarcoma (Fig. 4)"
P:PMC12215201_01,E:biopsy,UNDERWENT_EXAM,,PMC12215201_01,23,"The patient underwent liver biopsy, which showed small aggregates of anastomosing vascular channels with highly atypical cells suggestive of angiosarcoma (Fig. 4)"
P:PMC12215201_01,A:cells,LOCATED_IN,,PMC12215201_01,24,Tumor cells were positive for CD-34 (Fig. 5) and focally positive for factor VIII (Fig. 6)
P:PMC12215201_01,M:factor_viii,TAKES,,PMC12215201_01,24,Tumor cells were positive for CD-34 (Fig. 5) and focally positive for factor VIII (Fig. 6)
P:PMC12215201_01,Pr:drainage,UNDERWENT_EXAM,,PMC12215201_01,26,He continued to have worsening sanguineous drainage from the catheter
P:PMC12215201_01,D:disseminated_intravascular_coagulation,DIAGNOSED_WITH,,PMC12215201_01,27,"Unfortunately, the patient developed disseminated intravascular coagulation as a complication and suffered a cardiac arrest 2 weeks later following which he could not be revived."
P:PMC12832199_01,D:obesity,PRESENTS_WITH,,PMC12832199_01,1,A 57-year-old female with obesity presented to our emergency department with upper abdominal pain and vomiting
P:PMC12832199_01,S:abdominal_pain,PRESENTS_WITH,,PMC12832199_01,1,A 57-year-old female with obesity presented to our emergency department with upper abdominal pain and vomiting
P:PMC12832199_01,S:vomiting,PRESENTS_WITH,,PMC12832199_01,1,A 57-year-old female with obesity presented to our emergency department with upper abdominal pain and vomiting
P:PMC12832199_01,S:vomiting,PRESENTS_WITH,,PMC12832199_01,2,She had experienced multiple episodes of vomiting over the preceding 2 days and was unable to maintain adequate oral intake
P:PMC12832199_01,R:disease,MENTIONS,laterality=bilateral,PMC12832199_01,3,"She had a significant medical history of Buerger's disease, which resulted in bilateral below-knee amputations, central adrenal insufficiency managed with corticosteroids, and multiple abdominal surgeries"
P:PMC12832199_01,D:adrenal_insufficiency,LOCATED_IN,laterality=bilateral,PMC12832199_01,3,"She had a significant medical history of Buerger's disease, which resulted in bilateral below-knee amputations, central adrenal insufficiency managed with corticosteroids, and multiple abdominal surgeries"
P:PMC12832199_01,Pr:colostomy,UNDERWENT_EXAM,laterality=left,PMC12832199_01,4,"Three years earlier, she underwent a left hemicolectomy with transverse colostomy for ischemic colitis"
P:PMC12832199_01,D:colitis,DIAGNOSED_WITH,laterality=left,PMC12832199_01,4,"Three years earlier, she underwent a left hemicolectomy with transverse colostomy for ischemic colitis"
P:PMC12832199_01,R:prolapse,MENTIONS,,PMC12832199_01,5,"Since then, she experienced recurrent stoma prolapse, which required colonic resections and stoma revisions at 1 year and 3 months prior to presentation (Fig. 1)"
P:PMC12832199_01,A:abdomen,LOCATED_IN,,PMC12832199_01,6,"On arrival, the abdomen around the stoma was distended with mild tenderness"
P:PMC12832199_01,D:pneumonia,DIAGNOSED_WITH,,PMC12832199_01,7,She was dehydrated and hypoxemic because of aspiration pneumonia
P:PMC12832199_01,D:leukocytosis,DIAGNOSED_WITH,dosage=9.6 g; dosage=2.8 g; dosage=2.2 mg; value=2.2 mg/dL,PMC12832199_01,8,"Laboratory investigations revealed leukocytosis (white blood cell count, 26000/muL), anemia (hemoglobin, 9.6 g/dL), hypoalbuminemia (2.8 g/dL), and acute kidney injury (creatinine, 2.2 mg/dL)"
P:PMC12832199_01,E:blood_cell_count,UNDERWENT_EXAM,dosage=9.6 g; dosage=2.8 g; dosage=2.2 mg; value=2.2 mg/dL,PMC12832199_01,8,"Laboratory investigations revealed leukocytosis (white blood cell count, 26000/muL), anemia (hemoglobin, 9.6 g/dL), hypoalbuminemia (2.8 g/dL), and acute kidney injury (creatinine, 2.2 mg/dL)"
P:PMC12832199_01,D:anemia,DIAGNOSED_WITH,dosage=9.6 g; dosage=2.8 g; dosage=2.2 mg; value=2.2 mg/dL,PMC12832199_01,8,"Laboratory investigations revealed leukocytosis (white blood cell count, 26000/muL), anemia (hemoglobin, 9.6 g/dL), hypoalbuminemia (2.8 g/dL), and acute kidney injury (creatinine, 2.2 mg/dL)"
P:PMC12832199_01,D:hypoalbuminemia,DIAGNOSED_WITH,dosage=9.6 g; dosage=2.8 g; dosage=2.2 mg; value=2.2 mg/dL,PMC12832199_01,8,"Laboratory investigations revealed leukocytosis (white blood cell count, 26000/muL), anemia (hemoglobin, 9.6 g/dL), hypoalbuminemia (2.8 g/dL), and acute kidney injury (creatinine, 2.2 mg/dL)"
P:PMC12832199_01,D:acute_kidney_injury,DIAGNOSED_WITH,dosage=9.6 g; dosage=2.8 g; dosage=2.2 mg; value=2.2 mg/dL,PMC12832199_01,8,"Laboratory investigations revealed leukocytosis (white blood cell count, 26000/muL), anemia (hemoglobin, 9.6 g/dL), hypoalbuminemia (2.8 g/dL), and acute kidney injury (creatinine, 2.2 mg/dL)"
P:PMC12832199_01,D:gastric_outlet_obstruction,LOCATED_IN,,PMC12832199_01,9,"CT revealed marked gastric distention secondary to incarceration within the parastomal hernial sac, with evidence of gastric outlet obstruction (Fig. 2)"
P:PMC12832199_01,D:pneumonia,DIAGNOSED_WITH,,PMC12832199_01,11,"In addition, pulmonary consolidation consistent with aspiration pneumonia was observed"
P:PMC12832199_01,Pr:decompression,UNDERWENT_EXAM,,PMC12832199_01,12,"After stabilization of the patient's general condition with intravenous fluids, nasogastric decompression was achieved via gastric tube placement, and she was started on antibiotic therapy and a proton pump inhibitor"
P:PMC12832199_01,S:abdominal_pain,PRESENTS_WITH,,PMC12832199_01,14,"Her abdominal pain and distension improved, and no peritoneal signs were observed"
P:PMC12832199_01,E:risk,UNDERWENT_EXAM,,PMC12832199_01,16,"Based on these clinical and laboratory findings, we judged that the risk of gastric perforation or ischemic necrosis was low"
P:PMC12832199_01,R:necrosis,MENTIONS,,PMC12832199_01,16,"Based on these clinical and laboratory findings, we judged that the risk of gastric perforation or ischemic necrosis was low"
P:PMC12832199_01,R:hernia,MENTIONS,,PMC12832199_01,17,"Therefore, after confirming clinical stability, elective parastomal hernia repair was planned"
P:PMC12832199_01,R:prolapse,MENTIONS,laterality=right,PMC12832199_01,18,"Given her history of multiple colonic resections for stoma prolapse, further colonic resection and relocation of the stoma to the right side would have risked excessive shortening of the colon, potentially leading to a high-output stoma"
P:PMC12832199_01,A:colon,LOCATED_IN,laterality=right,PMC12832199_01,18,"Given her history of multiple colonic resections for stoma prolapse, further colonic resection and relocation of the stoma to the right side would have risked excessive shortening of the colon, potentially leading to a high-output stoma"
P:PMC12832199_01,R:prolapse,MENTIONS,,PMC12832199_01,19,"In addition, we were concerned about the possibility of recurrent stoma prolapse due to sagging of the remaining colon"
P:PMC12832199_01,A:colon,LOCATED_IN,,PMC12832199_01,19,"In addition, we were concerned about the possibility of recurrent stoma prolapse due to sagging of the remaining colon"
P:PMC12832199_01,R:prolapse,MENTIONS,,PMC12832199_01,20,"Considering these factors, the laparoscopic Sugarbaker technique was deemed the most appropriate option to prevent both recurrent parastomal herniation and stoma prolapse"
P:PMC12832199_01,A:stomach,LOCATED_IN,,PMC12832199_01,22,"Intraoperatively, the stomach was drawn into the parastomal hernial sac through traction of the gastrocolic ligament (Fig. 3)"
P:PMC12832199_01,Pr:traction,UNDERWENT_EXAM,,PMC12832199_01,22,"Intraoperatively, the stomach was drawn into the parastomal hernial sac through traction of the gastrocolic ligament (Fig. 3)"
P:PMC12832199_01,A:stomach,LOCATED_IN,laterality=left,PMC12832199_01,23,"Reduction of the incarcerated stomach was challenging; therefore, the left gastrocolic ligament adjacent to the stoma was divided to facilitate reduction"
P:PMC12832199_01,A:stomach,LOCATED_IN,,PMC12832199_01,24,"Subsequently, the gastrocolic ligament was further divided, and the stomach was dissected from the mesocolon to maintain a safe distance from the stoma and prevent further traction by the colon"
P:PMC12832199_01,A:mesocolon,LOCATED_IN,,PMC12832199_01,24,"Subsequently, the gastrocolic ligament was further divided, and the stomach was dissected from the mesocolon to maintain a safe distance from the stoma and prevent further traction by the colon"
P:PMC12832199_01,Pr:traction,UNDERWENT_EXAM,,PMC12832199_01,24,"Subsequently, the gastrocolic ligament was further divided, and the stomach was dissected from the mesocolon to maintain a safe distance from the stoma and prevent further traction by the colon"
P:PMC12832199_01,A:colon,LOCATED_IN,,PMC12832199_01,24,"Subsequently, the gastrocolic ligament was further divided, and the stomach was dissected from the mesocolon to maintain a safe distance from the stoma and prevent further traction by the colon"
P:PMC12832199_01,A:abdominal_wall,LOCATED_IN,,PMC12832199_01,26,"The defect was closed using a running barbed suture to eliminate potential space between the abdominal wall and the elevated bowel and mesentery, while avoiding excessive tension to preserve mesenteric perfusion"
P:PMC12832199_01,A:mesentery,LOCATED_IN,,PMC12832199_01,26,"The defect was closed using a running barbed suture to eliminate potential space between the abdominal wall and the elevated bowel and mesentery, while avoiding excessive tension to preserve mesenteric perfusion"
P:PMC12832199_01,E:perfusion,UNDERWENT_EXAM,,PMC12832199_01,26,"The defect was closed using a running barbed suture to eliminate potential space between the abdominal wall and the elevated bowel and mesentery, while avoiding excessive tension to preserve mesenteric perfusion"
P:PMC12832199_01,A:colon,LOCATED_IN,aspect=proximal,PMC12832199_01,29,"The mesh also covered the proximal colon, and the portion in contact with the stoma and proximal colon was folded so that the visceral (intraperitoneal) surface faced inward (Fig. 4)"
P:PMC12832199_01,Pr:operative_time,UNDERWENT_EXAM,,PMC12832199_01,30,Operative time was 191 min with minimal blood loss
P:PMC12832199_01,A:blood,LOCATED_IN,,PMC12832199_01,30,Operative time was 191 min with minimal blood loss
P:PMC12832199_01,E:endoscopy,UNDERWENT_EXAM,,PMC12832199_01,32,"Endoscopy performed on day 27 revealed chronic gastritis and linear duodenal ulceration, likely ischemic in origin, and severe esophagitis secondary to reflux"
P:PMC12832199_01,D:gastritis,LOCATED_IN,,PMC12832199_01,32,"Endoscopy performed on day 27 revealed chronic gastritis and linear duodenal ulceration, likely ischemic in origin, and severe esophagitis secondary to reflux"
P:PMC12832199_01,D:esophagitis,LOCATED_IN,,PMC12832199_01,32,"Endoscopy performed on day 27 revealed chronic gastritis and linear duodenal ulceration, likely ischemic in origin, and severe esophagitis secondary to reflux"
P:PMC12832199_01,A:colon,LOCATED_IN,,PMC12832199_01,35,"Only the elevated colon and its mesentery were seen protruding through the abdominal wall as the stoma, and no recurrence of the parastomal hernia was identified"
P:PMC12832199_01,A:mesentery,LOCATED_IN,,PMC12832199_01,35,"Only the elevated colon and its mesentery were seen protruding through the abdominal wall as the stoma, and no recurrence of the parastomal hernia was identified"
P:PMC12832199_01,A:abdominal_wall,LOCATED_IN,,PMC12832199_01,35,"Only the elevated colon and its mesentery were seen protruding through the abdominal wall as the stoma, and no recurrence of the parastomal hernia was identified"
